A menuDraw af80a222
A f0 {"st":"playing","w":1,"sc":0,"hp":100,"p":[480.222,270,13.333,0,0],"e":[],"b":[],"pop":[],"par":0,"own":"{}","ch":[],"best":0}
A f0 draw 9034eaed
A f20 {"st":"playing","w":1,"sc":0,"hp":100,"p":[528.556,270,220,0,0],"e":[],"b":[],"pop":[],"par":0,"own":"{}","ch":[],"best":0}
A f40 {"st":"playing","w":1,"sc":0,"hp":100,"p":[601.889,270,220,0,0],"e":[],"b":[],"pop":[],"par":0,"own":"{}","ch":[],"best":0}
A f60 {"st":"playing","w":1,"sc":0,"hp":100,"p":[675.222,270,220,0,0.166],"e":[[414.422,-13.784,120,90],[221.764,554.401,120,90],[973.041,319.81,120,90]],"b":[[714.967,277.173]],"pop":[],"par":0,"own":"{}","ch":[],"best":0}
A f80 {"st":"playing","w":1,"sc":0,"hp":100,"p":[743.889,274.667,140,80,0.195],"e":[[436.139,6.888,120,90],[247.737,539.4,120,90],[943.575,314.185,120,90]],"b":[[872.827,303.255]],"pop":[],"par":0,"own":"{}","ch":[],"best":0}
A f100 {"st":"playing","w":1,"sc":0,"hp":100,"p":[755,336.889,0,220,-0.15],"e":[[458.035,27.376,120,90],[274.93,526.769,120,90],[913.78,312.865,100,90]],"b":[],"pop":[10,10],"par":0,"own":"{}","ch":[],"best":0}
A f120 {"st":"playing","w":1,"sc":0,"hp":100,"p":[755,410.222,0,220,-0.582],"e":[[477.498,50.187,120,90],[303.534,517.81,120,90],[886.158,323.962,90,90]],"b":[],"pop":[10,10,10],"par":0,"own":"{}","ch":[],"best":0}
A f140 {"st":"playing","w":1,"sc":0,"hp":100,"p":[755,483.556,0,220,-0.903],"e":[[494.635,74.799,120,90],[333.165,513.34,120,90],[864.542,344.581,90,90]],"b":[[812.248,400.085]],"pop":[10,10],"par":0,"own":"{}","ch":[],"best":0}
A f150 draw ea377a2c
A f160 {"st":"playing","w":1,"sc":0,"hp":100,"p":[740.333,522,-146.667,0,-0.957],"e":[[509.813,100.67,120,90],[363.153,513.342,120,90],[847.854,369.496,80,90],[433.304,-9.529,120,90],[971.393,230.871,120,90],[-8.66,363.741,120,90]],"b":[[767.745,485.77]],"pop":[10,10],"par":0,"own":"{}","ch":[],"best":0}
A f180 {"st":"playing","w":1,"sc":0,"hp":100,"p":[688.479,522,-155.563,0,-0.751],"e":[[522.803,127.697,120,90],[393.144,514.087,120,90],[827.977,391.896,70,90],[447.251,17.023,120,90],[951.48,253.291,120,90],[20.642,370.172,120,90]],"b":[],"pop":[10,10],"par":0,"own":"{}","ch":[],"best":0}
A f200 {"st":"playing","w":1,"sc":0,"hp":100,"p":[636.624,522,-155.563,0,-0.588],"e":[[532.683,156.004,120,90],[423.13,514.979,120,90],[804.33,410.303,60,90],[458.923,44.649,120,90],[929.465,273.656,120,90],[49.831,377.098,120,90]],"b":[],"pop":[10,10],"par":0,"own":"{}","ch":[],"best":0}
A f220 {"st":"playing","w":1,"sc":0,"hp":100,"p":[584.77,522,-155.563,0,-3.097],"e":[[538.768,185.355,120,90],[453.108,516.126,120,90],[778.306,425.192,60,90],[467.902,73.26,120,90],[905.764,292.034,120,90],[78.87,384.629,120,90]],"b":[[489.375,517.407]],"pop":[10],"par":0,"own":"{}","ch":[],"best":0}
A f240 {"st":"playing","w":1,"sc":0,"hp":100,"p":[560.546,491.778,0,-213.333,2.854],"e":[[541.243,215.247,120,90],[482.907,514.73,100,90],[750.585,436.554,60,90],[474.44,102.537,120,90],[880.61,308.36,120,90],[107.883,392.243,120,90]],"b":[],"pop":[10,10,10],"par":0,"own":"{}","ch":[],"best":0}
A f260 {"st":"playing","w":1,"sc":0,"hp":100,"p":[560.546,418.444,0,-220,2.183],"e":[[543.706,245.145,120,90],[505.852,496.268,100,90],[720.884,438.817,60,90],[481.637,131.657,120,90],[853.274,320.598,120,90],[137.589,396.186,120,90],[964.275,518.766,120,90],[228.483,-6.442,120,90],[-4.307,301.123,120,90]],"b":[[534.442,457.531]],"pop":[10,10],"par":0,"own":"{}","ch":[],"best":0}
A f280 {"st":"playing","w":1,"sc":0,"hp":100,"p":[560.546,345.111,0,-220,-1.753],"e":[[547.625,274.879,120,90],[518.606,469.22,90,90],[693.019,428.355,60,90],[490.829,160.203,120,90],[823.92,326.39,120,90],[167.525,394.976,120,90],[935.95,508.989,120,90],[248.071,16.266,120,90],[25.39,305.226,120,90]],"b":[],"pop":[10,10],"par":0,"own":"{}","ch":[],"best":0}
A f300 {"st":"playing","w":1,"sc":0,"hp":70,"p":[560.546,272,0,-206.667,1.678],"e":[[559.153,284.972,110,90],[526.113,440.193,90,90],[671.059,408.111,60,90],[504.09,187.04,120,90],[794.122,324.005,120,90],[196.742,388.357,120,90],[909.58,494.748,120,90],[270.089,36.611,120,90],[55.365,305.265,120,90]],"b":[],"pop":[10,10],"par":0,"own":"{}","ch":[],"best":0}
A f300 draw f47bf161
A f320 {"st":"playing","w":1,"sc":0,"hp":70,"p":[560.546,247,0,0,1.598],"e":[[560.325,254.999,100,90],[531.52,410.685,90,90],[653.711,383.645,60,90],[523.938,209.475,120,90],[765.456,315.197,120,90],[224.84,377.856,120,90],[884.939,477.641,120,90],[294.173,54.492,120,90],[85.199,302.145,120,90]],"b":[],"pop":[10,10],"par":0,"own":"{}","ch":[],"best":0}
A f340 {"st":"playing","w":1,"sc":0,"hp":40,"p":[560.546,247,0,0,-1.543],"e":[[560.573,246.002,100,90],[536.758,381.146,90,90],[636.811,358.858,60,90],[544.887,230.949,120,90],[736.991,305.723,120,90],[252.791,366.961,120,90],[860.489,460.258,120,90],[318.488,72.064,120,90],[114.999,298.688,120,90]],"b":[[562.861,163.032]],"pop":[10],"par":0,"own":"{}","ch":[],"best":0}
A f360 {"st":"playing","w":1,"sc":0,"hp":10,"p":[560.546,247,0,0,-1.543],"e":[[560.573,246.002,100,90],[541.996,351.607,90,90],[619.911,334.071,60,90],[559.551,245.981,120,90],[708.526,296.25,120,90],[280.743,356.065,120,90],[836.039,442.874,120,90],[342.803,89.637,120,90],[144.8,295.231,120,90],[818.198,-4.475,120,90]],"b":[[567.27,3.093],[591.271,278.495]],"pop":[],"par":0,"own":"{}","ch":[],"best":0}
A f380 {"st":"playing","w":1,"sc":0,"hp":10,"p":[565.212,242.333,80,-80,-1.066],"e":[[565.287,242.198,100,90],[547.409,322.102,90,90],[603.279,309.112,50,90],[564.917,242.626,120,90],[680.122,286.604,120,90],[308.68,345.135,120,90],[811.638,425.423,120,90],[367.179,107.122,120,90],[174.595,291.733,120,90],[796.728,16.478,120,90]],"b":[],"pop":[10],"par":0,"own":"{}","ch":[],"best":0}
A f397 END {"st":"gameover","w":1,"sc":0,"hp":0,"p":[603.732,203.813,155.563,-155.563,2.356],"e":[[582.287,225.257,100,90],[555.788,299.679,90,90],[598.468,285.979,50,90],[581.889,225.657,120,90],[660.682,273.037,120,90],[330.623,335.424,120,90],[793.791,409.432,120,90],[388.336,118.339,120,90],[198.258,287.766,120,90],[779.528,33.217,120,90]],"b":[[479.37,328.056]],"pop":[10],"par":0,"own":"{}","ch":[],"best":0} draw c89c608
B menuDraw 585732e
B f0 {"st":"playing","w":1,"sc":0,"hp":100,"p":[480.222,270,13.333,0,0],"e":[],"b":[],"pop":[],"par":0,"own":"{\"compound\":2,\"variance\":2,\"timeDilation\":2}","ch":[],"best":0}
B f0 draw ee421aa1
B f20 {"st":"playing","w":1,"sc":0,"hp":100,"p":[528.556,270,220,0,0],"e":[],"b":[],"pop":[],"par":0,"own":"{\"compound\":2,\"variance\":2,\"timeDilation\":2}","ch":[],"best":0}
B f40 {"st":"playing","w":1,"sc":0,"hp":100,"p":[601.889,270,220,0,0],"e":[],"b":[],"pop":[],"par":0,"own":"{\"compound\":2,\"variance\":2,\"timeDilation\":2}","ch":[],"best":0}
B f60 {"st":"playing","w":1,"sc":0,"hp":100,"p":[675.222,270,220,0,1.611],"e":[[663.742,553.002,120,90],[-13.001,288.249,120,90],[396.947,-13.851,120,90]],"b":[[670.338,313.983]],"pop":[],"par":0,"own":"{\"compound\":2,\"variance\":2,\"timeDilation\":2}","ch":[],"best":0}
B f80 {"st":"playing","w":1,"sc":0,"hp":100,"p":[743.889,274.667,140,80,1.863],"e":[[669.004,523.55,120,90],[16.99,287.521,120,90],[419.239,6.203,120,90]],"b":[[665.911,473.922]],"pop":[],"par":0,"own":"{\"compound\":2,\"variance\":2,\"timeDilation\":2}","ch":[],"best":0}
B f100 {"st":"playing","w":1,"sc":0,"hp":100,"p":[755,336.889,0,220,2.013],"e":[[679.911,495.629,110.313,90],[46.972,288.193,120,90],[441.634,26.144,120,90]],"b":[[698.193,437.488]],"pop":[10],"par":0,"own":"{\"compound\":2,\"variance\":2,\"timeDilation\":2}","ch":[],"best":0}
B f120 {"st":"playing","w":1,"sc":0,"hp":100,"p":[755,410.222,0,220,2.326],"e":[[688.298,481.123,77.703,90],[76.731,291.877,120,90],[461.657,48.464,120,90]],"b":[],"pop":[10,24,9],"par":0,"own":"{\"compound\":2,\"variance\":2,\"timeDilation\":2}","ch":[],"best":0}
B f140 {"st":"playing","w":1,"sc":0,"hp":100,"p":[755,483.556,0,220,-3.064],"e":[[693.605,478.81,68.884,90],[105.943,298.649,120,90],[479.385,72.654,120,90]],"b":[],"pop":[24,9,9],"par":0,"own":"{\"compound\":2,\"variance\":2,\"timeDilation\":2}","ch":[],"best":0}
B f150 draw 1e28f144
B f160 {"st":"playing","w":1,"sc":0,"hp":100,"p":[740.333,522,-146.667,0,-2.356],"e":[[706.316,487.947,30.396,90],[134.409,308.102,120,90],[495.162,98.164,120,90],[-9.69,37.335,120,90],[509.335,-9.143,120,90],[428.437,555.217,120,90]],"b":[],"pop":[9,9,38],"par":0,"own":"{\"compound\":2,\"variance\":2,\"timeDilation\":2}","ch":[],"best":0}
B f180 {"st":"playing","w":1,"sc":0,"hp":70,"p":[688.479,522,-155.563,0,-0.802],"e":[[707.196,502.638,30.396,90],[162.543,318.515,120,90],[508.836,124.853,120,90],[15.22,54.051,120,90],[520.05,18.868,120,90],[458.231,551.718,120,90]],"b":[],"pop":[9,38],"par":0,"own":"{\"compound\":2,\"variance\":2,\"timeDilation\":2}","ch":[],"best":0}
B f200 {"st":"playing","w":1,"sc":0,"hp":70,"p":[636.624,522,-155.563,0,-0.227],"e":[[692.105,509.208,8.505,90],[190.311,329.865,120,90],[519.528,152.864,120,90],[39.507,71.658,120,90],[528.119,47.75,120,90],[487.905,547.319,120,90]],"b":[],"pop":[38,22],"par":0,"own":"{\"compound\":2,\"variance\":2,\"timeDilation\":2}","ch":[],"best":0}
B f220 {"st":"playing","w":1,"sc":0,"hp":70,"p":[584.77,522,-155.563,0,2.874],"e":[[675.665,511.783,1.315,90],[217.568,342.392,120,90],[526.556,182.005,120,90],[63.034,90.269,120,90],[533.146,77.31,120,90],[507.459,543.227,120,90]],"b":[],"pop":[22,7],"par":0,"own":"{\"compound\":2,\"variance\":2,\"timeDilation\":2}","ch":[],"best":0}
B f240 {"st":"playing","w":1,"sc":0,"hp":70,"p":[560.546,491.778,0,-213.333,2.28],"e":[[657.94,512.311,1.315,90],[244.526,355.541,120,90],[530.1,211.79,120,90],[86.01,109.557,120,90],[535.402,107.222,120,90],[523.161,535.331,112.787,90]],"b":[],"pop":[7,7],"par":0,"own":"{\"compound\":2,\"variance\":2,\"timeDilation\":2}","ch":[],"best":0}
B f260 {"st":"playing","w":1,"sc":0,"hp":70,"p":[560.546,418.444,0,-220,1.873],"e":[[652.846,509.294,1.315,90],[273.168,364.257,120,90],[533.908,241.545,120,90],[110.322,127.11,120,90],[537.592,137.142,120,90],[525.733,529.951,112.787,90],[99.285,552.938,120,90],[-4.455,271.195,120,90],[964.084,478.472,120,90]],"b":[[547.03,463.984]],"pop":[7],"par":0,"own":"{\"compound\":2,\"variance\":2,\"timeDilation\":2}","ch":[],"best":0}
B f280 {"st":"playing","w":1,"sc":0,"hp":70,"p":[560.546,345.111,0,-220,-1.836],"e":[[635.485,484.962,1.315,90],[303.042,365.741,120,90],[536.891,258.072,120,90],[136.491,141.738,120,90],[540.457,167.003,120,90],[531.248,505.371,102.896,90],[127.342,542.389,120,90],[24.992,276.821,120,90],[934.989,471.322,120,90]],"b":[],"pop":[7,10],"par":0,"own":"{\"compound\":2,\"variance\":2,\"timeDilation\":2}","ch":[],"best":0}
B f300 {"st":"playing","w":1,"sc":0,"hp":40,"p":[560.546,272,0,-206.667,-2.732],"e":[[623.862,457.34,1.315,90],[332.156,358.938,120,90],[539.901,263.039,117.007,90],[164.45,152.531,120,90],[542.705,183.649,120,90],[535.631,475.697,102.896,90],[153.665,528.044,120,90],[54.923,278.444,120,90],[907.574,459.229,120,90]],"b":[],"pop":[10,3],"par":0,"own":"{\"compound\":2,\"variance\":2,\"timeDilation\":2}","ch":[],"best":0}
B f300 draw bd6547e5
B f320 {"st":"playing","w":1,"sc":0,"hp":40,"p":[560.546,247,0,0,2.325],"e":[[615.009,428.677,1.315,90],[359.329,346.247,120,90],[558.75,248.912,109.268,90],[193.537,159.86,120,90],[549.09,207.145,120,90],[538.957,445.883,102.896,90],[178.502,511.222,120,90],[84.881,276.903,120,90],[881.806,443.873,120,90]],"b":[],"pop":[3,8],"par":0,"own":"{\"compound\":2,\"variance\":2,\"timeDilation\":2}","ch":[],"best":0}
B f340 {"st":"playing","w":1,"sc":0,"hp":10,"p":[560.546,247,0,0,-0.817],"e":[[606.395,399.94,1.315,90],[386.234,332.976,120,90],[560.804,246.725,109.268,90],[222.725,166.79,120,90],[557.377,235.977,120,90],[542.195,416.058,102.896,90],[203.176,494.158,120,90],[114.822,275.021,120,90],[856.227,428.198,120,90]],"b":[[618.041,185.761]],"pop":[8],"par":0,"own":"{\"compound\":2,\"variance\":2,\"timeDilation\":2}","ch":[],"best":0}
B f360 {"st":"playing","w":1,"sc":0,"hp":10,"p":[560.546,247,0,0,-0.817],"e":[[597.78,371.204,1.315,90],[413.139,319.706,120,90],[560.804,246.725,109.268,90],[251.914,173.721,120,90],[560.692,247.51,120,90],[545.432,386.233,102.896,90],[227.85,477.093,120,90],[144.763,273.138,120,90],[830.648,412.522,120,90],[807.093,543.316,120,90]],"b":[[727.557,69.115],[548.391,204.712]],"pop":[],"par":0,"own":"{\"compound\":2,\"variance\":2,\"timeDilation\":2}","ch":[],"best":0}
B f369 END {"st":"gameover","w":1,"sc":0,"hp":0,"p":[560.546,247,0,0,-0.817],"e":[[594.334,359.709,1.315,90],[423.902,314.398,120,90],[560.804,246.725,109.268,90],[263.589,176.493,120,90],[560.692,247.51,120,90],[546.727,374.303,102.896,90],[237.719,470.267,120,90],[156.739,272.386,120,90],[820.416,406.252,120,90],[799.418,534.092,120,90]],"b":[[771.364,22.457],[530.711,143.203]],"pop":[],"par":0,"own":"{\"compound\":2,\"variance\":2,\"timeDilation\":2}","ch":[],"best":0} draw ab0431d5
C menuDraw 9419f4ef
C f0 {"st":"playing","w":1,"sc":0,"hp":100000,"p":[480.222,270,13.333,0,0],"e":[],"b":[],"pop":[],"par":0,"own":"{\"compound\":1,\"timeDilation\":1}","ch":[],"best":0}
C f0 draw d8ae24a1
C f20 {"st":"playing","w":1,"sc":0,"hp":100000,"p":[528.556,270,220,0,0],"e":[],"b":[],"pop":[],"par":0,"own":"{\"compound\":1,\"timeDilation\":1}","ch":[],"best":0}
C f40 {"st":"playing","w":1,"sc":0,"hp":100000,"p":[601.889,270,220,0,0],"e":[],"b":[],"pop":[],"par":0,"own":"{\"compound\":1,\"timeDilation\":1}","ch":[],"best":0}
C f60 {"st":"playing","w":1,"sc":0,"hp":100000,"p":[675.222,270,220,0,-1.764],"e":[[-13.025,179.933,120,90],[973.084,197.394,120,90],[619.933,-13.052,120,90]],"b":[[663.658,226.715]],"pop":[],"par":0,"own":"{\"compound\":1,\"timeDilation\":1}","ch":[],"best":0}
C f80 {"st":"playing","w":1,"sc":0,"hp":100000,"p":[743.889,274.667,140,80,-0.332],"e":[[16.743,183.652,120,90],[944.246,205.624,120,90],[629.338,15.365,120,90]],"b":[[634.941,69.313]],"pop":[],"par":0,"own":"{\"compound\":1,\"timeDilation\":1}","ch":[],"best":0}
C f100 {"st":"playing","w":1,"sc":0,"hp":100000,"p":[755,336.889,0,220,-0.625],"e":[[46.341,188.485,120,90],[917.722,219.389,110,90],[641.198,42.915,110,90]],"b":[],"pop":[10,10],"par":0,"own":"{\"compound\":1,\"timeDilation\":1}","ch":[],"best":0}
C f120 {"st":"playing","w":1,"sc":0,"hp":100000,"p":[755,410.222,0,220,-0.878],"e":[[75.334,196.146,120,90],[896.141,240.114,110,90],[650.916,71.291,110,90]],"b":[[845.757,285.395]],"pop":[10,10],"par":0,"own":"{\"compound\":1,\"timeDilation\":1}","ch":[],"best":0}
C f140 {"st":"playing","w":1,"sc":0,"hp":100000,"p":[755,483.556,0,220,-1.054],"e":[[103.44,206.603,120,90],[879.349,264.93,98.5,90],[658.894,100.207,110,90]],"b":[[799.823,390.514]],"pop":[10,12],"par":0,"own":"{\"compound\":1,\"timeDilation\":1}","ch":[],"best":0}
C f150 draw 2c88ad8c
C f160 {"st":"playing","w":1,"sc":0,"hp":100000,"p":[740.333,522,-146.667,0,2.837],"e":[[130.558,219.423,120,90],[865.626,291.602,85.275,90],[665.475,129.473,110,90],[972.631,68.833,120,90],[588.761,-8.804,120,90],[639.031,553.835,120,90]],"b":[[700.715,534.911]],"pop":[12,13],"par":0,"own":"{\"compound\":1,\"timeDilation\":1}","ch":[],"best":0}
C f180 {"st":"playing","w":1,"sc":0,"hp":100000,"p":[688.479,522,-155.563,0,2.511],"e":[[157.173,233.263,120,90],[849.047,316.563,85.275,90],[669.03,159.238,110,90],[957.714,94.851,120,90],[595.571,20.401,120,90],[654.71,546.672,120,90]],"b":[],"pop":[13],"par":0,"own":"{\"compound\":1,\"timeDilation\":1}","ch":[],"best":0}
C f200 {"st":"playing","w":1,"sc":0,"hp":99970,"p":[636.624,522,-155.563,0,0.551],"e":[[183.192,248.191,120,90],[828.8,338.665,85.275,90],[668.328,189.202,110,90],[940.604,119.482,120,90],[599.43,50.138,120,90],[655.13,533.383,120,90]],"b":[],"pop":[13],"par":0,"own":"{\"compound\":1,\"timeDilation\":1}","ch":[],"best":0}
C f220 {"st":"playing","w":1,"sc":0,"hp":99970,"p":[584.77,522,-155.563,0,0.132],"e":[[208.414,264.428,120,90],[805.779,357.873,85.275,90],[663.045,218.702,110,90],[921.54,142.636,120,90],[600.027,80.116,120,90],[639.106,529.218,110,90]],"b":[],"pop":[10],"par":0,"own":"{\"compound\":1,\"timeDilation\":1}","ch":[],"best":0}
C f240 {"st":"playing","w":1,"sc":0,"hp":99970,"p":[560.546,491.778,0,-213.333,0.508],"e":[[233.064,281.521,120,90],[780.58,374.102,85.275,90],[653.617,247.167,110,90],[900.759,164.263,120,90],[597.671,110.019,120,90],[621.732,525.831,98.5,90]],"b":[],"pop":[10,12],"par":0,"own":"{\"compound\":1,\"timeDilation\":1}","ch":[],"best":0}
C f260 {"st":"playing","w":1,"sc":0,"hp":99970,"p":[560.546,418.444,0,-220,1.067],"e":[[259.648,295.333,120,90],[752.375,383.952,85.275,90],[641.095,274.399,110,90],[877.861,183.613,120,90],[594.422,139.841,120,90],[613.384,514.249,98.5,90],[258.116,-6.132,120,90],[-4.012,407.315,120,90],[343.069,550.24,120,90]],"b":[[582.426,460.285]],"pop":[12],"par":0,"own":"{\"compound\":1,\"timeDilation\":1}","ch":[],"best":0}
C f280 {"st":"playing","w":1,"sc":0,"hp":99970,"p":[560.546,345.111,0,-220,-0.663],"e":[[288.501,303.291,120,90],[722.599,383.025,85.275,90],[627.661,292.714,110,90],[852.322,199.28,120,90],[590.169,169.536,120,90],[602.394,486.394,85.275,90],[276.654,17.441,120,90],[25.929,405.83,120,90],[366.623,531.759,120,90]],"b":[],"pop":[12,13],"par":0,"own":"{\"compound\":1,\"timeDilation\":1}","ch":[],"best":0}
C f300 {"st":"playing","w":1,"sc":0,"hp":99970,"p":[560.546,272,0,-206.667,0.339],"e":[[318.399,303.5,120,90],[695.711,370.174,85.275,90],[622.017,293.707,100,90],[824.176,209.466,120,90],[585.189,193.003,120,90],[595.58,457.19,85.275,90],[297.72,38.77,120,90],[55.398,400.332,120,90],[386.174,509.051,120,90]],"b":[],"pop":[13,10],"par":0,"own":"{\"compound\":1,\"timeDilation\":1}","ch":[],"best":0}
C f300 draw 86656ea2
C f320 {"st":"playing","w":1,"sc":0,"hp":99970,"p":[560.546,247,0,0,-1.132],"e":[[347.737,297.288,120,90],[673.122,350.454,85.275,90],[602.232,279.596,100,90],[794.572,214.264,120,90],[575.41,215.291,110,90],[590.523,427.62,85.275,90],[321.005,57.68,120,90],[84.187,391.905,120,90],[403.032,484.239,120,90]],"b":[],"pop":[10,10],"par":0,"own":"{\"compound\":1,\"timeDilation\":1}","ch":[],"best":0}
C f340 {"st":"playing","w":1,"sc":0,"hp":99940,"p":[560.546,247,0,0,-1.132],"e":[[376.933,290.389,120,90],[651.033,330.155,85.275,90],[578.599,261.116,100,90],[764.862,218.42,120,90],[562.676,242.454,110,90],[585.611,398.025,85.275,90],[344.541,76.282,120,90],[112.888,383.174,120,90],[419.626,459.246,120,90]],"b":[[596.2,170.942]],"pop":[10],"par":0,"own":"{\"compound\":1,\"timeDilation\":1}","ch":[],"best":0}
C f360 {"st":"playing","w":1,"sc":0,"hp":99910,"p":[560.546,247,0,0,2.009],"e":[[406.129,283.489,120,90],[628.944,309.856,85.275,90],[559.693,246.333,100,90],[735.151,222.576,120,90],[560.13,247.887,110,90],[580.699,368.43,85.275,90],[368.078,94.884,120,90],[141.59,374.443,120,90],[436.22,434.253,120,90],[959.547,277.319,120,90]],"b":[[664.112,26.07],[595.207,274.103]],"pop":[],"par":0,"own":"{\"compound\":1,\"timeDilation\":1}","ch":[],"best":0}
C f380 {"st":"playing","w":1,"sc":0,"hp":99910,"p":[565.212,242.333,80,-80,2.361],"e":[[435.301,276.493,120,90],[607.638,289.822,75.275,90],[564.587,242.953,100,90],[705.426,226.625,120,90],[563.904,243.489,110,90],[576.075,339.437,85.275,90],[391.687,113.392,120,90],[170.283,365.684,120,90],[452.835,409.274,120,90],[929.638,274.993,120,90]],"b":[],"pop":[10],"par":0,"own":"{\"compound\":1,\"timeDilation\":1}","ch":[],"best":0}
C f400 {"st":"playing","w":1,"sc":0,"hp":99910,"p":[614.103,193.442,155.563,-155.563,2.356],"e":[[463.308,265.877,120,90],[605.116,282.882,75.275,90],[570.018,237.525,100,90],[686.373,226.121,120,90],[569.375,238.1,110,90],[579.454,310.878,85.275,90],[418.164,127.211,120,90],[198.571,355.716,120,90],[470.275,384.869,120,90],[900.114,269.901,120,90]],"b":[[456.774,350.715]],"pop":[10],"par":0,"own":"{\"compound\":1,\"timeDilation\":1}","ch":[],"best":0}
C f420 {"st":"playing","w":1,"sc":0,"hp":99910,"p":[665.958,141.588,155.563,-155.563,1.362],"e":[[489.479,251.241,120,90],[613.289,257.86,75.275,90],[581.898,225.645,100,90],[682.913,221.501,110,90],[582.108,225.378,110,90],[591.211,283.328,85.275,90],[447.628,132.306,120,90],[226.149,343.916,120,90],[488.756,361.239,120,90],[872.417,258.587,120,90]],"b":[[343.609,463.824]],"pop":[10],"par":0,"own":"{\"compound\":1,\"timeDilation\":1}","ch":[],"best":0}
C f440 {"st":"playing","w":1,"sc":0,"hp":99910,"p":[717.812,89.733,155.563,-155.563,1.849],"e":[[514.38,234.518,120,90],[627.852,231.659,75.275,90],[603.111,204.432,100,90],[685.958,201.437,98.5,90],[603.327,204.17,110,90],[606.694,257.646,85.275,90],[477.494,130.114,120,90],[253.071,330.686,120,90],[507.887,338.132,120,90],[849.309,239.68,120,90]],"b":[],"pop":[10,12],"par":0,"own":"{\"compound\":1,\"timeDilation\":1}","ch":[],"best":0}
C f450 draw a2486d
C f460 {"st":"playing","w":1,"sc":0,"hp":99910,"p":[755,52.546,8.897,-8.897,2.015],"e":[[538.469,216.639,120,90],[644.838,206.935,75.275,90],[624.325,183.219,100,90],[697.386,173.737,98.5,90],[624.544,182.961,110,90],[623.966,233.12,85.275,90],[506.623,123.003,120,90],[279.443,316.387,120,90],[527.432,315.373,120,90],[833.735,214.155,120,90]],"b":[[735.981,92.442]],"pop":[12],"par":0,"own":"{\"compound\":1,\"timeDilation\":1}","ch":[],"best":0}
C f480 {"st":"playing","w":1,"sc":0,"hp":99910,"p":[712.521,52.546,-220,0,1.635],"e":[[561.624,197.596,120,90],[660.244,181.286,75.275,90],[643.899,160.577,100,90],[706.281,149.004,85.275,90],[644.118,160.318,110,90],[639.945,207.792,85.275,90],[535.314,114.256,120,90],[305.455,301.447,120,90],[546.205,291.994,120,90],[818.571,188.348,120,90]],"b":[],"pop":[12,13],"par":0,"own":"{\"compound\":1,\"timeDilation\":1}","ch":[],"best":0}
C f500 {"st":"playing","w":1,"sc":0,"hp":99910,"p":[639.187,52.546,-220,0,1.455],"e":[[579.515,173.706,120,90],[662.611,151.872,75.275,90],[649.75,145.066,100,90],[699.18,134.03,70.066,90],[649.953,144.803,110,90],[645.754,178.672,85.275,90],[560.427,102.924,120,90],[330.27,284.61,120,90],[560.102,265.497,120,90],[796.759,167.886,120,90]],"b":[],"pop":[13,15],"par":0,"own":"{\"compound\":1,\"timeDilation\":1}","ch":[],"best":0}
C f520 {"st":"playing","w":1,"sc":0,"hp":99910,"p":[565.854,52.546,-220,0,1.617],"e":[[584.376,150.498,120,90],[646.753,126.925,75.275,90],[639.321,129.186,100,90],[676.209,115.064,70.066,90],[639.48,128.952,110,90],[635.457,150.921,85.275,90],[563.725,98.201,110,90],[352.943,265.002,120,90],[565.397,236.129,120,90],[770.937,152.69,120,90]],"b":[],"pop":[15,10],"par":0,"own":"{\"compound\":1,\"timeDilation\":1}","ch":[],"best":0}
C f540 {"st":"playing","w":1,"sc":0,"hp":99910,"p":[522.743,82.768,-6.667,213.333,0.234],"e":[[577.86,137.455,120,90],[620.974,112.054,75.275,90],[615.399,113.575,100,90],[648.257,104.57,70.066,90],[615.523,113.394,110,90],[613.091,131.299,85.275,90],[557.463,91.046,98.5,90],[373.009,242.708,120,90],[560.169,206.695,120,90],[742.992,141.905,120,90]],"b":[],"pop":[10,12],"par":0,"own":"{\"compound\":1,\"timeDilation\":1}","ch":[],"best":0}
C f560 {"st":"playing","w":1,"sc":0,"hp":99880,"p":[522.743,156.101,0,220,0.868],"e":[[572.387,136.134,110,90],[611.802,113.343,75.275,90],[609.575,114.082,100,90],[619.101,109.051,70.066,90],[609.698,113.911,110,90],[606.206,130.228,85.275,90],[553.026,94.406,98.5,90],[396.48,224.239,120,90],[555.266,194.513,120,90],[713.254,139.38,120,90]],"b":[],"pop":[12,10],"par":0,"own":"{\"compound\":1,\"timeDilation\":1}","ch":[],"best":0}
C f580 {"st":"playing","w":1,"sc":0,"hp":99880,"p":[522.743,229.435,0,220,-0.901],"e":[[567.896,141.571,110,90],[589.95,133.429,75.275,90],[589.888,133.086,100,90],[596.946,128.859,70.066,90],[590.017,132.922,110,90],[592.1,143.017,85.275,90],[547.954,112.9,98.5,90],[424.215,218.201,120,90],[550.213,194.739,120,90],[684.666,147.86,120,90]],"b":[],"pop":[12,10],"par":0,"own":"{\"compound\":1,\"timeDilation\":1}","ch":[],"best":0}
C f600 {"st":"playing","w":1,"sc":0,"hp":99880,"p":[522.743,302.546,0,206.667,-1.329],"e":[[557.787,169.758,110,90],[576.553,160.19,75.275,90],[576.529,159.865,100,90],[582.842,155.254,70.066,90],[576.65,159.698,110,90],[577.567,169.15,85.275,90],[543.123,142.5,98.5,90],[445.861,230.42,120,90],[547.41,202.6,110,90],[660.703,165.706,120,90]],"b":[],"pop":[10,10],"par":0,"own":"{\"compound\":1,\"timeDilation\":1}","ch":[],"best":0}
C f600 draw 37a3c63a
C f620 {"st":"playing","w":1,"sc":0,"hp":99880,"p":[522.743,327.546,0,0,-2.232],"e":[[551.072,198.995,110,90],[567.104,188.659,75.275,90],[567.1,188.342,100,90],[572.687,183.479,70.066,90],[567.21,188.171,110,90],[567.459,197.392,85.275,90],[539.744,172.309,98.5,90],[465.061,253.437,110,90],[541.364,231.982,110,90],[640.876,188.209,120,90]],"b":[],"pop":[10,10],"par":0,"own":"{\"compound\":1,\"timeDilation\":1}","ch":[],"best":0}
C f640 {"st":"playing","w":1,"sc":0,"hp":99880,"p":[522.743,327.546,0,0,-2.232],"e":[[544.616,228.292,110,90],[557.976,217.237,75.275,90],[557.992,216.926,100,90],[562.861,211.824,70.066,90],[558.092,216.752,110,90],[557.712,225.764,85.275,90],[536.478,202.131,98.5,90],[483.488,277.111,98.5,90],[535.626,261.429,110,90],[621.475,211.092,120,90]],"b":[],"pop":[10,12],"par":0,"own":"{\"compound\":1,\"timeDilation\":1}","ch":[],"best":0}
C f660 {"st":"playing","w":1,"sc":0,"hp":99850,"p":[522.743,327.546,0,0,-2.232],"e":[[538.159,257.589,110,90],[548.848,245.815,75.275,90],[548.884,245.51,100,90],[553.034,240.169,70.066,90],[548.973,245.333,110,90],[547.964,254.137,85.275,90],[533.212,231.952,98.5,90],[501.914,300.785,85.275,90],[529.888,290.875,110,90],[602.075,233.975,120,90]],"b":[],"pop":[10,12,13],"par":0,"own":"{\"compound\":1,\"timeDilation\":1}","ch":[],"best":0}
C f680 {"st":"playing","w":1,"sc":0,"hp":99850,"p":[527.41,327.546,80,0,-2.561],"e":[[532.143,286.603,110,90],[540.095,274.128,75.275,90],[540.149,273.829,100,90],[543.561,268.251,70.066,90],[540.227,273.648,110,90],[538.637,282.264,85.275,90],[530.228,261.438,98.5,90],[520.986,323.33,85.275,90],[525.636,320.039,110,90],[583.011,256.675,120,90]],"b":[],"pop":[12,13],"par":0,"own":"{\"compound\":1,\"timeDilation\":1}","ch":[],"best":0}
C f700 {"st":"playing","w":1,"sc":0,"hp":99850,"p":[589.632,327.546,220,0,-3.09],"e":[[535.233,296.281,110,90],[541.307,284.355,75.275,90],[541.346,284.063,100,90],[544.126,278.611,70.066,90],[541.408,283.887,110,90],[540.274,292.266,85.275,90],[532.682,271.692,98.5,90],[531.508,325.666,85.275,90],[534.631,324.724,110,90],[578.458,266.223,120,90]],"b":[[396.156,240.208]],"pop":[13],"par":0,"own":"{\"compound\":1,\"timeDilation\":1}","ch":[],"best":0}
C f720 {"st":"playing","w":1,"sc":0,"hp":99850,"p":[662.965,327.546,220,0,-2.531],"e":[[550.149,300.746,110,90],[555.542,290.591,75.275,90],[555.565,290.336,100,90],[557.956,285.667,70.066,90],[555.615,290.184,110,90],[553.804,297.067,85.275,90],[551.66,281.862,98.5,90],[547.105,325.938,85.275,90],[549.025,325.113,110,90],[582.028,270.864,110,90]],"b":[[260.732,155]],"pop":[10],"par":0,"own":"{\"compound\":1,\"timeDilation\":1}","ch":[],"best":0}
C f740 {"st":"playing","w":1,"sc":0,"hp":99850,"p":[736.299,327.546,220,0,-2.81],"e":[[579.675,305.994,110,90],[584.596,297.974,75.275,90],[584.606,297.768,100,90],[586.719,294.088,70.066,90],[584.649,297.647,110,90],[583.165,303.15,85.275,90],[580.32,290.628,98.5,90],[577.104,326.252,85.275,90],[579.021,325.593,110,90],[609.035,283.715,110,90]],"b":[[125.307,69.793],[636.66,295.478]],"pop":[10],"par":0,"own":"{\"compound\":1,\"timeDilation\":1}","ch":[],"best":0}
C f750 draw 98a2309a
C f760 {"st":"playing","w":1,"sc":0,"hp":99850,"p":[794.965,342.212,73.333,146.667,-2.833],"e":[[609.425,309.83,110,90],[614.142,303.152,75.275,90],[614.146,302.978,100,90],[616.142,299.922,70.066,90],[614.186,302.876,110,90],[612.844,307.496,85.275,90],[609.678,296.785,98.5,90],[607.088,326.945,85.275,90],[609.003,326.396,110,90],[637.847,292.052,98.5,90]],"b":[[751.671,326.886]],"pop":[12],"par":0,"own":"{\"compound\":1,\"timeDilation\":1}","ch":[],"best":0}
C f780 {"st":"playing","w":1,"sc":0,"hp":99850,"p":[797.743,412.768,0,220,-2.469],"e":[[637.419,320.15,110,90],[641.709,314.569,75.275,90],[641.704,314.416,100,90],[643.491,311.855,70.066,90],[641.737,314.33,110,90],[640.658,318.288,85.275,90],[637.024,308.756,98.5,90],[635.838,334.862,85.275,90],[637.709,334.464,110,90],[664.042,306.307,85.275,90]],"b":[],"pop":[12,13],"par":0,"own":"{\"compound\":1,\"timeDilation\":1}","ch":[],"best":0}
C f800 {"st":"playing","w":1,"sc":0,"hp":99850,"p":[797.743,486.101,0,220,-2.364],"e":[[660.528,339.111,110,90],[664.171,334.301,75.275,90],[664.156,334.161,100,90],[665.651,331.931,70.066,90],[664.181,334.084,110,90],[663.445,337.636,85.275,90],[659.377,328.625,98.5,90],[660.052,352.355,85.275,90],[661.797,352.129,110,90],[684.304,328.306,70.066,90]],"b":[],"pop":[13,15],"par":0,"own":"{\"compound\":1,\"timeDilation\":1}","ch":[],"best":0}
C f820 {"st":"playing","w":1,"sc":0,"hp":99850,"p":[797.743,522,0,0,-2.242],"e":[[679.007,362.724,110,90],[682.032,358.387,75.275,90],[682.009,358.252,100,90],[683.233,356.222,70.066,90],[682.027,358.181,110,90],[681.582,361.514,85.275,90],[677.287,352.675,98.5,90],[679.46,375.207,85.275,90],[681.045,375.115,110,90],[699.912,353.912,70.066,90]],"b":[[719.743,422.706]],"pop":[15],"par":0,"own":"{\"compound\":1,\"timeDilation\":1}","ch":[],"best":0}
C f840 {"st":"playing","w":1,"sc":0,"hp":99850,"p":[770.113,522,-155.563,0,-2.098],"e":[[695.914,387.472,110,90],[698.307,383.553,75.275,90],[698.278,383.423,100,90],[699.228,381.568,70.066,90],[698.289,383.356,110,90],[698.126,386.504,85.275,90],[693.678,377.769,98.5,90],[697.248,399.325,75.275,90],[698.656,399.363,110,90],[713.803,380.463,70.066,90]],"b":[[737.168,453.312]],"pop":[15,10],"par":0,"own":"{\"compound\":1,\"timeDilation\":1}","ch":[],"best":0}
C f860 {"st":"playing","w":1,"sc":0,"hp":99850,"p":[718.258,522,-155.563,0,-1.677],"e":[[705.259,415.783,110,90],[706.985,412.082,75.275,90],[706.954,411.953,100,90],[707.631,410.182,70.066,90],[706.96,411.888,110,90],[706.997,414.967,85.275,90],[702.894,406.149,98.5,90],[706.881,426.117,63.775,90],[708.017,426.247,110,90],[719.345,409.751,70.066,90]],"b":[[715.016,478.389]],"pop":[10,12],"par":0,"own":"{\"compound\":1,\"timeDilation\":1}","ch":[],"best":0}
C f880 {"st":"playing","w":1,"sc":0,"hp":99850,"p":[666.404,522,-155.563,0,-1.13],"e":[[702.962,435.386,110,90],[704.371,433.004,75.275,90],[704.275,433.538,100,90],[704.778,432.425,70.066,90],[704.281,433.472,110,90],[704.412,434.541,85.275,90],[700.754,430.489,98.5,90],[704.013,442.293,50.55,90],[704.965,442.391,110,90],[713.191,434.755,70.066,90]],"b":[],"pop":[12,13],"par":0,"own":"{\"compound\":1,\"timeDilation\":1}","ch":[],"best":0}
C f900 {"st":"playing","w":1,"sc":0,"hp":99850,"p":[614.771,521.778,-142.23,-13.333,-0.78],"e":[[688.636,453.59,110,90],[688.557,453.43,75.275,90],[688.788,453.377,100,90],[688.609,453.416,70.066,90],[688.8,453.316,110,90],[689.183,453.736,85.275,90],[685.759,451.51,98.5,90],[691.108,457.347,35.341,90],[691.946,457.353,110,90],[694.113,456.796,70.066,90]],"b":[],"pop":[13,15],"par":0,"own":"{\"compound\":1,\"timeDilation\":1}","ch":[],"best":0}
C f900 draw 95905921
C f920 {"st":"playing","w":1,"sc":0,"hp":99850,"p":[603.289,473.444,0,-220,-0.182],"e":[[675.379,462.468,100,90],[675.316,462.332,75.275,90],[675.539,462.268,100,90],[675.366,462.315,70.066,90],[675.555,462.214,110,90],[675.889,462.56,85.275,90],[673.045,460.613,98.5,90],[677.473,465.629,35.341,90],[678.276,465.579,110,90],[679.91,465.27,70.066,90]],"b":[],"pop":[15,10],"par":0,"own":"{\"compound\":1,\"timeDilation\":1}","ch":[],"best":0}
C f940 {"st":"playing","w":1,"sc":0,"hp":99850,"p":[603.289,400.111,0,-220,0.739],"e":[[669.934,460.464,88.5,90],[669.869,460.335,75.275,90],[670.088,460.28,100,90],[669.919,460.321,70.066,90],[670.103,460.23,110,90],[670.44,460.562,85.275,90],[667.591,458.681,98.5,90],[672.068,463.474,35.341,90],[672.86,463.443,110,90],[674.468,463.187,70.066,90]],"b":[],"pop":[10,12],"par":0,"own":"{\"compound\":1,\"timeDilation\":1}","ch":[],"best":0}
C f960 {"st":"playing","w":1,"sc":0,"hp":99850,"p":[603.289,326.778,0,-220,1.137],"e":[[656.42,439.315,88.5,90],[656.352,439.188,75.275,90],[656.535,439.157,100,90],[656.393,439.179,70.066,90],[656.543,439.111,110,90],[656.862,439.453,85.275,90],[654.994,438.361,98.5,90],[656.982,440.516,35.341,90],[657.651,440.568,110,90],[658.996,440.493,70.066,90]],"b":[[622.294,370.128]],"pop":[12],"par":0,"own":"{\"compound\":1,\"timeDilation\":1}","ch":[],"best":0}
C f980 {"st":"playing","w":1,"sc":0,"hp":99850,"p":[603.289,258.111,0,-140,1.302],"e":[[646.424,411.065,75.275,90],[646.36,410.937,75.275,90],[646.511,410.917,100,90],[646.394,410.931,70.066,90],[646.515,410.873,110,90],[646.801,411.227,85.275,90],[645.181,410.046,98.5,90],[646.963,412.274,35.341,90],[647.525,412.365,110,90],[648.645,412.372,70.066,90]],"b":[],"pop":[12,13],"par":0,"own":"{\"compound\":1,\"timeDilation\":1}","ch":[],"best":0}
C f1000 {"st":"playing","w":1,"sc":0,"hp":99850,"p":[603.289,247,0,0,1.32],"e":[[638.734,382.068,60.066,90],[638.675,381.938,75.275,90],[638.8,381.925,100,90],[638.703,381.933,70.066,90],[638.802,381.881,110,90],[639.056,382.244,85.275,90],[637.655,381.006,98.5,90],[639.237,383.286,35.341,90],[639.711,383.4,110,90],[640.647,383.458,70.066,90]],"b":[],"pop":[13,15],"par":0,"own":"{\"compound\":1,\"timeDilation\":1}","ch":[],"best":0}
C f1020 {"st":"playing","w":1,"sc":0,"hp":99850,"p":[603.289,247,0,0,1.32],"e":[[631.119,353.05,42.576,90],[631.065,352.919,75.275,90],[631.164,352.913,100,90],[631.087,352.916,70.066,90],[631.163,352.87,110,90],[631.386,353.241,85.275,90],[630.202,351.946,98.5,90],[631.586,354.278,35.341,90],[631.971,354.416,110,90],[632.726,354.523,70.066,90]],"b":[],"pop":[15,17],"par":0,"own":"{\"compound\":1,\"timeDilation\":1}","ch":[],"best":0}
C f1040 {"st":"playing","w":1,"sc":0,"hp":99850,"p":[603.289,247,0,0,1.32],"e":[[623.504,324.033,22.463,90],[623.455,323.901,75.275,90],[623.529,323.901,100,90],[623.472,323.899,70.066,90],[623.525,323.859,110,90],[623.715,324.238,85.275,90],[622.75,322.887,98.5,90],[623.934,325.27,35.341,90],[624.232,325.432,110,90],[624.804,325.588,70.066,90]],"b":[],"pop":[15,17,20],"par":0,"own":"{\"compound\":1,\"timeDilation\":1}","ch":[],"best":0}
C f1050 draw 8973f018
C f1060 {"st":"playing","w":1,"sc":0,"hp":99850,"p":[617.955,232.333,146.667,-146.667,1.58],"e":[[617.976,299.762,22.463,90],[617.933,299.628,65.275,90],[617.985,299.634,100,90],[617.945,299.628,70.066,90],[617.98,299.592,110,90],[618.139,299.978,85.275,90],[617.371,298.583,98.5,90],[618.361,301.008,35.341,90],[618.584,301.187,110,90],[619.004,301.379,70.066,90]],"b":[],"pop":[17,20,10],"par":0,"own":"{\"compound\":1,\"timeDilation\":1}","ch":[],"best":0}
C f1080 {"st":"playing","w":1,"sc":0,"hp":99850,"p":[669.81,180.479,155.563,-155.563,1.992],"e":[[623.422,283.941,22.463,90],[623.017,284.951,65.275,90],[623.062,284.954,100,90],[623.027,284.95,70.066,90],[623.059,284.913,110,90],[623.553,284.146,85.275,90],[622.571,283.946,98.5,90],[623.698,285.15,35.341,90],[623.882,285.316,110,90],[624.236,285.487,70.066,90]],"b":[],"pop":[20,10],"par":0,"own":"{\"compound\":1,\"timeDilation\":1}","ch":[],"best":0}
C f1100 {"st":"playing","w":1,"sc":0,"hp":99850,"p":[721.664,128.624,155.563,-155.563,2.145],"e":[[638.109,257.813,12.463,90],[637.68,258.809,65.275,90],[637.718,258.809,100,90],[637.688,258.808,70.066,90],[637.719,258.77,110,90],[638.203,257.998,85.275,90],[637.387,257.89,98.5,90],[638.24,258.942,35.341,90],[638.382,259.085,110,90],[638.668,259.219,70.066,90]],"b":[],"pop":[10,10],"par":0,"own":"{\"compound\":1,\"timeDilation\":1}","ch":[],"best":0}
C f1120 {"st":"playing","w":1,"sc":0,"hp":99850,"p":[773.519,76.77,155.563,-155.563,2.217],"e":[[655.436,233.33,12.463,90],[654.977,234.306,65.275,90],[655.011,234.303,100,90],[654.985,234.304,70.066,90],[655.015,234.266,110,90],[655.506,233.498,85.275,90],[654.783,233.456,98.5,90],[655.47,234.391,35.341,90],[655.586,234.516,110,90],[655.832,234.623,70.066,90]],"b":[[673.716,206.753]],"pop":[10],"par":0,"own":"{\"compound\":1,\"timeDilation\":1}","ch":[],"best":0}
C f1140 {"st":"playing","w":1,"sc":0,"hp":99850,"p":[795.151,52.546,-57.77,0,2.228],"e":[[673.867,209.66,0.963,90],[673.383,210.616,65.275,90],[673.414,210.611,100,90],[673.39,210.613,70.066,90],[673.42,210.575,110,90],[673.919,209.815,85.275,90],[673.261,209.822,98.5,90],[673.828,210.665,35.341,90],[673.927,210.776,110,90],[674.145,210.861,70.066,90]],"b":[[745.605,118.671]],"pop":[12],"par":0,"own":"{\"compound\":1,\"timeDilation\":1}","ch":[],"best":0}
C f1160 {"st":"playing","w":1,"sc":100,"hp":99850,"p":[736.93,52.546,-220,0,1.92],"e":[[688.526,184.873,65.275,90],[688.554,184.866,100,90],[688.532,184.87,70.066,90],[688.561,184.831,110,90],[689.052,184.067,85.275,90],[688.473,184.12,98.5,90],[688.913,184.888,35.341,90],[688.993,184.988,110,90],[689.178,185.055,70.066,90]],"b":[[724.552,93.516]],"pop":[12,13],"par":6,"own":"{\"compound\":1,\"timeDilation\":1}","ch":[],"best":0}
C f1180 {"st":"playing","w":1,"sc":100,"hp":99850,"p":[663.597,52.546,-220,0,1.318],"e":[[690.017,155.377,55.275,90],[690.039,155.369,100,90],[690.022,155.373,70.066,90],[690.045,155.335,110,90],[690.432,154.572,85.275,90],[689.979,154.631,98.5,90],[690.321,155.388,35.341,90],[690.382,155.487,110,90],[690.527,155.551,70.066,90]],"b":[],"pop":[13,10],"par":6,"own":"{\"compound\":1,\"timeDilation\":1}","ch":[],"best":0}
C f1200 {"st":"playing","w":1,"sc":100,"hp":99850,"p":[590.486,52.768,-206.667,13.333,0.745],"e":[[674.017,130.476,55.275,90],[674.035,130.471,100,90],[674.021,130.473,70.066,90],[674.036,130.44,110,90],[674.276,129.773,75.275,90],[673.906,129.781,98.5,90],[674.271,130.517,35.341,90],[674.332,130.614,110,90],[674.46,130.689,70.066,90]],"b":[],"pop":[10,10],"par":0,"own":"{\"compound\":1,\"timeDilation\":1}","ch":[],"best":0}
C f1200 draw e26ae0d9
C f1220 {"st":"playing","w":1,"sc":100,"hp":99850,"p":[565.486,101.101,0,220,0.186],"e":[[654.816,118.503,45.275,90],[654.832,118.5,100,90],[654.819,118.501,70.066,90],[654.83,118.474,110,90],[655.002,117.917,75.275,90],[654.652,117.895,98.5,90],[655.059,118.559,35.341,90],[655.125,118.648,110,90],[655.252,118.723,70.066,90]],"b":[],"pop":[10,10],"par":0,"own":"{\"compound\":1,\"timeDilation\":1}","ch":[],"best":0}
C f1240 {"st":"playing","w":1,"sc":100,"hp":99850,"p":[565.486,174.435,0,220,-0.578],"e":[[648.114,120.486,33.775,90],[648.13,120.483,100,90],[648.118,120.485,70.066,90],[648.129,120.459,110,90],[648.309,119.935,75.275,90],[647.963,119.921,98.5,90],[648.354,120.534,35.341,90],[648.418,120.616,110,90],[648.542,120.684,70.066,90]],"b":[],"pop":[10,12],"par":0,"own":"{\"compound\":1,\"timeDilation\":1}","ch":[],"best":0}
C f1260 {"st":"playing","w":1,"sc":100,"hp":99850,"p":[565.486,247.768,0,220,-1.032],"e":[[628.323,142.702,33.775,90],[628.337,142.698,100,90],[628.326,142.701,70.066,90],[628.339,142.676,110,90],[628.554,142.188,75.275,90],[628.256,142.216,98.5,90],[628.526,142.717,35.341,90],[628.572,142.783,110,90],[628.673,142.828,70.066,90]],"b":[[588.656,206.696]],"pop":[10,12],"par":0,"own":"{\"compound\":1,\"timeDilation\":1}","ch":[],"best":0}
C f1280 {"st":"playing","w":1,"sc":100,"hp":99850,"p":[565.486,316.435,0,140,-1.237],"e":[[616.258,170.113,20.55,90],[616.27,170.108,100,90],[616.26,170.111,70.066,90],[616.273,170.086,110,90],[616.488,169.599,75.275,90],[616.235,169.647,98.5,90],[616.427,170.113,35.341,90],[616.462,170.173,110,90],[616.543,170.209,70.066,90]],"b":[],"pop":[12,13],"par":0,"own":"{\"compound\":1,\"timeDilation\":1}","ch":[],"best":0}
C f1300 {"st":"playing","w":1,"sc":100,"hp":99850,"p":[565.486,327.546,0,0,-1.258],"e":[[606.976,198.641,5.341,90],[606.986,198.635,100,90],[606.978,198.638,70.066,90],[606.99,198.613,110,90],[607.196,198.123,75.275,90],[606.982,198.184,98.5,90],[607.117,198.631,35.341,90],[607.143,198.688,110,90],[607.208,198.72,70.066,90]],"b":[],"pop":[13,15],"par":0,"own":"{\"compound\":1,\"timeDilation\":1}","ch":[],"best":0}
C f1320 {"st":"playing","w":1,"sc":200,"hp":99850,"p":[565.486,327.546,0,0,-1.258],"e":[[597.793,227.191,100,90],[597.786,227.195,70.066,90],[597.797,227.17,110,90],[597.993,226.677,75.275,90],[597.819,226.75,98.5,90],[597.898,227.179,35.341,90],[597.915,227.234,110,90],[597.965,227.26,70.066,90]],"b":[],"pop":[15,17],"par":7,"own":"{\"compound\":1,\"timeDilation\":1}","ch":[],"best":0}
C f1340 {"st":"playing","w":1,"sc":200,"hp":99850,"p":[565.486,327.546,0,0,-1.258],"e":[[588.6,255.748,90,90],[588.594,255.753,70.066,90],[588.605,255.727,110,90],[588.791,255.231,75.275,90],[588.655,255.316,98.5,90],[588.679,255.728,35.341,90],[588.686,255.779,110,90],[588.722,255.801,70.066,90]],"b":[],"pop":[15,17,10],"par":7,"own":"{\"compound\":1,\"timeDilation\":1}","ch":[],"best":0}
C f1350 draw e6bdc66a
C f1360 {"st":"playing","w":1,"sc":200,"hp":99850,"p":[580.153,327.546,146.667,0,-1.542],"e":[[581.372,282.513,78.5,90],[581.368,282.518,70.066,90],[581.377,282.492,110,90],[581.542,281.992,75.275,90],[581.445,282.087,98.5,90],[581.425,282.486,35.341,90],[581.426,282.535,110,90],[581.447,282.553,70.066,90]],"b":[],"pop":[17,10,12],"par":0,"own":"{\"compound\":1,\"timeDilation\":1}","ch":[],"best":0}
C f1380 {"st":"playing","w":1,"sc":200,"hp":99850,"p":[650.708,327.546,220,0,-2.601],"e":[[584.726,287.903,78.5,90],[584.722,287.908,70.066,90],[584.729,287.883,110,90],[584.86,287.406,75.275,90],[584.775,287.495,98.5,90],[584.773,287.879,35.341,90],[584.776,287.927,110,90],[584.796,287.945,70.066,90]],"b":[],"pop":[10,12],"par":0,"own":"{\"compound\":1,\"timeDilation\":1}","ch":[],"best":0}
C f1400 {"st":"playing","w":1,"sc":200,"hp":99850,"p":[724.042,327.546,220,0,-2.875],"e":[[605.077,295.039,65.275,90],[605.074,295.043,70.066,90],[605.08,295.023,110,90],[605.18,294.629,75.275,90],[605.103,294.699,98.5,90],[605.122,295.021,35.341,90],[605.128,295.062,110,90],[605.148,295.078,70.066,90]],"b":[],"pop":[12,13],"par":0,"own":"{\"compound\":1,\"timeDilation\":1}","ch":[],"best":0}
C f1420 {"st":"playing","w":1,"sc":200,"hp":99850,"p":[797.375,327.546,220,0,-2.981],"e":[[634.441,301.12,50.066,90],[634.438,301.123,70.066,90],[634.443,301.107,110,90],[634.527,300.787,75.275,90],[634.453,300.841,98.5,90],[634.485,301.107,35.341,90],[634.492,301.14,110,90],[634.513,301.154,70.066,90]],"b":[],"pop":[13,15],"par":0,"own":"{\"compound\":1,\"timeDilation\":1}","ch":[],"best":0}
C f1440 {"st":"playing","w":1,"sc":200,"hp":99850,"p":[840.486,357.768,6.667,213.333,-2.86],"e":[[663.912,306.586,50.066,90],[663.909,306.588,70.066,90],[663.914,306.574,110,90],[663.989,306.304,75.275,90],[663.917,306.349,98.5,90],[663.955,306.576,35.341,90],[663.963,306.605,110,90],[663.985,306.617,70.066,90]],"b":[[754.035,323.711]],"pop":[15],"par":0,"own":"{\"compound\":1,\"timeDilation\":1}","ch":[],"best":0}
C f1460 {"st":"playing","w":1,"sc":200,"hp":99850,"p":[840.486,431.101,0,220,-2.505],"e":[[690.467,320.205,32.576,90],[690.465,320.207,70.066,90],[690.468,320.195,110,90],[690.525,319.962,75.275,90],[690.457,319.996,98.5,90],[690.509,320.199,35.341,90],[690.518,320.225,110,90],[690.539,320.237,70.066,90]],"b":[[804.695,401.841]],"pop":[15,17],"par":0,"own":"{\"compound\":1,\"timeDilation\":1}","ch":[],"best":0}
C f1480 {"st":"playing","w":1,"sc":200,"hp":99850,"p":[840.486,504.435,0,220,-2.239],"e":[[711.645,341.331,12.463,90],[711.643,341.333,70.066,90],[711.645,341.322,110,90],[711.682,341.109,75.275,90],[711.622,341.137,98.5,90],[711.683,341.329,35.341,90],[711.693,341.353,110,90],[711.714,341.366,70.066,90]],"b":[],"pop":[17,20],"par":0,"own":"{\"compound\":1,\"timeDilation\":1}","ch":[],"best":0}
C f1500 {"st":"playing","w":1,"sc":200,"hp":99850,"p":[840.264,522,-13.333,0,-2.189],"e":[[729.16,365.686,12.463,90],[729.158,365.687,70.066,90],[729.159,365.677,110,90],[729.179,365.476,75.275,90],[729.126,365.499,98.5,90],[729.194,365.686,35.341,90],[729.205,365.71,110,90],[729.225,365.723,70.066,90]],"b":[[744.321,386.254]],"pop":[20],"par":0,"own":"{\"compound\":1,\"timeDilation\":1}","ch":[],"best":0}
C f1500 draw a44ab51a
C f1520 {"st":"playing","w":1,"sc":300,"hp":99850,"p":[799.892,522,-155.563,0,-1.973],"e":[[744.321,391.492,70.066,90],[744.322,391.483,110,90],[744.325,391.292,75.275,90],[744.28,391.31,98.5,90],[744.353,391.494,35.341,90],[744.364,391.517,110,90],[744.383,391.532,70.066,90]],"b":[[762.131,417.107]],"pop":[23],"par":6,"own":"{\"compound\":1,\"timeDilation\":1}","ch":[],"best":0}
C f1540 {"st":"playing","w":1,"sc":300,"hp":99850,"p":[748.038,522,-155.563,0,-1.55],"e":[[750.1,420.698,48.566,90],[750.1,420.689,110,90],[750.095,420.5,75.275,90],[750.06,420.516,98.5,90],[750.125,420.701,35.341,90],[750.134,420.725,110,90],[750.149,420.74,70.066,90]],"b":[],"pop":[23,10,12],"par":0,"own":"{\"compound\":1,\"timeDilation\":1}","ch":[],"best":0}
C f1560 {"st":"playing","w":1,"sc":300,"hp":99850,"p":[696.183,522,-155.563,0,-1.042],"e":[[745.284,437.803,48.566,90],[745.285,437.794,110,90],[745.289,437.608,75.275,90],[745.259,437.625,98.5,90],[745.306,437.805,35.341,90],[745.313,437.828,110,90],[745.325,437.842,70.066,90]],"b":[[720.08,483.502]],"pop":[10,12],"par":0,"own":"{\"compound\":1,\"timeDilation\":1}","ch":[],"best":0}
C f1580 {"st":"playing","w":1,"sc":300,"hp":99850,"p":[648.995,517.333,-75.563,-80,-0.653],"e":[[726.464,457.941,35.341,90],[726.466,457.932,110,90],[726.33,458.118,75.275,90],[726.302,458.137,98.5,90],[726.482,457.939,35.341,90],[726.486,457.959,110,90],[726.495,457.97,70.066,90]],"b":[],"pop":[12,13],"par":0,"own":"{\"compound\":1,\"timeDilation\":1}","ch":[],"best":0}
C f1600 {"st":"playing","w":1,"sc":300,"hp":99850,"p":[646.032,455.111,0,-220,0.105],"e":[[717.02,462.382,20.133,90],[717.021,462.374,110,90],[716.881,462.548,75.275,90],[716.853,462.566,98.5,90],[717.038,462.38,35.341,90],[717.04,462.397,110,90],[717.048,462.407,70.066,90]],"b":[],"pop":[13,15],"par":0,"own":"{\"compound\":1,\"timeDilation\":1}","ch":[],"best":0}
C f1620 {"st":"playing","w":1,"sc":300,"hp":99850,"p":[646.032,381.778,0,-220,0.865],"e":[[711.259,458.387,2.642,90],[711.26,458.38,110,90],[711.129,458.539,75.275,90],[711.102,458.555,98.5,90],[711.276,458.386,35.341,90],[711.279,458.403,110,90],[711.287,458.412,70.066,90]],"b":[],"pop":[15,17],"par":0,"own":"{\"compound\":1,\"timeDilation\":1}","ch":[],"best":0}
C f1640 {"st":"playing","w":1,"sc":300,"hp":99850,"p":[646.032,308.444,0,-220,1.184],"e":[[696.509,432.401,2.642,90],[696.51,432.394,110,90],[696.416,432.532,75.275,90],[696.395,432.544,98.5,90],[696.524,432.401,35.341,90],[696.528,432.418,110,90],[696.535,432.427,70.066,90]],"b":[[683.054,405.846]],"pop":[17],"par":0,"own":"{\"compound\":1,\"timeDilation\":1}","ch":[],"best":0}
C f1650 draw dd8bb552
C f1660 {"st":"playing","w":1,"sc":400,"hp":99850,"p":[646.032,249.778,0,-73.333,1.308],"e":[[687.454,403.813,110,90],[687.383,403.944,75.275,90],[687.366,403.955,98.5,90],[687.466,403.821,35.341,90],[687.471,403.837,110,90],[687.478,403.847,70.066,90]],"b":[[657.542,293.468]],"pop":[20],"par":8,"own":"{\"compound\":1,\"timeDilation\":1}","ch":[],"best":0}
C f1680 {"st":"playing","w":1,"sc":400,"hp":99850,"p":[646.032,247,0,0,1.313],"e":[[679.786,374.81,100,90],[679.733,374.935,75.275,90],[679.72,374.946,98.5,90],[679.796,374.818,35.341,90],[679.801,374.834,110,90],[679.807,374.845,70.066,90]],"b":[],"pop":[20,10],"par":0,"own":"{\"compound\":1,\"timeDilation\":1}","ch":[],"best":0}
C f1700 {"st":"playing","w":1,"sc":400,"hp":99850,"p":[646.032,247,0,0,1.313],"e":[[672.126,345.804,88.5,90],[672.091,345.925,75.275,90],[672.081,345.934,98.5,90],[672.134,345.813,35.341,90],[672.139,345.829,110,90],[672.144,345.84,70.066,90]],"b":[],"pop":[10,12],"par":0,"own":"{\"compound\":1,\"timeDilation\":1}","ch":[],"best":0}
C f1720 {"st":"playing","w":1,"sc":400,"hp":99850,"p":[646.032,247,0,0,1.313],"e":[[664.466,316.799,75.275,90],[664.449,316.915,75.275,90],[664.442,316.923,98.5,90],[664.472,316.808,35.341,90],[664.477,316.824,110,90],[664.481,316.835,70.066,90]],"b":[],"pop":[12,13],"par":0,"own":"{\"compound\":1,\"timeDilation\":1}","ch":[],"best":0}
C f1740 {"st":"playing","w":1,"sc":400,"hp":99850,"p":[673.662,219.37,155.563,-155.563,1.73],"e":[[660.964,298.297,60.066,90],[660.956,298.411,75.275,90],[660.952,298.419,98.5,90],[660.97,298.306,35.341,90],[660.974,298.322,110,90],[660.978,298.333,70.066,90]],"b":[],"pop":[13,15],"par":0,"own":"{\"compound\":1,\"timeDilation\":1}","ch":[],"best":0}
C f1760 {"st":"playing","w":1,"sc":400,"hp":99850,"p":[725.516,167.515,155.563,-155.563,2.043],"e":[[669.525,277.217,60.066,90],[669.511,277.328,75.275,90],[669.506,277.336,98.5,90],[669.529,277.226,35.341,90],[669.531,277.241,110,90],[669.534,277.251,70.066,90]],"b":[[703.287,209.483]],"pop":[15],"par":0,"own":"{\"compound\":1,\"timeDilation\":1}","ch":[],"best":0}
C f1780 {"st":"playing","w":1,"sc":400,"hp":99850,"p":[777.371,115.661,155.563,-155.563,2.167],"e":[[685.078,251.585,42.576,90],[685.057,251.692,75.275,90],[685.052,251.7,98.5,90],[685.08,251.593,35.341,90],[685.081,251.607,110,90],[685.083,251.617,70.066,90]],"b":[],"pop":[15,17],"par":0,"own":"{\"compound\":1,\"timeDilation\":1}","ch":[],"best":0}
C f1800 {"st":"playing","w":1,"sc":400,"hp":99850,"p":[829.003,64.028,142.23,-142.23,2.229],"e":[[702.796,227.382,22.463,90],[702.77,227.485,75.275,90],[702.765,227.493,98.5,90],[702.798,227.389,35.341,90],[702.798,227.403,110,90],[702.798,227.412,70.066,90]],"b":[],"pop":[17,20],"par":0,"own":"{\"compound\":1,\"timeDilation\":1}","ch":[],"best":0}
C f1800 draw 78a21a4c
C f1820 {"st":"playing","w":1,"sc":400,"hp":99850,"p":[829.747,52.546,-124.437,0,2.194],"e":[[721.135,203.643,22.463,90],[721.104,203.742,75.275,90],[721.099,203.75,98.5,90],[721.137,203.65,35.341,90],[721.135,203.663,110,90],[721.135,203.671,70.066,90]],"b":[[763.612,150.106]],"pop":[20],"par":0,"own":"{\"compound\":1,\"timeDilation\":1}","ch":[],"best":0}
C f1840 {"st":"playing","w":1,"sc":500,"hp":99850,"p":[761.34,52.546,-220,0,1.789],"e":[[733.786,176.801,75.275,90],[733.782,176.809,98.5,90],[733.82,176.709,35.341,90],[733.818,176.722,110,90],[733.818,176.73,70.066,90]],"b":[[752.687,130.753]],"pop":[20,23],"par":7,"own":"{\"compound\":1,\"timeDilation\":1}","ch":[],"best":0}
C f1860 {"st":"playing","w":1,"sc":500,"hp":99850,"p":[688.007,52.546,-220,0,1.149],"e":[[730.546,147.504,65.275,90],[730.542,147.511,98.5,90],[730.569,147.414,35.341,90],[730.568,147.426,110,90],[730.568,147.434,70.066,90]],"b":[[708.384,93.249]],"pop":[23,10],"par":0,"own":"{\"compound\":1,\"timeDilation\":1}","ch":[],"best":0}
C f1880 {"st":"playing","w":1,"sc":500,"hp":99850,"p":[619.34,57.212,-140,80,0.635],"e":[[711.164,125.021,53.775,90],[711.162,125.028,98.5,90],[711.174,124.943,35.341,90],[711.175,124.954,110,90],[711.175,124.962,70.066,90]],"b":[],"pop":[10,12],"par":0,"own":"{\"compound\":1,\"timeDilation\":1}","ch":[],"best":0}
C f1900 {"st":"playing","w":1,"sc":500,"hp":99850,"p":[608.229,119.435,0,220,-0.019],"e":[[696.229,117.781,40.55,90],[696.227,117.787,98.5,90],[696.234,117.713,35.341,90],[696.235,117.723,110,90],[696.236,117.73,70.066,90]],"b":[],"pop":[12,13],"par":0,"own":"{\"compound\":1,\"timeDilation\":1}","ch":[],"best":0}
C f1920 {"st":"playing","w":1,"sc":500,"hp":99850,"p":[608.229,192.768,0,220,-0.725],"e":[[685.157,124.551,25.341,90],[685.155,124.556,98.5,90],[685.165,124.489,35.341,90],[685.166,124.498,110,90],[685.166,124.504,70.066,90]],"b":[],"pop":[13,15],"par":0,"own":"{\"compound\":1,\"timeDilation\":1}","ch":[],"best":0}
C f1940 {"st":"playing","w":1,"sc":500,"hp":99850,"p":[608.229,266.101,0,220,-1.102],"e":[[667.716,148.753,25.341,90],[667.714,148.758,98.5,90],[667.73,148.695,35.341,90],[667.729,148.703,110,90],[667.729,148.709,70.066,90]],"b":[[652.402,172.654]],"pop":[15],"par":0,"own":"{\"compound\":1,\"timeDilation\":1}","ch":[],"best":0}
C f1950 draw 7db64b9d
C f1960 {"st":"playing","w":1,"sc":500,"hp":99850,"p":[608.229,324.768,0,73.333,-1.254],"e":[[656.841,176.682,7.851,90],[656.839,176.687,98.5,90],[656.856,176.625,35.341,90],[656.855,176.633,110,90],[656.855,176.638,70.066,90]],"b":[[622.054,281.774]],"pop":[15,17],"par":0,"own":"{\"compound\":1,\"timeDilation\":1}","ch":[],"best":0}
C f1980 {"st":"playing","w":1,"sc":600,"hp":99850,"p":[608.229,327.546,0,0,-1.259],"e":[[647.63,205.239,98.5,90],[647.648,205.177,35.341,90],[647.647,205.184,110,90],[647.646,205.189,70.066,90]],"b":[],"pop":[17,20],"par":9,"own":"{\"compound\":1,\"timeDilation\":1}","ch":[],"best":0}
C f2000 {"st":"playing","w":1,"sc":600,"hp":99850,"p":[608.229,327.546,0,0,-1.259],"e":[[638.431,233.794,88.5,90],[638.449,233.732,35.341,90],[638.448,233.739,110,90],[638.447,233.744,70.066,90]],"b":[],"pop":[20,10],"par":9,"own":"{\"compound\":1,\"timeDilation\":1}","ch":[],"best":0}
C f2020 {"st":"playing","w":1,"sc":600,"hp":99850,"p":[608.229,327.546,0,0,-1.259],"e":[[629.232,262.349,77,90],[629.251,262.287,35.341,90],[629.249,262.294,110,90],[629.248,262.299,70.066,90]],"b":[],"pop":[10,12],"par":0,"own":"{\"compound\":1,\"timeDilation\":1}","ch":[],"best":0}
C f2040 {"st":"playing","w":1,"sc":600,"hp":99850,"p":[638.451,327.546,213.333,0,-1.881],"e":[[624.568,284.182,63.775,90],[624.584,284.12,35.341,90],[624.583,284.128,110,90],[624.582,284.132,70.066,90]],"b":[],"pop":[12,13],"par":0,"own":"{\"compound\":1,\"timeDilation\":1}","ch":[],"best":0}
C f2060 {"st":"playing","w":1,"sc":600,"hp":99850,"p":[711.785,327.546,220,0,-2.697],"e":[[628.93,288.083,63.775,90],[628.943,288.025,35.341,90],[628.942,288.032,110,90],[628.941,288.036,70.066,90]],"b":[[668.736,307.923]],"pop":[13],"par":0,"own":"{\"compound\":1,\"timeDilation\":1}","ch":[],"best":0}
C f2080 {"st":"playing","w":1,"sc":600,"hp":99850,"p":[785.118,327.546,220,0,-2.907],"e":[[655.191,296.456,48.566,90],[655.2,296.41,35.341,90],[655.199,296.416,110,90],[655.199,296.419,70.066,90]],"b":[],"pop":[13,15],"par":0,"own":"{\"compound\":1,\"timeDilation\":1}","ch":[],"best":0}
C f2100 {"st":"playing","w":1,"sc":600,"hp":99850,"p":[858.229,327.768,206.667,13.333,-2.994],"e":[[684.68,301.917,31.076,90],[684.688,301.879,35.341,90],[684.687,301.884,110,90],[684.687,301.887,70.066,90]],"b":[],"pop":[15,17],"par":0,"own":"{\"compound\":1,\"timeDilation\":1}","ch":[],"best":0}
C f2100 draw 40948de4
C f2120 {"st":"playing","w":1,"sc":600,"hp":99850,"p":[883.229,376.101,0,220,-2.763],"e":[[713.796,308.797,31.076,90],[713.802,308.764,35.341,90],[713.802,308.768,110,90],[713.801,308.771,70.066,90]],"b":[[757.562,315.825]],"pop":[17],"par":0,"own":"{\"compound\":1,\"timeDilation\":1}","ch":[],"best":0}
C f2140 {"st":"playing","w":1,"sc":600,"hp":99850,"p":[883.229,449.435,0,220,-2.428],"e":[[739.078,324.687,10.963,90],[739.081,324.659,35.341,90],[739.081,324.662,110,90],[739.081,324.665,70.066,90]],"b":[[814.96,378.492]],"pop":[20],"par":0,"own":"{\"compound\":1,\"timeDilation\":1}","ch":[],"best":0}
C f2160 {"st":"playing","w":1,"sc":700,"hp":99850,"p":[883.229,522,0,0,-2.189],"e":[[758.881,347.102,35.341,90],[758.882,347.106,110,90],[758.882,347.108,70.066,90]],"b":[[857.452,483.443]],"pop":[20,23],"par":7,"own":"{\"compound\":1,\"timeDilation\":1}","ch":[],"best":0}
C f2180 {"st":"playing","w":1,"sc":700,"hp":99850,"p":[878.562,522,-80,0,-2.168],"e":[[776.199,371.599,25.341,90],[776.199,371.602,110,90],[776.199,371.604,70.066,90]],"b":[],"pop":[23,10],"par":0,"own":"{\"compound\":1,\"timeDilation\":1}","ch":[],"best":0}
C f2200 {"st":"playing","w":1,"sc":700,"hp":99850,"p":[829.671,522,-155.563,0,-1.884],"e":[[789.629,398.302,13.841,90],[789.629,398.305,110,90],[789.63,398.307,70.066,90]],"b":[],"pop":[10,12],"par":0,"own":"{\"compound\":1,\"timeDilation\":1}","ch":[],"best":0}
C f2220 {"st":"playing","w":1,"sc":700,"hp":99850,"p":[777.817,522,-155.563,0,-1.421],"e":[[792.348,425.938,0.616,90],[792.348,425.941,110,90],[792.349,425.943,70.066,90]],"b":[],"pop":[10,12,13],"par":0,"own":"{\"compound\":1,\"timeDilation\":1}","ch":[],"best":0}
C f2240 {"st":"playing","w":1,"sc":800,"hp":99850,"p":[725.962,522,-155.563,0,-0.935],"e":[[784.549,442.663,110,90],[784.549,442.665,70.066,90]],"b":[],"pop":[12,13,15],"par":7,"own":"{\"compound\":1,\"timeDilation\":1}","ch":[],"best":0}
C f2250 draw 81f704c4
C f2260 {"st":"playing","w":1,"sc":800,"hp":99850,"p":[688.775,507.333,-8.897,-146.667,-0.547],"e":[[764.565,461.143,110,90],[764.564,461.145,70.066,90]],"b":[[725.939,485.991]],"pop":[13,15],"par":7,"own":"{\"compound\":1,\"timeDilation\":1}","ch":[],"best":0}
C f2280 {"st":"playing","w":1,"sc":800,"hp":99850,"p":[688.775,436.778,0,-220,0.35],"e":[[758.178,462.148,100,90],[758.177,462.15,70.066,90]],"b":[],"pop":[15,10],"par":0,"own":"{\"compound\":1,\"timeDilation\":1}","ch":[],"best":0}
C f2300 {"st":"playing","w":1,"sc":800,"hp":99850,"p":[688.775,363.444,0,-220,0.973],"e":[[749.406,452.496,88.5,90],[749.406,452.498,70.066,90]],"b":[],"pop":[10,12],"par":0,"own":"{\"compound\":1,\"timeDilation\":1}","ch":[],"best":0}
C f2320 {"st":"playing","w":1,"sc":800,"hp":99850,"p":[688.775,290.111,0,-220,1.232],"e":[[736.536,425.484,75.275,90],[736.537,425.486,70.066,90]],"b":[],"pop":[12,13],"par":0,"own":"{\"compound\":1,\"timeDilation\":1}","ch":[],"best":0}
C f2340 {"st":"playing","w":1,"sc":800,"hp":99850,"p":[688.775,247,0,-6.667,1.313],"e":[[728.205,396.672,75.275,90],[728.206,396.674,70.066,90]],"b":[[710.699,332.088]],"pop":[13],"par":0,"own":"{\"compound\":1,\"timeDilation\":1}","ch":[],"best":0}
C f2360 {"st":"playing","w":1,"sc":800,"hp":99850,"p":[688.775,247,0,0,1.313],"e":[[720.563,367.662,60.066,90],[720.563,367.664,70.066,90]],"b":[[699.984,289.548]],"pop":[13,15],"par":0,"own":"{\"compound\":1,\"timeDilation\":1}","ch":[],"best":0}
C f2380 {"st":"playing","w":1,"sc":800,"hp":99850,"p":[688.775,247,0,0,1.313],"e":[[712.92,338.652,42.576,90],[712.92,338.653,70.066,90]],"b":[],"pop":[15,17],"par":0,"own":"{\"compound\":1,\"timeDilation\":1}","ch":[],"best":0}
C f2400 {"st":"playing","w":1,"sc":800,"hp":99850,"p":[688.997,246.778,13.333,-13.333,1.317],"e":[[705.285,309.647,22.463,90],[705.285,309.648,70.066,90]],"b":[],"pop":[17,20],"par":0,"own":"{\"compound\":1,\"timeDilation\":1}","ch":[],"best":0}
C f2400 draw b0052157
C f2420 {"st":"playing","w":1,"sc":900,"hp":99850,"p":[729.369,206.406,155.563,-155.563,1.844],"e":[[704.039,296.882,70.066,90]],"b":[],"pop":[20,23],"par":7,"own":"{\"compound\":1,\"timeDilation\":1}","ch":[],"best":0}
C f2440 {"st":"playing","w":1,"sc":900,"hp":99850,"p":[781.223,154.552,155.563,-155.563,2.084],"e":[[716.027,270.257,70.066,90]],"b":[[728.174,245.276]],"pop":[23],"par":7,"own":"{\"compound\":1,\"timeDilation\":1}","ch":[],"best":0}
C f2460 {"st":"playing","w":1,"sc":900,"hp":99850,"p":[833.078,102.697,155.563,-155.563,2.187],"e":[[732.717,244.422,60.066,90]],"b":[[805.186,141.289]],"pop":[10],"par":0,"own":"{\"compound\":1,\"timeDilation\":1}","ch":[],"best":0}
C f2480 {"st":"playing","w":1,"sc":900,"hp":99850,"p":[880.265,55.509,75.563,-75.563,2.236],"e":[[751.426,219.613,48.566,90]],"b":[],"pop":[10,12],"par":0,"own":"{\"compound\":1,\"timeDilation\":1}","ch":[],"best":0}
C f2500 {"st":"playing","w":1,"sc":900,"hp":99850,"p":[858.787,52.546,-191.103,0,2.129],"e":[[770.138,194.441,35.341,90]],"b":[],"pop":[12,13],"par":0,"own":"{\"compound\":1,\"timeDilation\":1}","ch":[],"best":0}
C f2520 {"st":"playing","w":1,"sc":900,"hp":99850,"p":[785.75,52.546,-220,0,1.623],"e":[[779.905,164.657,20.133,90]],"b":[],"pop":[13,15],"par":0,"own":"{\"compound\":1,\"timeDilation\":1}","ch":[],"best":0}
C f2540 {"st":"playing","w":1,"sc":900,"hp":99850,"p":[712.416,52.546,-220,0,0.955],"e":[[770.503,134.694,2.642,90]],"b":[],"pop":[13,15,17],"par":0,"own":"{\"compound\":1,\"timeDilation\":1}","ch":[],"best":0}
C f2550 draw b2dff273
C f2560 {"st":"playing","w":1,"sc":900,"hp":99850,"p":[653.75,67.212,-73.333,146.667,0.472],"e":[[745.858,114.226,2.642,90]],"b":[[693.629,85.784]],"pop":[15,17],"par":0,"own":"{\"compound\":1,\"timeDilation\":1}","ch":[],"best":0}
C f2580 {"st":"choosing","w":1,"sc":1000,"hp":99850,"p":[650.972,82.768,-6.667,213.333,0.316],"e":[],"b":[],"pop":[17,20],"par":8,"own":"{\"compound\":1,\"timeDilation\":1}","ch":["timeDilation","compound","variance"],"best":0}
C f2600 {"st":"choosing","w":1,"sc":1000,"hp":99850,"p":[650.972,82.768,-6.667,213.333,0.316],"e":[],"b":[],"pop":[20],"par":0,"own":"{\"compound\":1,\"timeDilation\":1}","ch":["timeDilation","compound","variance"],"best":0}
C f2620 {"st":"playing","w":2,"sc":1000,"hp":99850,"p":[650.972,141.435,0,220,1.571],"e":[],"b":[],"pop":[],"par":0,"own":"{\"compound\":2,\"timeDilation\":1}","ch":["timeDilation","compound","variance"],"best":0}
C f2640 {"st":"playing","w":2,"sc":1000,"hp":99850,"p":[650.972,184.546,0,6.667,1.571],"e":[],"b":[],"pop":[],"par":0,"own":"{\"compound\":2,\"timeDilation\":1}","ch":["timeDilation","compound","variance"],"best":0}
C f2660 {"st":"playing","w":2,"sc":1000,"hp":99850,"p":[650.972,184.546,0,0,1.571],"e":[],"b":[],"pop":[],"par":0,"own":"{\"compound\":2,\"timeDilation\":1}","ch":["timeDilation","compound","variance"],"best":0}
C f2680 {"st":"playing","w":2,"sc":1000,"hp":99850,"p":[650.972,184.546,0,0,2.067],"e":[[462.149,533.019,134.88,92.25],[290.943,-3.88,134.88,92.25],[9.966,110.829,134.88,92.25]],"b":[[572.84,328.738]],"pop":[],"par":0,"own":"{\"compound\":2,\"timeDilation\":1}","ch":["timeDilation","compound","variance"],"best":0}
C f2700 {"st":"playing","w":2,"sc":1000,"hp":99850,"p":[651.194,184.546,13.333,0,2.068],"e":[[476.799,505.984,134.88,92.25],[318.187,10.378,134.88,92.25],[40.515,114.342,134.88,92.25]],"b":[[496.614,469.413],[591.897,293.569]],"pop":[],"par":0,"own":"{\"compound\":2,\"timeDilation\":1}","ch":["timeDilation","compound","variance"],"best":0}
C f2700 draw 7cf0c73b
C f2720 {"st":"playing","w":2,"sc":1000,"hp":99850,"p":[699.528,184.546,220,0,2.182],"e":[[492.674,479.672,124.88,92.25],[345.748,24.004,134.88,92.25],[71.076,117.748,134.88,92.25]],"b":[[515.671,434.245],[632.974,255.687]],"pop":[10],"par":0,"own":"{\"compound\":2,\"timeDilation\":1}","ch":["timeDilation","compound","variance"],"best":0}
C f2740 {"st":"playing","w":2,"sc":1000,"hp":99850,"p":[772.861,184.546,220,0,2.336],"e":[[512.324,456.058,112.88,92.25],[374.201,35.651,134.88,92.25],[101.672,120.813,134.88,92.25]],"b":[[547.899,391.194],[738.954,216.507]],"pop":[10,12],"par":0,"own":"{\"compound\":2,\"timeDilation\":1}","ch":["timeDilation","compound","variance"],"best":0}
C f2760 {"st":"playing","w":2,"sc":1000,"hp":99850,"p":[846.194,184.546,220,0,2.463],"e":[[535.079,435.406,98.48,92.25],[403.304,45.566,134.88,92.25],[132.299,123.564,134.88,92.25]],"b":[[628.991,332.732]],"pop":[12,14],"par":0,"own":"{\"compound\":2,\"timeDilation\":1}","ch":["timeDilation","compound","variance"],"best":0}
C f2780 {"st":"playing","w":2,"sc":1000,"hp":99850,"p":[914.861,189.212,140,80,0.854],"e":[[560.06,417.499,88.48,92.25],[432.833,54.141,134.88,92.25],[162.946,126.075,134.88,92.25],[960.052,241.104,124.88,92.25],[14.457,64.284,134.88,92.25],[430.002,-4.166,134.88,92.25]],"b":[],"pop":[14,10,10],"par":0,"own":"{\"compound\":2,\"timeDilation\":1}","ch":["timeDilation","compound","variance"],"best":0}
C f2800 {"st":"playing","w":2,"sc":1000,"hp":99818.5,"p":[925.972,251.435,0,220,-0.502],"e":[[587.049,402.828,88.48,92.25],[461.977,63.889,134.88,92.25],[193.463,129.78,134.88,92.25],[953.071,236.553,114.88,92.25],[44.769,69.419,134.88,92.25],[458.026,8.454,134.88,92.25]],"b":[],"pop":[10,10,10],"par":0,"own":"{\"compound\":2,\"timeDilation\":1}","ch":["timeDilation","compound","variance"],"best":0}
C f2820 {"st":"playing","w":2,"sc":1000,"hp":99818.5,"p":[925.972,324.768,0,220,-1.288],"e":[[616.212,393.243,88.48,92.25],[489.593,77.364,134.88,92.25],[223.488,136.36,134.88,92.25],[950.096,241.794,102.88,92.25],[74.589,76.892,134.88,92.25],[484.354,24.306,134.88,92.25]],"b":[],"pop":[10,12],"par":0,"own":"{\"compound\":2,\"timeDilation\":1}","ch":["timeDilation","compound","variance"],"best":0}
C f2840 {"st":"playing","w":2,"sc":1000,"hp":99818.5,"p":[925.972,398.101,0,220,-1.425],"e":[[646.754,390.426,88.48,92.25],[515.292,94.216,134.88,92.25],[252.734,145.821,134.88,92.25],[945.262,267.156,102.88,92.25],[103.724,86.701,134.88,92.25],[508.731,43.026,134.88,92.25]],"b":[[932.563,350.931]],"pop":[12],"par":0,"own":"{\"compound\":2,\"timeDilation\":1}","ch":["timeDilation","compound","variance"],"best":0}
C f2850 draw 9a139be3
C f2860 {"st":"playing","w":2,"sc":1000,"hp":99818.5,"p":[911.305,461.695,-146.667,155.563,-1.391],"e":[[677.028,395.361,88.48,92.25],[538.883,113.914,134.88,92.25],[280.965,157.983,134.88,92.25],[941.159,297.626,88.48,92.25],[132.023,98.714,134.88,92.25],[531.068,64.141,134.88,92.25],[-11.401,387.621,134.88,92.25],[974.717,248.377,134.88,92.25],[931.218,-11.391,134.88,92.25]],"b":[],"pop":[12,14],"par":0,"own":"{\"compound\":2,\"timeDilation\":1}","ch":["timeDilation","compound","variance"],"best":0}
C f2880 {"st":"playing","w":2,"sc":1000,"hp":99818.5,"p":[859.451,513.549,-155.563,155.563,-2.544],"e":[[704.796,408.253,88.48,92.25],[559.658,136.547,134.88,92.25],[307.896,172.797,134.88,92.25],[932.387,327.05,71.2,92.25],[159.3,112.891,134.88,92.25],[550.68,87.794,134.88,92.25],[19.146,391.096,134.88,92.25],[963.888,277.135,134.88,92.25],[928.333,19.212,134.88,92.25]],"b":[],"pop":[14,17],"par":0,"own":"{\"compound\":2,\"timeDilation\":1}","ch":["timeDilation","compound","variance"],"best":0}
C f2900 {"st":"playing","w":2,"sc":1000,"hp":99818.5,"p":[807.596,522,-155.563,0,-2.281],"e":[[727.492,428.893,78.48,92.25],[577.382,161.66,134.88,92.25],[333.486,189.841,134.88,92.25],[918.255,354.29,71.2,92.25],[185.575,128.861,134.88,92.25],[567.385,113.598,134.88,92.25],[49.507,395.97,134.88,92.25],[949.273,304.149,134.88,92.25],[922.532,49.396,134.88,92.25]],"b":[],"pop":[17,10],"par":0,"own":"{\"compound\":2,\"timeDilation\":1}","ch":["timeDilation","compound","variance"],"best":0}
C f2920 {"st":"playing","w":2,"sc":1000,"hp":99818.5,"p":[755.742,522,-155.563,0,-1.802],"e":[[738.264,447.659,66.48,92.25],[592.414,188.467,134.88,92.25],[358.146,208.204,134.88,92.25],[898.707,377.963,71.2,92.25],[211.218,145.828,134.88,92.25],[581.555,140.874,134.88,92.25],[79.809,401.2,134.88,92.25],[930.417,328.399,134.88,92.25],[913.654,78.822,134.88,92.25]],"b":[],"pop":[17,10,12],"par":0,"own":"{\"compound\":2,\"timeDilation\":1}","ch":["timeDilation","compound","variance"],"best":0}
C f2940 {"st":"playing","w":2,"sc":1000,"hp":99787,"p":[731.518,491.778,0,-213.333,-1.341],"e":[[737.601,465.764,52.08,92.25],[604.94,216.548,134.88,92.25],[382.121,227.456,134.88,92.25],[875.056,397.533,71.2,92.25],[236.439,163.417,134.88,92.25],[593.418,169.241,134.88,92.25],[110.124,406.338,134.88,92.25],[908.139,349.551,134.88,92.25],[902.055,107.294,134.88,92.25]],"b":[],"pop":[10,12,14],"par":0,"own":"{\"compound\":2,\"timeDilation\":1}","ch":["timeDilation","compound","variance"],"best":0}
C f2960 {"st":"playing","w":2,"sc":1000,"hp":99787,"p":[731.518,418.444,0,-220,1.484],"e":[[735.429,463.404,52.08,92.25],[619.574,243.564,134.88,92.25],[407.972,244.051,134.88,92.25],[846.44,407.897,71.2,92.25],[262.986,178.903,134.88,92.25],[606.957,196.833,134.88,92.25],[140.771,408.62,134.88,92.25],[881.545,364.696,134.88,92.25],[888.398,134.833,134.88,92.25],[625.345,549.057,134.88,92.25],[-6.785,393.886,134.88,92.25],[967.601,320.322,134.88,92.25]],"b":[],"pop":[12,14],"par":0,"own":"{\"compound\":2,\"timeDilation\":1}","ch":["timeDilation","compound","variance"],"best":0}
C f2980 {"st":"playing","w":2,"sc":1000,"hp":99787,"p":[731.518,345.111,0,-220,0.571],"e":[[734.957,452.345,34.8,92.25],[639.398,266.919,134.88,92.25],[436.326,255.817,134.88,92.25],[817.266,400.179,71.2,92.25],[291.247,190.962,134.88,92.25],[624.459,222.051,134.88,92.25],[171.462,407.099,134.88,92.25],[851.259,367.173,134.88,92.25],[871.704,160.625,134.88,92.25],[641.666,523.063,134.88,92.25],[23.946,393.285,134.88,92.25],[937.846,327.572,134.88,92.25]],"b":[],"pop":[14,17],"par":0,"own":"{\"compound\":2,\"timeDilation\":1}","ch":["timeDilation","compound","variance"],"best":0}
C f3000 {"st":"playing","w":2,"sc":1000,"hp":99787,"p":[731.518,272,0,-206.667,3.125],"e":[[734.229,421.604,34.8,92.25],[651.039,273.309,124.88,92.25],[466.576,260.863,134.88,92.25],[796.706,377.647,71.2,92.25],[320.974,198.697,134.88,92.25],[644.432,238.157,134.88,92.25],[201.703,401.644,134.88,92.25],[824.277,353.212,134.88,92.25],[850.191,182.458,134.88,92.25],[653.455,494.686,134.88,92.25],[54.452,389.528,134.88,92.25],[907.459,324.239,134.88,92.25]],"b":[],"pop":[17,10],"par":0,"own":"{\"compound\":2,\"timeDilation\":1}","ch":["timeDilation","compound","variance"],"best":0}
C f3000 draw 69de98bd
C f3020 {"st":"playing","w":2,"sc":1000,"hp":99787,"p":[731.518,247,0,0,2.812],"e":[[733.737,390.858,34.8,92.25],[674.95,266.332,112.88,92.25],[497.298,259.859,134.88,92.25],[782.54,350.365,71.2,92.25],[351.46,202.681,134.88,92.25],[669.129,241.446,134.88,92.25],[231.3,393.311,134.88,92.25],[803.513,330.561,134.88,92.25],[823.649,197.923,134.88,92.25],[662.884,465.418,134.88,92.25],[84.589,383.429,134.88,92.25],[879.025,312.583,134.88,92.25]],"b":[],"pop":[10,12],"par":0,"own":"{\"compound\":2,\"timeDilation\":1}","ch":["timeDilation","compound","variance"],"best":0}
C f3040 {"st":"playing","w":2,"sc":1000,"hp":99755.5,"p":[731.518,247,0,0,2.812],"e":[[733.262,360.111,34.8,92.25],[704.048,256.388,98.48,92.25],[528.002,258.173,134.88,92.25],[768.93,322.792,71.2,92.25],[382.003,206.243,134.88,92.25],[699.757,244.172,134.88,92.25],[260.813,384.678,134.88,92.25],[783.441,307.265,134.88,92.25],[796.509,212.38,134.88,92.25],[672.102,436.082,134.88,92.25],[114.677,377.083,134.88,92.25],[850.927,300.091,134.88,92.25]],"b":[],"pop":[10,12,14],"par":0,"own":"{\"compound\":2,\"timeDilation\":1}","ch":["timeDilation","compound","variance"],"best":0}
C f3060 {"st":"playing","w":2,"sc":1000,"hp":99755.5,"p":[731.518,247,0,0,-3.053],"e":[[732.788,329.365,34.8,92.25],[730.236,247.438,98.48,92.25],[558.706,256.488,134.88,92.25],[755.319,295.218,71.2,92.25],[412.546,209.804,134.88,92.25],[730.386,246.899,134.88,92.25],[290.326,376.046,134.88,92.25],[763.37,283.969,134.88,92.25],[769.37,226.837,134.88,92.25],[681.32,406.747,134.88,92.25],[144.766,370.738,134.88,92.25],[822.829,287.598,134.88,92.25],[267.301,548.464,134.88,92.25],[-2.617,54.157,134.88,92.25],[200.995,-9.968,134.88,92.25]],"b":[],"pop":[12,14],"par":0,"own":"{\"compound\":2,\"timeDilation\":1}","ch":["timeDilation","compound","variance"],"best":0}
C f3080 {"st":"playing","w":2,"sc":1000,"hp":99724,"p":[736.184,242.333,80,-80,2.218],"e":[[732.604,299.387,34.8,92.25],[735.494,243.248,98.48,92.25],[589.402,254.683,134.88,92.25],[742.725,268.053,71.2,92.25],[443.097,213.295,134.88,92.25],[735.309,243.284,134.88,92.25],[319.831,367.385,134.88,92.25],[744.584,260.695,134.88,92.25],[742.677,240.428,134.88,92.25],[690.62,377.437,134.88,92.25],[174.849,364.368,134.88,92.25],[795.559,275.147,134.88,92.25],[293.084,531.707,134.88,92.25],[27.132,61.938,134.88,92.25],[228.689,3.396,134.88,92.25]],"b":[[568.164,232.457]],"pop":[14],"par":0,"own":"{\"compound\":2,\"timeDilation\":1}","ch":["timeDilation","compound","variance"],"best":0}
C f3100 {"st":"playing","w":2,"sc":1000,"hp":99724,"p":[785.075,193.442,155.563,-155.563,2.339],"e":[[736.854,287.456,34.8,92.25],[740.992,237.616,81.2,92.25],[619.39,248.235,134.88,92.25],[744.282,260.613,71.2,92.25],[473.807,213.724,124.88,92.25],[740.852,237.696,134.88,92.25],[348.947,357.512,134.88,92.25],[745.91,253.373,134.88,92.25],[744.471,235.447,134.88,92.25],[702.95,349.305,134.88,92.25],[204.675,356.91,134.88,92.25],[791.076,269.201,134.88,92.25],[318.616,514.571,134.88,92.25],[57.203,68.325,134.88,92.25],[257.197,14.872,134.88,92.25]],"b":[],"pop":[17,10],"par":0,"own":"{\"compound\":2,\"timeDilation\":1}","ch":["timeDilation","compound","variance"],"best":0}
C f3120 {"st":"playing","w":2,"sc":1000,"hp":99724,"p":[836.93,141.588,155.563,-155.563,2.349],"e":[[753.069,261.355,34.8,92.25],[753.161,225.433,81.2,92.25],[647.67,236.224,134.88,92.25],[758.123,241.791,71.2,92.25],[504.235,209.451,124.88,92.25],[753.026,225.518,134.88,92.25],[377.366,345.781,134.88,92.25],[758.754,236.878,134.88,92.25],[755.674,224.037,124.88,92.25],[718.703,322.909,134.88,92.25],[234.011,347.704,134.88,92.25],[796.012,250.234,134.88,92.25],[343.741,496.844,134.88,92.25],[87.691,72.274,134.88,92.25],[286.852,22.945,134.88,92.25]],"b":[],"pop":[17,10,10],"par":0,"own":"{\"compound\":2,\"timeDilation\":1}","ch":["timeDilation","compound","variance"],"best":0}
C f3140 {"st":"playing","w":2,"sc":1000,"hp":99724,"p":[888.784,89.733,155.563,-155.563,2.107],"e":[[771.598,236.821,34.8,92.25],[774.897,203.682,81.2,92.25],[674.462,221.151,134.88,92.25],[777.783,218.151,71.2,92.25],[533.952,201.601,124.88,92.25],[774.767,203.772,134.88,92.25],[405.136,332.581,134.88,92.25],[778.801,213.564,134.88,92.25],[777.297,202.175,124.88,92.25],[736.287,297.687,134.88,92.25],[262.845,337.028,134.88,92.25],[809.76,222.77,134.88,92.25],[368.519,478.634,134.88,92.25],[118.389,73.935,134.88,92.25],[317.211,27.744,134.88,92.25]],"b":[[863.945,130.288]],"pop":[10],"par":0,"own":"{\"compound\":2,\"timeDilation\":1}","ch":["timeDilation","compound","variance"],"best":0}
C f3150 draw 1beb2231
C f3160 {"st":"playing","w":2,"sc":1000,"hp":99724,"p":[925.972,52.546,8.897,-8.897,0.395],"e":[[791.172,213.106,34.8,92.25],[796.636,181.934,81.2,92.25],[700.215,204.353,134.88,92.25],[798.173,195.133,71.2,92.25],[562.89,191.216,124.88,92.25],[796.509,182.026,134.88,92.25],[432.353,318.272,134.88,92.25],[799.452,190.781,134.88,92.25],[798.965,180.355,124.88,92.25],[754.908,273.218,134.88,92.25],[291.22,325.181,134.88,92.25],[826.63,197.068,124.88,92.25],[393.017,460.049,134.88,92.25],[149.134,73.612,134.88,92.25],[347.893,29.691,134.88,92.25],[964.278,68.507,134.88,92.25]],"b":[],"pop":[10,10],"par":0,"own":"{\"compound\":2,\"timeDilation\":1}","ch":["timeDilation","compound","variance"],"best":0}
C f3180 {"st":"playing","w":2,"sc":1000,"hp":99724,"p":[883.493,52.546,-220,0,0.156],"e":[[809.292,188.335,34.8,92.25],[816.667,158.7,81.2,92.25],[725.068,186.275,134.88,92.25],[816.934,170.859,71.2,92.25],[591.436,179.792,124.88,92.25],[816.545,158.797,134.88,92.25],[459.219,303.318,134.88,92.25],[818.431,166.68,134.88,92.25],[818.888,157.034,124.88,92.25],[772.509,248.041,134.88,92.25],[319.358,312.782,134.88,92.25],[841.714,170.389,124.88,92.25],[417.163,441.013,134.88,92.25],[179.873,72.761,134.88,92.25],[378.617,30.941,134.88,92.25],[946.292,62.424,124.88,92.25]],"b":[],"pop":[10,10],"par":0,"own":"{\"compound\":2,\"timeDilation\":1}","ch":["timeDilation","compound","variance"],"best":0}
C f3200 {"st":"playing","w":2,"sc":1000,"hp":99724,"p":[810.159,52.546,-220,0,1.422],"e":[[816.242,158.801,34.8,92.25],[822.164,143.935,81.2,92.25],[745.103,163.145,134.88,92.25],[823.11,149.852,71.2,92.25],[618.837,165.881,124.88,92.25],[822.053,144.036,134.88,92.25],[484.958,286.513,134.88,92.25],[824.218,148.112,134.88,92.25],[823.814,143.378,124.88,92.25],[782.791,219.234,134.88,92.25],[346.898,299.112,134.88,92.25],[842.914,146.265,124.88,92.25],[439.891,420.315,134.88,92.25],[210.608,71.825,134.88,92.25],[409.334,32.369,134.88,92.25],[927.916,60.804,112.88,92.25]],"b":[],"pop":[10,12],"par":0,"own":"{\"compound\":2,\"timeDilation\":1}","ch":["timeDilation","compound","variance"],"best":0}
C f3220 {"st":"playing","w":2,"sc":1000,"hp":99724,"p":[736.826,52.546,-220,0,1.422],"e":[[804.135,131.131,34.8,92.25],[811.206,127.835,81.2,92.25],[750.806,145.845,124.88,92.25],[810.069,127.929,71.2,92.25],[643.219,147.285,124.88,92.25],[811.116,127.921,134.88,92.25],[508.697,267.002,134.88,92.25],[811.238,127.536,134.88,92.25],[812.616,127.437,124.88,92.25],[780.362,188.871,134.88,92.25],[373.46,283.635,134.88,92.25],[824.383,122.226,124.88,92.25],[460.429,397.452,134.88,92.25],[241.34,70.766,134.88,92.25],[440.036,34.09,134.88,92.25],[897.21,59.176,112.88,92.25]],"b":[],"pop":[12,10],"par":0,"own":"{\"compound\":2,\"timeDilation\":1}","ch":["timeDilation","compound","variance"],"best":0}
C f3240 {"st":"playing","w":2,"sc":1000,"hp":99724,"p":[693.715,82.768,-6.667,213.333,2.24],"e":[[783.563,115.613,34.8,92.25],[786.472,112.165,81.2,92.25],[745.86,137.022,124.88,92.25],[786.582,112.543,71.2,92.25],[655.153,131.507,124.88,92.25],[786.397,112.227,134.88,92.25],[530.055,244.887,134.88,92.25],[786.47,111.919,134.88,92.25],[787.744,111.975,124.88,92.25],[764.766,162.612,134.88,92.25],[399.068,266.616,134.88,92.25],[797.136,108.456,124.88,92.25],[478.625,372.668,134.88,92.25],[272.078,70.2,134.88,92.25],[470.582,37.365,134.88,92.25],[866.509,59.622,112.88,92.25]],"b":[[667.658,114.585]],"pop":[10],"par":0,"own":"{\"compound\":2,\"timeDilation\":1}","ch":["timeDilation","compound","variance"],"best":0}
C f3260 {"st":"playing","w":2,"sc":1000,"hp":99724,"p":[693.715,156.101,0,220,-2.486],"e":[[777.595,116.021,34.8,92.25],[780.508,112.771,81.2,92.25],[740.29,135.666,124.88,92.25],[780.616,113.125,71.2,92.25],[660.496,130.541,114.88,92.25],[780.434,112.83,134.88,92.25],[554.734,226.755,134.88,92.25],[780.508,112.54,134.88,92.25],[781.777,112.585,124.88,92.25],[758.638,158.927,134.88,92.25],[426.662,253.175,134.88,92.25],[781.885,111.014,124.88,92.25],[498.7,349.415,134.88,92.25],[302.558,73.948,134.88,92.25],[499.212,48.254,134.88,92.25],[837.814,70.076,112.88,92.25]],"b":[],"pop":[10,10],"par":0,"own":"{\"compound\":2,\"timeDilation\":1}","ch":["timeDilation","compound","variance"],"best":0}
C f3280 {"st":"playing","w":2,"sc":1000,"hp":99724,"p":[693.715,229.435,0,220,-0.849],"e":[[759.534,134.218,34.8,92.25],[759.477,133.088,81.2,92.25],[736.402,140.281,124.88,92.25],[759.532,133.384,71.2,92.25],[663.459,135.841,102.88,92.25],[759.405,133.148,134.88,92.25],[584.463,220.644,134.88,92.25],[759.503,132.887,134.88,92.25],[760.621,132.776,124.88,92.25],[753.367,161.684,134.88,92.25],[456.644,246.801,134.88,92.25],[759.875,132.038,124.88,92.25],[522.889,330.557,134.88,92.25],[331.89,83.042,134.88,92.25],[523.688,66.728,134.88,92.25],[814.681,90.142,112.88,92.25]],"b":[],"pop":[10,12],"par":0,"own":"{\"compound\":2,\"timeDilation\":1}","ch":["timeDilation","compound","variance"],"best":0}
C f3300 {"st":"playing","w":2,"sc":1000,"hp":99724,"p":[693.715,302.546,0,206.667,-2.436],"e":[[745.971,161.73,34.8,92.25],[746.014,160.652,81.2,92.25],[726.638,169.387,124.88,92.25],[746.037,160.932,71.2,92.25],[670.345,165.785,102.88,92.25],[745.949,160.716,134.88,92.25],[612.052,233.039,124.88,92.25],[746.052,160.457,134.88,92.25],[746.996,160.259,124.88,92.25],[740.538,185.409,134.88,92.25],[487.12,249.707,134.88,92.25],[746.43,159.613,124.88,92.25],[551.719,320.511,134.88,92.25],[359.228,97.044,134.88,92.25],[543.499,90.186,134.88,92.25],[797.415,115.521,112.88,92.25]],"b":[],"pop":[12,10],"par":0,"own":"{\"compound\":2,\"timeDilation\":1}","ch":["timeDilation","compound","variance"],"best":0}
C f3300 draw 42291823
C f3320 {"st":"playing","w":2,"sc":1000,"hp":99724,"p":[693.715,327.546,0,0,-2.275],"e":[[736.458,190.969,34.8,92.25],[736.551,189.907,81.2,92.25],[720.168,199.447,124.88,92.25],[736.555,190.18,71.2,92.25],[674.884,196.198,102.88,92.25],[736.493,189.973,134.88,92.25],[632.749,255.742,112.88,92.25],[736.593,189.713,134.88,92.25],[737.394,189.468,124.88,92.25],[730.595,214.503,134.88,92.25],[516.114,259.904,134.88,92.25],[736.954,188.863,124.88,92.25],[582.425,320.994,134.88,92.25],[384.737,114.209,134.88,92.25],[560.21,115.995,134.88,92.25],[783.628,143.004,112.88,92.25]],"b":[],"pop":[10,12],"par":0,"own":"{\"compound\":2,\"timeDilation\":1}","ch":["timeDilation","compound","variance"],"best":0}
C f3340 {"st":"playing","w":2,"sc":1000,"hp":99724,"p":[693.715,327.546,0,0,-2.275],"e":[[727.273,220.315,34.8,92.25],[727.413,219.268,81.2,92.25],[713.949,229.562,124.88,92.25],[727.4,219.536,71.2,92.25],[679.248,226.637,102.88,92.25],[727.362,219.336,134.88,92.25],[652.651,279.182,98.48,92.25],[727.459,219.075,134.88,92.25],[728.119,218.787,124.88,92.25],[721.058,243.736,134.88,92.25],[544.85,270.849,134.88,92.25],[727.801,218.219,124.88,92.25],[613.121,322.801,134.88,92.25],[410.041,131.68,134.88,92.25],[576.621,142,134.88,92.25],[770.159,170.647,112.88,92.25]],"b":[],"pop":[10,12,14],"par":0,"own":"{\"compound\":2,\"timeDilation\":1}","ch":["timeDilation","compound","variance"],"best":0}
C f3360 {"st":"playing","w":2,"sc":1000,"hp":99692.5,"p":[693.715,327.546,0,0,-2.275],"e":[[718.089,249.662,34.8,92.25],[718.276,248.629,81.2,92.25],[707.73,259.676,124.88,92.25],[718.245,248.891,71.2,92.25],[683.612,257.075,102.88,92.25],[718.232,248.7,134.88,92.25],[672.554,302.623,98.48,92.25],[718.325,248.437,134.88,92.25],[718.845,248.105,124.88,92.25],[711.52,272.97,134.88,92.25],[573.587,281.794,134.88,92.25],[718.648,247.575,124.88,92.25],[643.818,324.608,134.88,92.25],[435.346,149.152,134.88,92.25],[593.032,168.004,134.88,92.25],[756.691,198.291,112.88,92.25]],"b":[],"pop":[12,14],"par":0,"own":"{\"compound\":2,\"timeDilation\":1}","ch":["timeDilation","compound","variance"],"best":0}
C f3380 {"st":"playing","w":2,"sc":1000,"hp":99692.5,"p":[698.382,327.546,80,0,-2.648],"e":[[709.312,278.741,34.8,92.25],[709.539,277.72,81.2,92.25],[701.985,289.498,124.88,92.25],[709.492,277.978,71.2,92.25],[688.3,287.083,102.88,92.25],[709.503,277.794,134.88,92.25],[693.168,324.739,81.2,92.25],[709.591,277.53,134.88,92.25],[709.969,277.154,124.88,92.25],[702.626,301.997,134.88,92.25],[602.346,292.678,134.88,92.25],[709.891,276.661,124.88,92.25],[674.15,326.356,134.88,92.25],[460.671,166.593,134.88,92.25],[609.525,193.956,134.88,92.25],[743.355,225.997,112.88,92.25]],"b":[],"pop":[14,17],"par":0,"own":"{\"compound\":2,\"timeDilation\":1}","ch":["timeDilation","compound","variance"],"best":0}
C f3400 {"st":"playing","w":2,"sc":1000,"hp":99692.5,"p":[760.604,327.546,220,0,-2.842],"e":[[710.975,289.084,34.8,92.25],[711.137,288.094,81.2,92.25],[705.556,299.233,124.88,92.25],[711.104,288.344,71.2,92.25],[694.264,296.021,102.88,92.25],[711.109,288.165,134.88,92.25],[704.118,326.495,60.464,92.25],[711.174,287.909,134.88,92.25],[711.475,287.549,124.88,92.25],[706.898,310.968,134.88,92.25],[631.934,300.938,134.88,92.25],[711.401,287.066,124.88,92.25],[685.32,326.698,134.88,92.25],[486.985,182.47,134.88,92.25],[629.844,216.882,134.88,92.25],[740.139,238.433,112.88,92.25]],"b":[],"pop":[17,21],"par":0,"own":"{\"compound\":2,\"timeDilation\":1}","ch":["timeDilation","compound","variance"],"best":0}
C f3420 {"st":"playing","w":2,"sc":1000,"hp":99692.5,"p":[833.937,327.546,220,0,-2.41],"e":[[725.849,294.815,34.8,92.25],[725.956,293.959,81.2,92.25],[720.97,303.387,124.88,92.25],[725.937,294.176,71.2,92.25],[714.4,301.573,102.88,92.25],[725.933,294.02,134.88,92.25],[720.107,326.653,60.464,92.25],[725.983,293.799,134.88,92.25],[726.258,293.5,124.88,92.25],[721.461,313.302,124.88,92.25],[662.293,305.782,134.88,92.25],[726.16,293.075,124.88,92.25],[707.46,326.851,134.88,92.25],[514.859,195.429,134.88,92.25],[655.532,233.676,134.88,92.25],[752.896,254.762,112.88,92.25]],"b":[],"pop":[21,10],"par":0,"own":"{\"compound\":2,\"timeDilation\":1}","ch":["timeDilation","compound","variance"],"best":0}
C f3440 {"st":"playing","w":2,"sc":1000,"hp":99692.5,"p":[907.271,327.546,220,0,-2.724],"e":[[755.838,301.532,34.8,92.25],[755.905,300.847,81.2,92.25],[751.325,308.244,124.88,92.25],[755.896,301.021,71.2,92.25],[744.732,306.572,102.88,92.25],[755.884,300.895,134.88,92.25],[750.856,326.834,60.464,92.25],[755.924,300.72,134.88,92.25],[756.182,300.491,124.88,92.25],[752.071,316.199,124.88,92.25],[692.877,308.955,134.88,92.25],[756.066,300.144,124.88,92.25],[738.21,326.981,134.88,92.25],[543.696,206.087,134.88,92.25],[683.729,245.888,134.88,92.25],[779.055,270.696,112.88,92.25]],"b":[[863.574,309.28]],"pop":[10],"par":0,"own":"{\"compound\":2,\"timeDilation\":1}","ch":["timeDilation","compound","variance"],"best":0}
C f3450 draw 11e0acef
C f3460 {"st":"playing","w":2,"sc":1000,"hp":99692.5,"p":[942,342.212,0,146.667,-2.719],"e":[[786.172,306.52,34.8,92.25],[786.22,305.95,81.2,92.25],[781.833,312.022,124.88,92.25],[786.216,306.095,71.2,92.25],[775.224,310.484,102.88,92.25],[786.201,305.989,134.88,92.25],[781.588,327.528,60.464,92.25],[786.236,305.844,134.88,92.25],[786.486,305.66,124.88,92.25],[782.712,318.677,124.88,92.25],[723.496,311.734,134.88,92.25],[786.36,305.367,124.88,92.25],[768.944,327.605,134.88,92.25],[572.99,215.432,134.88,92.25],[712.852,255.746,134.88,92.25],[807.725,281.783,102.88,92.25]],"b":[],"pop":[10,10],"par":0,"own":"{\"compound\":2,\"timeDilation\":1}","ch":["timeDilation","compound","variance"],"best":0}
C f3480 {"st":"playing","w":2,"sc":1000,"hp":99692.5,"p":[942,412.768,0,220,-2.618],"e":[[813.834,319.435,34.8,92.25],[813.843,318.951,81.2,92.25],[809.974,323.852,124.88,92.25],[813.849,319.075,71.2,92.25],[803.456,322.137,102.88,92.25],[813.828,318.983,134.88,92.25],[810.593,336.947,60.464,92.25],[813.852,318.861,134.88,92.25],[814.082,318.72,124.88,92.25],[811.217,329.556,124.88,92.25],[752.749,320.77,134.88,92.25],[813.941,318.461,124.88,92.25],[798.183,336.384,134.88,92.25],[601.079,227.852,134.88,92.25],[739.869,270.25,134.88,92.25],[832.488,299.686,90.88,92.25]],"b":[],"pop":[10,12],"par":0,"own":"{\"compound\":2,\"timeDilation\":1}","ch":["timeDilation","compound","variance"],"best":0}
C f3500 {"st":"playing","w":2,"sc":1000,"hp":99692.5,"p":[942,486.101,0,220,-2.269],"e":[[835.161,341.426,34.8,92.25],[835.13,340.981,81.2,92.25],[831.979,345.152,124.88,92.25],[835.146,341.096,71.2,92.25],[825.83,343.056,102.88,92.25],[835.118,341.01,134.88,92.25],[833.633,357.08,50.464,92.25],[835.131,340.899,134.88,92.25],[835.329,340.789,124.88,92.25],[833.591,350.451,124.88,92.25],[777.947,338.219,134.88,92.25],[835.18,340.539,124.88,92.25],[822.049,355.542,134.88,92.25],[626.761,244.707,134.88,92.25],[762.716,290.745,134.88,92.25],[850.443,324.551,90.88,92.25]],"b":[],"pop":[12,10],"par":0,"own":"{\"compound\":2,\"timeDilation\":1}","ch":["timeDilation","compound","variance"],"best":0}
C f3520 {"st":"playing","w":2,"sc":1000,"hp":99692.5,"p":[942,522,0,0,-2.148],"e":[[851.308,367.578,34.8,92.25],[851.251,367.15,81.2,92.25],[848.724,370.924,124.88,92.25],[851.272,367.261,71.2,92.25],[843.073,368.498,102.88,92.25],[851.242,367.176,134.88,92.25],[851.057,382.393,50.464,92.25],[851.246,367.072,134.88,92.25],[851.415,366.979,124.88,92.25],[850.535,376.091,124.88,92.25],[798.886,360.715,134.88,92.25],[851.265,366.729,124.88,92.25],[840.559,380.072,134.88,92.25],[650.125,264.69,134.88,92.25],[781.944,314.729,134.88,92.25],[863.796,352.241,90.88,92.25]],"b":[[896.151,451.616]],"pop":[12,10],"par":0,"own":"{\"compound\":2,\"timeDilation\":1}","ch":["timeDilation","compound","variance"],"best":0}
C f3540 {"st":"playing","w":2,"sc":1000,"hp":99692.5,"p":[914.37,522,-155.563,0,-1.972],"e":[[865.525,394.795,34.8,92.25],[865.445,394.379,81.2,92.25],[863.54,397.82,124.88,92.25],[865.472,394.487,71.2,92.25],[858.463,395.073,102.88,92.25],[865.44,394.404,134.88,92.25],[866.432,408.966,38.464,92.25],[865.436,394.303,134.88,92.25],[865.575,394.227,124.88,92.25],[865.488,402.907,124.88,92.25],[818.456,384.406,134.88,92.25],[865.428,393.975,124.88,92.25],[857.175,405.897,134.88,92.25],[672.855,285.393,134.88,92.25],[799.995,339.604,134.88,92.25],[875.256,380.73,90.88,92.25]],"b":[[899.015,481.827]],"pop":[10,12],"par":0,"own":"{\"compound\":2,\"timeDilation\":1}","ch":["timeDilation","compound","variance"],"best":0}
C f3560 {"st":"playing","w":2,"sc":1000,"hp":99692.5,"p":[862.515,522,-155.563,0,-1.477],"e":[[870.088,424.27,34.8,92.25],[870.014,423.854,81.2,92.25],[868.68,425.827,124.88,92.25],[870.038,423.963,71.2,92.25],[864.6,424.269,102.88,92.25],[870.011,423.879,134.88,92.25],[870.989,432.198,24.064,92.25],[870.004,423.779,134.88,92.25],[870.11,423.708,124.88,92.25],[870.324,428.885,124.88,92.25],[831.704,411.992,134.88,92.25],[869.989,423.453,124.88,92.25],[863.754,430.788,134.88,92.25],[693.41,308.235,134.88,92.25],[812.978,367.39,134.88,92.25],[877.347,411.197,90.88,92.25]],"b":[],"pop":[12,14],"par":0,"own":"{\"compound\":2,\"timeDilation\":1}","ch":["timeDilation","compound","variance"],"best":0}
C f3580 {"st":"playing","w":2,"sc":1000,"hp":99692.5,"p":[810.661,522,-155.563,0,-1.003],"e":[[864.319,440.138,34.8,92.25],[864.277,439.735,81.2,92.25],[863.032,441.73,124.88,92.25],[864.292,439.84,71.2,92.25],[859.625,440.39,102.88,92.25],[864.273,439.759,134.88,92.25],[864.655,447.823,6.784,92.25],[864.272,439.662,134.88,92.25],[864.367,439.587,124.88,92.25],[864.276,444.634,124.88,92.25],[832.752,433.566,134.88,92.25],[864.276,439.344,124.88,92.25],[858.595,446.823,134.88,92.25],[710.258,333.91,134.88,92.25],[816.947,397.712,134.88,92.25],[866.142,439.541,90.88,92.25]],"b":[],"pop":[14,17],"par":0,"own":"{\"compound\":2,\"timeDilation\":1}","ch":["timeDilation","compound","variance"],"best":0}
C f3600 {"st":"playing","w":2,"sc":1000,"hp":99692.5,"p":[759.028,521.778,-142.23,-13.333,-0.843],"e":[[843.514,460.678,34.8,92.25],[843.109,460.865,81.2,92.25],[843.054,461.175,124.88,92.25],[843.108,460.955,71.2,92.25],[841.094,459.349,102.88,92.25],[843.102,460.887,134.88,92.25],[845.682,464.352,6.784,92.25],[843.114,460.802,134.88,92.25],[843.206,460.725,124.88,92.25],[844.729,462.564,124.88,92.25],[824.377,448.402,124.88,92.25],[843.158,460.524,124.88,92.25],[842.334,462.243,134.88,92.25],[721.134,362.58,134.88,92.25],[808.616,427.06,134.88,92.25],[844.346,461.001,90.88,92.25]],"b":[],"pop":[17,10],"par":0,"own":"{\"compound\":2,\"timeDilation\":1}","ch":["timeDilation","compound","variance"],"best":0}
C f3600 draw 1cc44c0a
C f3620 {"st":"playing","w":2,"sc":1000,"hp":99692.5,"p":[747.546,473.444,0,-220,-0.567],"e":[[828.223,468.693,34.8,92.25],[827.821,468.883,81.2,92.25],[827.747,469.156,124.88,92.25],[827.815,468.96,71.2,92.25],[826.247,467.534,102.88,92.25],[827.813,468.902,134.88,92.25],[830.086,471.756,6.784,92.25],[827.83,468.827,134.88,92.25],[827.924,468.754,124.88,92.25],[829.276,470.26,124.88,92.25],[812.492,457.898,124.88,92.25],[827.89,468.582,124.88,92.25],[827.252,469.982,134.88,92.25],[726.392,389.121,134.88,92.25],[798.689,440.853,124.88,92.25],[828.706,469.083,90.88,92.25]],"b":[],"pop":[10,10],"par":0,"own":"{\"compound\":2,\"timeDilation\":1}","ch":["timeDilation","compound","variance"],"best":0}
C f3640 {"st":"playing","w":2,"sc":1000,"hp":99661,"p":[747.546,400.111,0,-220,-2.826],"e":[[821.747,465.627,34.8,92.25],[821.357,465.793,81.2,92.25],[821.292,466.046,124.88,92.25],[821.353,465.866,71.2,92.25],[820.692,465.306,102.88,92.25],[821.349,465.81,134.88,92.25],[822.724,467.751,6.784,92.25],[821.364,465.741,134.88,92.25],[821.455,465.675,124.88,92.25],[821.883,466.331,124.88,92.25],[806.91,456.005,124.88,92.25],[821.417,465.513,124.88,92.25],[820.827,466.806,134.88,92.25],[729.425,394.191,124.88,92.25],[793.046,440.156,124.88,92.25],[822.232,466.005,90.88,92.25]],"b":[],"pop":[10,10],"par":0,"own":"{\"compound\":2,\"timeDilation\":1}","ch":["timeDilation","compound","variance"],"best":0}
C f3660 {"st":"playing","w":2,"sc":1000,"hp":99661,"p":[747.546,326.778,0,-220,1.802],"e":[[804.008,440.734,34.8,92.25],[803.696,440.842,81.2,92.25],[803.669,441.067,124.88,92.25],[803.701,440.908,71.2,92.25],[803.084,440.321,102.88,92.25],[803.692,440.858,134.88,92.25],[805.062,442.793,6.784,92.25],[803.697,440.796,134.88,92.25],[803.766,440.745,124.88,92.25],[804.199,441.395,124.88,92.25],[795.915,436.877,124.88,92.25],[803.717,440.593,124.88,92.25],[803.36,441.713,134.88,92.25],[732.735,389.664,124.88,92.25],[786.983,428.158,124.88,92.25],[804.458,441.135,90.88,92.25]],"b":[],"pop":[10,10],"par":0,"own":"{\"compound\":2,\"timeDilation\":1}","ch":["timeDilation","compound","variance"],"best":0}
C f3680 {"st":"playing","w":2,"sc":1000,"hp":99661,"p":[747.546,258.111,0,-140,1.68],"e":[[793.291,411.951,34.8,92.25],[793.038,412.037,81.2,92.25],[793.029,412.255,124.88,92.25],[793.046,412.102,71.2,92.25],[792.496,411.49,102.88,92.25],[793.036,412.052,134.88,92.25],[794.298,414.026,6.784,92.25],[793.036,411.992,134.88,92.25],[793.091,411.947,124.88,92.25],[793.491,412.608,124.88,92.25],[786.358,407.684,124.88,92.25],[793.04,411.795,124.88,92.25],[792.811,412.867,134.88,92.25],[735.167,371.38,112.88,92.25],[778.596,398.604,124.88,92.25],[793.692,412.37,90.88,92.25]],"b":[],"pop":[10,12],"par":0,"own":"{\"compound\":2,\"timeDilation\":1}","ch":["timeDilation","compound","variance"],"best":0}
C f3700 {"st":"playing","w":2,"sc":1000,"hp":99661,"p":[747.546,247,0,0,1.67],"e":[[785.009,382.338,34.8,92.25],[784.802,382.411,81.2,92.25],[784.805,382.626,124.88,92.25],[784.812,382.475,71.2,92.25],[784.326,381.845,102.88,92.25],[784.801,382.425,134.88,92.25],[785.945,384.433,6.784,92.25],[784.798,382.366,134.88,92.25],[784.842,382.324,124.88,92.25],[785.206,382.995,124.88,92.25],[779.079,377.808,124.88,92.25],[784.792,382.172,124.88,92.25],[784.652,383.219,134.88,92.25],[738.245,340.785,98.48,92.25],[772.372,368.491,124.88,92.25],[785.362,382.771,90.88,92.25]],"b":[],"pop":[12,14],"par":0,"own":"{\"compound\":2,\"timeDilation\":1}","ch":["timeDilation","compound","variance"],"best":0}
C f3720 {"st":"playing","w":2,"sc":1000,"hp":99661,"p":[747.546,247,0,0,1.67],"e":[[776.805,352.702,34.8,92.25],[776.645,352.763,81.2,92.25],[776.659,352.974,124.88,92.25],[776.656,352.827,71.2,92.25],[776.234,352.179,102.88,92.25],[776.645,352.777,134.88,92.25],[777.67,354.817,6.784,92.25],[776.639,352.718,134.88,92.25],[776.671,352.68,124.88,92.25],[776.999,353.361,124.88,92.25],[771.872,347.914,124.88,92.25],[776.624,352.527,124.88,92.25],[776.57,353.55,134.88,92.25],[741.28,310.185,81.2,92.25],[766.215,338.363,124.88,92.25],[777.111,353.148,90.88,92.25]],"b":[],"pop":[14,17],"par":0,"own":"{\"compound\":2,\"timeDilation\":1}","ch":["timeDilation","compound","variance"],"best":0}
C f3740 {"st":"playing","w":2,"sc":1000,"hp":99629.5,"p":[747.546,247,0,0,1.67],"e":[[768.602,323.066,34.8,92.25],[768.488,323.114,81.2,92.25],[768.513,323.323,124.88,92.25],[768.5,323.178,71.2,92.25],[768.142,322.513,102.88,92.25],[768.488,323.128,134.88,92.25],[769.395,325.201,6.784,92.25],[768.48,323.07,134.88,92.25],[768.501,323.035,124.88,92.25],[768.793,323.726,124.88,92.25],[764.666,318.021,124.88,92.25],[768.455,322.882,124.88,92.25],[768.488,323.881,134.88,92.25],[744.314,279.585,60.464,92.25],[760.059,308.236,124.88,92.25],[768.86,323.526,90.88,92.25]],"b":[],"pop":[14,17,21],"par":0,"own":"{\"compound\":2,\"timeDilation\":1}","ch":["timeDilation","compound","variance"],"best":0}
C f3750 draw 599c1a78
C f3760 {"st":"playing","w":2,"sc":1000,"hp":99629.5,"p":[762.212,232.333,146.667,-146.667,2.118],"e":[[762.626,298.264,34.8,92.25],[762.549,298.302,81.2,92.25],[762.581,298.509,124.88,92.25],[762.562,298.366,71.2,92.25],[762.266,297.687,102.88,92.25],[762.55,298.316,134.88,92.25],[763.332,300.417,6.784,92.25],[762.541,298.259,134.88,92.25],[762.553,298.225,124.88,92.25],[762.805,298.925,124.88,92.25],[759.586,293.025,124.88,92.25],[762.51,298.072,124.88,92.25],[762.601,299.056,134.88,92.25],[748.656,254.579,60.464,92.25],[756.022,283.07,124.88,92.25],[762.839,298.733,90.88,92.25]],"b":[],"pop":[17,21],"par":0,"own":"{\"compound\":2,\"timeDilation\":1}","ch":["timeDilation","compound","variance"],"best":0}
C f3780 {"st":"playing","w":2,"sc":1000,"hp":99629.5,"p":[814.067,180.479,155.563,-155.563,2.297],"e":[[767.841,283.223,34.8,92.25],[767.773,283.265,81.2,92.25],[767.792,283.467,124.88,92.25],[767.782,283.326,71.2,92.25],[767.555,282.672,102.88,92.25],[767.773,283.278,134.88,92.25],[768.732,284.141,6.784,92.25],[767.768,283.222,134.88,92.25],[767.78,283.189,124.88,92.25],[767.968,283.866,124.88,92.25],[765,279.364,124.88,92.25],[767.749,283.039,124.88,92.25],[767.785,284.004,134.88,92.25],[752.512,249.796,35.581,92.25],[760.717,273.106,124.88,92.25],[768.006,283.676,90.88,92.25]],"b":[],"pop":[21,25],"par":0,"own":"{\"compound\":2,\"timeDilation\":1}","ch":["timeDilation","compound","variance"],"best":0}
C f3800 {"st":"playing","w":2,"sc":1000,"hp":99629.5,"p":[865.921,128.624,155.563,-155.563,2.325],"e":[[782.936,256.466,34.8,92.25],[782.875,256.511,81.2,92.25],[782.873,256.702,124.88,92.25],[782.877,256.569,71.2,92.25],[782.744,255.966,102.88,92.25],[782.874,256.524,134.88,92.25],[783.606,257.262,6.784,92.25],[782.874,256.471,134.88,92.25],[782.888,256.438,124.88,92.25],[782.987,257.066,124.88,92.25],[780.885,253.062,124.88,92.25],[782.875,256.299,124.88,92.25],[782.821,257.213,134.88,92.25],[771.676,228.986,5.721,92.25],[777.847,247.588,124.88,92.25],[783.035,256.882,90.88,92.25]],"b":[],"pop":[25,30],"par":0,"own":"{\"compound\":2,\"timeDilation\":1}","ch":["timeDilation","compound","variance"],"best":0}
C f3820 {"st":"playing","w":2,"sc":1000,"hp":99629.5,"p":[917.776,76.77,155.563,-155.563,2.336],"e":[[800.738,231.401,34.8,92.25],[800.68,231.448,81.2,92.25],[800.664,231.628,124.88,92.25],[800.677,231.503,71.2,92.25],[800.605,230.943,102.88,92.25],[800.679,231.46,134.88,92.25],[801.275,232.103,6.784,92.25],[800.683,231.41,134.88,92.25],[800.697,231.378,124.88,92.25],[800.738,231.965,124.88,92.25],[799.169,228.345,124.88,92.25],[800.696,231.247,124.88,92.25],[800.578,232.116,134.88,92.25],[792.878,206.714,5.721,92.25],[796.882,223.442,124.88,92.25],[800.795,231.787,90.88,92.25]],"b":[[844.171,153.042]],"pop":[30],"par":0,"own":"{\"compound\":2,\"timeDilation\":1}","ch":["timeDilation","compound","variance"],"best":0}
C f3840 {"st":"playing","w":2,"sc":1200,"hp":99629.5,"p":[939.408,52.546,-57.77,0,2.265],"e":[[819.67,207.17,34.8,92.25],[819.613,207.219,81.2,92.25],[819.586,207.391,124.88,92.25],[819.607,207.271,71.2,92.25],[819.579,206.746,102.88,92.25],[819.611,207.23,134.88,92.25],[820.112,207.799,6.784,92.25],[819.618,207.183,134.88,92.25],[819.633,207.151,124.88,92.25],[819.631,207.704,124.88,92.25],[818.445,204.387,124.88,92.25],[819.642,207.028,124.88,92.25],[819.475,207.858,134.88,92.25],[816.69,199.923,124.88,92.25],[819.695,207.532,90.88,92.25]],"b":[[912.087,86.251]],"pop":[30,36],"par":10,"own":"{\"compound\":2,\"timeDilation\":1}","ch":["timeDilation","compound","variance"],"best":0}
C f3860 {"st":"playing","w":2,"sc":1200,"hp":99629.5,"p":[881.187,52.546,-220,0,1.947],"e":[[835.171,180.78,24.8,92.25],[835.119,180.831,81.2,92.25],[835.083,180.998,124.88,92.25],[835.11,180.881,71.2,92.25],[835.122,180.381,102.88,92.25],[835.116,180.842,134.88,92.25],[835.512,181.35,6.784,92.25],[835.125,180.796,134.88,92.25],[835.141,180.765,124.88,92.25],[835.099,181.295,124.88,92.25],[834.303,178.212,124.88,92.25],[835.157,180.646,124.88,92.25],[834.952,181.453,134.88,92.25],[833.104,174.094,124.88,92.25],[835.167,181.125,90.88,92.25]],"b":[],"pop":[36,10],"par":0,"own":"{\"compound\":2,\"timeDilation\":1}","ch":["timeDilation","compound","variance"],"best":0}
C f3880 {"st":"playing","w":2,"sc":1200,"hp":99629.5,"p":[807.854,52.546,-220,0,1.289],"e":[[836.153,150.563,24.8,92.25],[836.113,150.613,81.2,92.25],[836.085,150.779,124.88,92.25],[836.106,150.663,71.2,92.25],[836.116,150.167,102.88,92.25],[836.111,150.624,134.88,92.25],[836.416,151.125,6.784,92.25],[836.118,150.579,134.88,92.25],[836.13,150.548,124.88,92.25],[836.097,151.073,124.88,92.25],[835.489,148.024,114.88,92.25],[836.143,150.43,124.88,92.25],[835.984,151.231,134.88,92.25],[835.319,147.571,124.88,92.25],[836.15,150.904,90.88,92.25]],"b":[],"pop":[10,10],"par":0,"own":"{\"compound\":2,\"timeDilation\":1}","ch":["timeDilation","compound","variance"],"best":0}
C f3900 {"st":"playing","w":2,"sc":1200,"hp":99629.5,"p":[734.743,52.768,-206.667,13.333,0.705],"e":[[818.872,125.636,14.8,92.25],[818.845,125.678,81.2,92.25],[818.841,125.826,124.88,92.25],[818.845,125.723,71.2,92.25],[818.796,125.271,102.88,92.25],[818.844,125.688,134.88,92.25],[819.155,126.18,6.784,92.25],[818.845,125.647,134.88,92.25],[818.851,125.62,124.88,92.25],[818.885,126.097,124.88,92.25],[818.545,124.335,114.88,92.25],[818.848,125.513,124.88,92.25],[818.809,126.23,134.88,92.25],[818.286,123.921,124.88,92.25],[818.909,125.949,90.88,92.25]],"b":[],"pop":[10,10,10],"par":0,"own":"{\"compound\":2,\"timeDilation\":1}","ch":["timeDilation","compound","variance"],"best":0}
C f3900 draw 5a181e57
C f3920 {"st":"playing","w":2,"sc":1200,"hp":99629.5,"p":[709.743,101.101,0,220,0.133],"e":[[799.897,114.559,14.8,92.25],[799.874,114.593,81.2,92.25],[799.882,114.721,124.88,92.25],[799.878,114.632,71.2,92.25],[799.795,114.238,92.88,92.25],[799.874,114.602,134.88,92.25],[800.209,115.05,6.784,92.25],[799.872,114.567,134.88,92.25],[799.876,114.544,124.88,92.25],[799.946,114.957,124.88,92.25],[799.482,113.415,114.88,92.25],[799.864,114.452,124.88,92.25],[799.884,115.066,134.88,92.25],[799.203,113.039,124.88,92.25],[799.957,114.831,90.88,92.25]],"b":[],"pop":[10,10],"par":0,"own":"{\"compound\":2,\"timeDilation\":1}","ch":["timeDilation","compound","variance"],"best":0}
C f3940 {"st":"playing","w":2,"sc":1200,"hp":99629.5,"p":[709.743,174.435,0,220,-0.601],"e":[[792.062,117.508,14.8,92.25],[792.038,117.54,81.2,92.25],[792.043,117.658,124.88,92.25],[792.041,117.576,71.2,92.25],[791.969,117.214,92.88,92.25],[792.038,117.548,134.88,92.25],[792.358,117.955,6.784,92.25],[792.037,117.516,134.88,92.25],[792.041,117.495,124.88,92.25],[792.1,117.876,124.88,92.25],[791.681,116.458,114.88,92.25],[792.032,117.409,124.88,92.25],[792.036,117.978,134.88,92.25],[791.416,116.117,124.88,92.25],[792.114,117.759,90.88,92.25]],"b":[[746.767,146.993]],"pop":[10,10],"par":0,"own":"{\"compound\":2,\"timeDilation\":1}","ch":["timeDilation","compound","variance"],"best":0}
C f3960 {"st":"playing","w":2,"sc":1200,"hp":99629.5,"p":[709.743,247.768,0,220,-1.042],"e":[[772.17,140.648,4.8,92.25],[772.146,140.679,81.2,92.25],[772.137,140.784,124.88,92.25],[772.144,140.711,71.2,92.25],[772.124,140.395,92.88,92.25],[772.146,140.686,134.88,92.25],[772.375,141.012,6.784,92.25],[772.148,140.657,134.88,92.25],[772.154,140.638,124.88,92.25],[772.161,140.972,124.88,92.25],[771.961,139.752,114.88,92.25],[772.156,140.563,124.88,92.25],[772.095,141.071,134.88,92.25],[771.771,139.477,124.88,92.25],[772.187,140.866,90.88,92.25]],"b":[],"pop":[10,10],"par":0,"own":"{\"compound\":2,\"timeDilation\":1}","ch":["timeDilation","compound","variance"],"best":0}
C f3980 {"st":"playing","w":2,"sc":1400,"hp":99629.5,"p":[709.743,316.435,0,140,-1.242],"e":[[759.999,168.874,81.2,92.25],[759.983,168.976,124.88,92.25],[759.995,168.904,71.2,92.25],[760,168.6,92.88,92.25],[759.997,168.88,134.88,92.25],[760.166,169.179,6.784,92.25],[760.001,168.852,134.88,92.25],[760.008,168.833,124.88,92.25],[759.99,169.156,124.88,92.25],[759.908,167.988,114.88,92.25],[760.015,168.76,124.88,92.25],[759.928,169.257,134.88,92.25],[759.768,167.736,124.88,92.25],[760.02,169.051,90.88,92.25]],"b":[],"pop":[10,12],"par":6,"own":"{\"compound\":2,\"timeDilation\":1}","ch":["timeDilation","compound","variance"],"best":0}
C f4000 {"st":"playing","w":2,"sc":1600,"hp":99629.5,"p":[709.743,327.546,0,0,-1.264],"e":[[750.64,198.164,81.2,92.25],[750.622,198.266,124.88,92.25],[750.635,198.195,71.2,92.25],[750.655,197.895,92.88,92.25],[750.638,198.171,134.88,92.25],[750.643,198.143,134.88,92.25],[750.65,198.124,124.88,92.25],[750.618,198.442,124.88,92.25],[750.612,197.299,114.88,92.25],[750.659,198.052,124.88,92.25],[750.56,198.545,134.88,92.25],[750.509,197.058,124.88,92.25],[750.647,198.338,90.88,92.25]],"b":[],"pop":[12,10],"par":16,"own":"{\"compound\":2,\"timeDilation\":1}","ch":["timeDilation","compound","variance"],"best":0}
C f4020 {"st":"playing","w":2,"sc":1600,"hp":99629.5,"p":[709.743,327.546,0,0,-1.264],"e":[[741.372,227.484,71.2,92.25],[741.351,227.585,124.88,92.25],[741.366,227.514,71.2,92.25],[741.402,227.22,92.88,92.25],[741.37,227.491,134.88,92.25],[741.376,227.463,134.88,92.25],[741.382,227.444,124.88,92.25],[741.336,227.758,124.88,92.25],[741.406,226.638,114.88,92.25],[741.395,227.373,124.88,92.25],[741.284,227.862,134.88,92.25],[741.339,226.409,124.88,92.25],[741.367,227.654,90.88,92.25]],"b":[],"pop":[10,10],"par":10,"own":"{\"compound\":2,\"timeDilation\":1}","ch":["timeDilation","compound","variance"],"best":0}
C f4040 {"st":"playing","w":2,"sc":1600,"hp":99629.5,"p":[709.743,327.546,0,0,-1.264],"e":[[732.104,256.804,71.2,92.25],[732.08,256.904,124.88,92.25],[732.097,256.834,71.2,92.25],[732.148,256.544,92.88,92.25],[732.102,256.811,134.88,92.25],[732.109,256.784,134.88,92.25],[732.115,256.764,124.88,92.25],[732.055,257.074,124.88,92.25],[732.2,255.978,114.88,92.25],[732.13,256.694,124.88,92.25],[732.008,257.179,134.88,92.25],[732.17,255.76,124.88,92.25],[732.086,256.97,90.88,92.25]],"b":[[723.016,285.595]],"pop":[10,10],"par":0,"own":"{\"compound\":2,\"timeDilation\":1}","ch":["timeDilation","compound","variance"],"best":0}
C f4050 draw efa4bc99
C f4060 {"st":"playing","w":2,"sc":1600,"hp":99629.5,"p":[724.41,327.546,146.667,0,-1.562],"e":[[724.888,284.284,59.2,92.25],[724.865,284.383,124.88,92.25],[724.881,284.313,71.2,92.25],[724.939,284.026,92.88,92.25],[724.887,284.29,134.88,92.25],[724.893,284.263,134.88,92.25],[724.899,284.244,124.88,92.25],[724.834,284.551,124.88,92.25],[725.02,283.47,114.88,92.25],[724.915,284.174,124.88,92.25],[724.795,284.658,134.88,92.25],[725.02,283.26,124.88,92.25],[724.863,284.446,90.88,92.25]],"b":[],"pop":[10,12],"par":0,"own":"{\"compound\":2,\"timeDilation\":1}","ch":["timeDilation","compound","variance"],"best":0}
C f4080 {"st":"playing","w":2,"sc":1600,"hp":99629.5,"p":[794.965,327.546,220,0,-2.629],"e":[[728.469,289.711,44.8,92.25],[728.451,289.805,124.88,92.25],[728.464,289.739,71.2,92.25],[728.504,289.465,92.88,92.25],[728.467,289.717,134.88,92.25],[728.472,289.691,134.88,92.25],[728.477,289.673,124.88,92.25],[728.431,289.965,124.88,92.25],[728.554,288.933,114.88,92.25],[728.488,289.606,124.88,92.25],[728.4,290.067,134.88,92.25],[728.544,288.731,124.88,92.25],[728.452,289.866,90.88,92.25]],"b":[],"pop":[12,14],"par":0,"own":"{\"compound\":2,\"timeDilation\":1}","ch":["timeDilation","compound","variance"],"best":0}
C f4100 {"st":"playing","w":2,"sc":1600,"hp":99629.5,"p":[868.299,327.546,220,0,-2.889],"e":[[749.444,296.696,27.52,92.25],[749.433,296.774,124.88,92.25],[749.441,296.72,71.2,92.25],[749.465,296.493,92.88,92.25],[749.443,296.702,134.88,92.25],[749.447,296.68,134.88,92.25],[749.45,296.665,124.88,92.25],[749.421,296.907,124.88,92.25],[749.484,296.051,114.88,92.25],[749.457,296.61,124.88,92.25],[749.397,296.99,134.88,92.25],[749.463,295.882,124.88,92.25],[749.437,296.825,90.88,92.25]],"b":[],"pop":[14,17],"par":0,"own":"{\"compound\":2,\"timeDilation\":1}","ch":["timeDilation","compound","variance"],"best":0}
C f4120 {"st":"playing","w":2,"sc":1600,"hp":99629.5,"p":[941.632,327.546,220,0,-2.99],"e":[[779.605,302.626,27.52,92.25],[779.596,302.689,124.88,92.25],[779.602,302.645,71.2,92.25],[779.617,302.461,92.88,92.25],[779.604,302.63,134.88,92.25],[779.606,302.613,134.88,92.25],[779.609,302.601,124.88,92.25],[779.589,302.796,124.88,92.25],[779.62,302.101,114.88,92.25],[779.614,302.556,124.88,92.25],[779.568,302.863,134.88,92.25],[779.592,301.963,124.88,92.25],[779.602,302.731,90.88,92.25]],"b":[[836.908,312.961]],"pop":[17],"par":0,"own":"{\"compound\":2,\"timeDilation\":1}","ch":["timeDilation","compound","variance"],"best":0}
C f4140 {"st":"playing","w":2,"sc":1600,"hp":99629.5,"p":[942,357.768,0,213.333,-2.791],"e":[[809.607,309.078,6.784,92.25],[809.6,309.129,124.88,92.25],[809.605,309.093,71.2,92.25],[809.613,308.942,92.88,92.25],[809.606,309.081,134.88,92.25],[809.608,309.067,134.88,92.25],[809.61,309.057,124.88,92.25],[809.598,309.218,124.88,92.25],[809.602,308.646,114.88,92.25],[809.613,309.02,124.88,92.25],[809.579,309.272,134.88,92.25],[809.57,308.53,124.88,92.25],[809.608,309.164,90.88,92.25]],"b":[[900.344,340.044]],"pop":[17,21],"par":0,"own":"{\"compound\":2,\"timeDilation\":1}","ch":["timeDilation","compound","variance"],"best":0}
C f4160 {"st":"playing","w":2,"sc":1800,"hp":99629.5,"p":[942,431.101,0,220,-2.366],"e":[[835.018,326.027,124.88,92.25],[835.019,325.997,71.2,92.25],[835.014,325.866,92.88,92.25],[835.019,325.986,134.88,92.25],[835.02,325.974,134.88,92.25],[835.021,325.966,124.88,92.25],[835.023,326.104,124.88,92.25],[834.978,325.608,114.88,92.25],[835.021,325.934,124.88,92.25],[835.01,326.149,134.88,92.25],[834.938,325.505,124.88,92.25],[835.028,326.058,90.88,92.25]],"b":[],"pop":[21,25],"par":6,"own":"{\"compound\":2,\"timeDilation\":1}","ch":["timeDilation","compound","variance"],"best":0}
C f4180 {"st":"playing","w":2,"sc":1800,"hp":99629.5,"p":[942,504.435,0,220,-2.094],"e":[[853.328,350.618,114.88,92.25],[853.327,350.589,71.2,92.25],[853.311,350.467,92.88,92.25],[853.326,350.579,134.88,92.25],[853.325,350.568,134.88,92.25],[853.326,350.56,124.88,92.25],[853.339,350.69,124.88,92.25],[853.259,350.221,114.88,92.25],[853.323,350.531,124.88,92.25],[853.331,350.732,134.88,92.25],[853.215,350.121,124.88,92.25],[853.339,350.647,90.88,92.25]],"b":[],"pop":[25,10],"par":0,"own":"{\"compound\":2,\"timeDilation\":1}","ch":["timeDilation","compound","variance"],"best":0}
C f4200 {"st":"playing","w":2,"sc":1800,"hp":99629.5,"p":[941.778,522,-13.333,0,-2.047],"e":[[867.555,377.877,114.88,92.25],[867.552,377.849,71.2,92.25],[867.53,377.73,92.88,92.25],[867.55,377.84,134.88,92.25],[867.549,377.829,134.88,92.25],[867.549,377.821,124.88,92.25],[867.569,377.948,124.88,92.25],[867.469,377.49,114.88,92.25],[867.545,377.793,124.88,92.25],[867.565,377.987,134.88,92.25],[867.424,377.39,124.88,92.25],[867.567,377.906,90.88,92.25]],"b":[[885.066,411.843]],"pop":[10],"par":0,"own":"{\"compound\":2,\"timeDilation\":1}","ch":["timeDilation","compound","variance"],"best":0}
C f4200 draw f83da0d5
C f4220 {"st":"playing","w":2,"sc":1800,"hp":99629.5,"p":[901.406,522,-155.563,0,-1.767],"e":[[878.433,406.511,102.88,92.25],[878.428,406.483,71.2,92.25],[878.403,406.366,92.88,92.25],[878.427,406.474,134.88,92.25],[878.425,406.463,134.88,92.25],[878.424,406.456,124.88,92.25],[878.449,406.58,124.88,92.25],[878.337,406.127,114.88,92.25],[878.419,406.428,124.88,92.25],[878.448,406.618,134.88,92.25],[878.294,406.028,124.88,92.25],[878.444,406.54,90.88,92.25]],"b":[[890.782,442.184]],"pop":[10,12],"par":0,"own":"{\"compound\":2,\"timeDilation\":1}","ch":["timeDilation","compound","variance"],"best":0}
C f4240 {"st":"playing","w":2,"sc":1800,"hp":99629.5,"p":[849.552,522,-155.563,0,-1.269],"e":[[877.901,430.86,88.48,92.25],[877.898,430.832,71.2,92.25],[877.879,430.715,92.88,92.25],[877.897,430.823,134.88,92.25],[877.895,430.812,134.88,92.25],[877.895,430.805,124.88,92.25],[877.913,430.929,124.88,92.25],[877.828,430.479,114.88,92.25],[877.891,430.777,124.88,92.25],[877.912,430.967,134.88,92.25],[877.795,430.379,124.88,92.25],[877.91,430.889,90.88,92.25]],"b":[[864.138,479.666]],"pop":[12,14],"par":0,"own":"{\"compound\":2,\"timeDilation\":1}","ch":["timeDilation","compound","variance"],"best":0}
C f4260 {"st":"playing","w":2,"sc":1800,"hp":99629.5,"p":[797.697,522,-155.563,0,-0.817],"e":[[865.595,449.521,71.2,92.25],[865.595,449.496,71.2,92.25],[865.589,449.388,92.88,92.25],[865.594,449.488,134.88,92.25],[865.594,449.478,134.88,92.25],[865.595,449.471,124.88,92.25],[865.599,449.585,124.88,92.25],[865.568,449.171,114.88,92.25],[865.594,449.445,124.88,92.25],[865.594,449.621,134.88,92.25],[865.548,449.081,124.88,92.25],[865.6,449.548,90.88,92.25]],"b":[],"pop":[14,17],"par":0,"own":"{\"compound\":2,\"timeDilation\":1}","ch":["timeDilation","compound","variance"],"best":0}
C f4280 {"st":"playing","w":2,"sc":1800,"hp":99629.5,"p":[750.509,517.333,-75.563,-80,-0.499],"e":[[841.117,467.932,50.464,92.25],[841.12,467.911,71.2,92.25],[841.129,467.821,92.88,92.25],[841.121,467.904,134.88,92.25],[841.122,467.895,134.88,92.25],[841.123,467.89,124.88,92.25],[841.113,467.985,124.88,92.25],[841.136,467.642,114.88,92.25],[841.126,467.868,124.88,92.25],[841.105,468.015,134.88,92.25],[841.129,467.569,124.88,92.25],[841.119,467.954,90.88,92.25]],"b":[],"pop":[17,21],"par":0,"own":"{\"compound\":2,\"timeDilation\":1}","ch":["timeDilation","compound","variance"],"best":0}
C f4300 {"st":"playing","w":2,"sc":1800,"hp":99629.5,"p":[747.546,455.111,0,-220,0.193],"e":[[830.272,471.345,25.581,92.25],[830.275,471.326,71.2,92.25],[830.286,471.245,92.88,92.25],[830.276,471.319,134.88,92.25],[830.277,471.312,134.88,92.25],[830.279,471.307,124.88,92.25],[830.266,471.392,124.88,92.25],[829.942,471.246,114.88,92.25],[830.282,471.287,124.88,92.25],[830.257,471.42,134.88,92.25],[829.937,471.181,124.88,92.25],[830.272,471.364,90.88,92.25]],"b":[],"pop":[21,25],"par":0,"own":"{\"compound\":2,\"timeDilation\":1}","ch":["timeDilation","compound","variance"],"best":0}
C f4320 {"st":"playing","w":2,"sc":2000,"hp":99629.5,"p":[747.546,381.778,0,-220,0.847],"e":[[818.059,461.301,71.2,92.25],[818.064,461.229,92.88,92.25],[818.059,461.296,134.88,92.25],[818.06,461.289,134.88,92.25],[818.061,461.284,124.88,92.25],[818.055,461.361,124.88,92.25],[817.74,461.206,114.88,92.25],[818.063,461.267,124.88,92.25],[818.048,461.386,134.88,92.25],[817.731,461.146,124.88,92.25],[818.059,461.336,90.88,92.25]],"b":[],"pop":[25,30],"par":10,"own":"{\"compound\":2,\"timeDilation\":1}","ch":["timeDilation","compound","variance"],"best":0}
C f4340 {"st":"playing","w":2,"sc":2000,"hp":99629.5,"p":[747.546,308.444,0,-220,1.164],"e":[[802.344,435.012,71.2,92.25],[802.341,434.945,92.88,92.25],[802.344,435.007,134.88,92.25],[802.344,435.001,134.88,92.25],[802.344,434.997,124.88,92.25],[802.346,435.068,124.88,92.25],[802.067,434.891,114.88,92.25],[802.344,434.98,124.88,92.25],[802.343,435.091,134.88,92.25],[802.055,434.834,124.88,92.25],[802.347,435.045,90.88,92.25]],"b":[[765.401,352.325]],"pop":[30],"par":10,"own":"{\"compound\":2,\"timeDilation\":1}","ch":["timeDilation","compound","variance"],"best":0}
C f4350 draw 7b0ac9a
C f4360 {"st":"playing","w":2,"sc":2000,"hp":99629.5,"p":[747.546,249.778,0,-73.333,1.292],"e":[[792.497,405.903,61.2,92.25],[792.491,405.837,92.88,92.25],[792.497,405.898,134.88,92.25],[792.497,405.892,134.88,92.25],[792.497,405.888,124.88,92.25],[792.502,405.958,124.88,92.25],[792.259,405.769,114.88,92.25],[792.496,405.872,124.88,92.25],[792.501,405.98,134.88,92.25],[792.245,405.713,124.88,92.25],[792.502,405.936,90.88,92.25]],"b":[],"pop":[30,10],"par":0,"own":"{\"compound\":2,\"timeDilation\":1}","ch":["timeDilation","compound","variance"],"best":0}
C f4380 {"st":"playing","w":2,"sc":2000,"hp":99629.5,"p":[747.546,247,0,0,1.296],"e":[[784.12,376.317,49.2,92.25],[784.112,376.25,92.88,92.25],[784.12,376.311,134.88,92.25],[784.119,376.305,134.88,92.25],[784.119,376.301,124.88,92.25],[784.127,376.371,124.88,92.25],[783.916,376.173,114.88,92.25],[784.117,376.285,124.88,92.25],[784.127,376.392,134.88,92.25],[783.902,376.116,124.88,92.25],[784.126,376.348,90.88,92.25]],"b":[],"pop":[10,12],"par":0,"own":"{\"compound\":2,\"timeDilation\":1}","ch":["timeDilation","compound","variance"],"best":0}
C f4400 {"st":"playing","w":2,"sc":2000,"hp":99629.5,"p":[747.546,247,0,0,1.296],"e":[[775.751,346.727,34.8,92.25],[775.741,346.662,92.88,92.25],[775.751,346.722,134.88,92.25],[775.75,346.716,134.88,92.25],[775.75,346.712,124.88,92.25],[775.76,346.781,124.88,92.25],[775.582,346.574,114.88,92.25],[775.747,346.696,124.88,92.25],[775.761,346.802,134.88,92.25],[775.568,346.517,124.88,92.25],[775.758,346.759,90.88,92.25]],"b":[],"pop":[12,14],"par":0,"own":"{\"compound\":2,\"timeDilation\":1}","ch":["timeDilation","compound","variance"],"best":0}
C f4420 {"st":"playing","w":2,"sc":2000,"hp":99629.5,"p":[747.546,247,0,0,1.296],"e":[[767.383,317.138,17.52,92.25],[767.37,317.073,92.88,92.25],[767.382,317.133,134.88,92.25],[767.381,317.127,134.88,92.25],[767.38,317.123,124.88,92.25],[767.393,317.191,124.88,92.25],[767.248,316.974,114.88,92.25],[767.377,317.107,124.88,92.25],[767.396,317.212,134.88,92.25],[767.233,316.918,124.88,92.25],[767.39,317.169,90.88,92.25]],"b":[],"pop":[12,14,17],"par":0,"own":"{\"compound\":2,\"timeDilation\":1}","ch":["timeDilation","compound","variance"],"best":0}
C f4440 {"st":"playing","w":2,"sc":2000,"hp":99629.5,"p":[775.176,219.37,155.563,-155.563,1.72],"e":[[763.475,298.239,17.52,92.25],[763.462,298.174,92.88,92.25],[763.474,298.234,134.88,92.25],[763.473,298.228,134.88,92.25],[763.472,298.224,124.88,92.25],[763.486,298.292,124.88,92.25],[763.365,298.07,114.88,92.25],[763.469,298.208,124.88,92.25],[763.488,298.312,134.88,92.25],[763.351,298.014,124.88,92.25],[763.482,298.27,90.88,92.25]],"b":[[767.276,265.641]],"pop":[14,17],"par":0,"own":"{\"compound\":2,\"timeDilation\":1}","ch":["timeDilation","compound","variance"],"best":0}
C f4460 {"st":"playing","w":2,"sc":2200,"hp":99629.5,"p":[827.03,167.515,155.563,-155.563,2.037],"e":[[771.702,277.675,92.88,92.25],[771.709,277.733,134.88,92.25],[771.708,277.727,134.88,92.25],[771.708,277.723,124.88,92.25],[771.715,277.789,124.88,92.25],[771.627,277.58,114.88,92.25],[771.706,277.708,124.88,92.25],[771.716,277.809,134.88,92.25],[771.619,277.526,124.88,92.25],[771.713,277.768,90.88,92.25]],"b":[],"pop":[17,21],"par":9,"own":"{\"compound\":2,\"timeDilation\":1}","ch":["timeDilation","compound","variance"],"best":0}
C f4480 {"st":"playing","w":2,"sc":2200,"hp":99629.5,"p":[878.885,115.661,155.563,-155.563,2.164],"e":[[787.514,251.325,82.88,92.25],[787.515,251.379,134.88,92.25],[787.515,251.373,134.88,92.25],[787.515,251.37,124.88,92.25],[787.515,251.432,124.88,92.25],[787.457,251.241,114.88,92.25],[787.515,251.356,124.88,92.25],[787.514,251.45,134.88,92.25],[787.455,251.19,124.88,92.25],[787.515,251.412,90.88,92.25]],"b":[],"pop":[21,10],"par":0,"own":"{\"compound\":2,\"timeDilation\":1}","ch":["timeDilation","compound","variance"],"best":0}
C f4500 {"st":"playing","w":2,"sc":2200,"hp":99629.5,"p":[930.517,64.028,142.23,-142.23,2.227],"e":[[805.603,226.464,82.88,92.25],[805.6,226.515,134.88,92.25],[805.6,226.51,134.88,92.25],[805.601,226.507,124.88,92.25],[805.596,226.565,124.88,92.25],[805.559,226.389,114.88,92.25],[805.602,226.494,124.88,92.25],[805.594,226.583,134.88,92.25],[805.56,226.341,124.88,92.25],[805.598,226.547,90.88,92.25]],"b":[[829.508,192.77]],"pop":[10],"par":0,"own":"{\"compound\":2,\"timeDilation\":1}","ch":["timeDilation","compound","variance"],"best":0}
C f4500 draw f2bcf901
C f4520 {"st":"playing","w":2,"sc":2200,"hp":99629.5,"p":[931.261,52.546,-124.437,0,2.192],"e":[[824.348,202.092,70.88,92.25],[824.342,202.14,134.88,92.25],[824.343,202.135,134.88,92.25],[824.343,202.132,124.88,92.25],[824.335,202.188,124.88,92.25],[824.313,202.023,114.88,92.25],[824.345,202.119,124.88,92.25],[824.332,202.205,134.88,92.25],[824.317,201.978,124.88,92.25],[824.338,202.17,90.88,92.25]],"b":[[888.91,118.936]],"pop":[12],"par":0,"own":"{\"compound\":2,\"timeDilation\":1}","ch":["timeDilation","compound","variance"],"best":0}
C f4540 {"st":"playing","w":2,"sc":2200,"hp":99629.5,"p":[862.854,52.546,-220,0,1.779],"e":[[837.183,174.41,56.48,92.25],[837.175,174.458,134.88,92.25],[837.176,174.453,134.88,92.25],[837.176,174.45,124.88,92.25],[837.166,174.504,124.88,92.25],[837.158,174.347,114.88,92.25],[837.179,174.437,124.88,92.25],[837.162,174.521,134.88,92.25],[837.164,174.303,124.88,92.25],[837.169,174.487,90.88,92.25]],"b":[[856.222,95.323]],"pop":[12,14],"par":0,"own":"{\"compound\":2,\"timeDilation\":1}","ch":["timeDilation","compound","variance"],"best":0}
C f4560 {"st":"playing","w":2,"sc":2200,"hp":99629.5,"p":[789.521,52.546,-220,0,1.126],"e":[[833.326,144.467,39.2,92.25],[833.32,144.514,134.88,92.25],[833.321,144.509,134.88,92.25],[833.321,144.506,124.88,92.25],[833.315,144.559,124.88,92.25],[833.304,144.404,114.88,92.25],[833.323,144.494,124.88,92.25],[833.313,144.575,134.88,92.25],[833.307,144.36,124.88,92.25],[833.317,144.542,90.88,92.25]],"b":[],"pop":[14,17],"par":0,"own":"{\"compound\":2,\"timeDilation\":1}","ch":["timeDilation","compound","variance"],"best":0}
C f4580 {"st":"playing","w":2,"sc":2200,"hp":99629.5,"p":[720.854,57.212,-140,80,0.612],"e":[[812.91,121.906,18.464,92.25],[812.911,121.947,134.88,92.25],[812.911,121.943,134.88,92.25],[812.911,121.94,124.88,92.25],[812.912,121.987,124.88,92.25],[812.883,121.847,114.88,92.25],[812.911,121.93,124.88,92.25],[812.912,122.001,134.88,92.25],[812.881,121.809,124.88,92.25],[812.912,121.972,90.88,92.25]],"b":[],"pop":[17,21],"par":0,"own":"{\"compound\":2,\"timeDilation\":1}","ch":["timeDilation","compound","variance"],"best":0}
C f4600 {"st":"playing","w":2,"sc":2400,"hp":99629.5,"p":[709.743,119.435,0,220,-0.047],"e":[[798.565,115.372,134.88,92.25],[798.565,115.368,134.88,92.25],[798.565,115.366,124.88,92.25],[798.569,115.407,124.88,92.25],[798.533,115.283,114.88,92.25],[798.564,115.357,124.88,92.25],[798.569,115.42,134.88,92.25],[798.529,115.249,124.88,92.25],[798.568,115.394,90.88,92.25]],"b":[],"pop":[21,25],"par":9,"own":"{\"compound\":2,\"timeDilation\":1}","ch":["timeDilation","compound","variance"],"best":0}
C f4620 {"st":"playing","w":2,"sc":2400,"hp":99629.5,"p":[709.743,192.768,0,220,-0.738],"e":[[786.284,123.158,124.88,92.25],[786.284,123.155,134.88,92.25],[786.284,123.153,124.88,92.25],[786.285,123.19,124.88,92.25],[786.258,123.079,114.88,92.25],[786.283,123.144,124.88,92.25],[786.285,123.201,134.88,92.25],[786.256,123.049,124.88,92.25],[786.284,123.178,90.88,92.25]],"b":[],"pop":[25,10],"par":9,"own":"{\"compound\":2,\"timeDilation\":1}","ch":["timeDilation","compound","variance"],"best":0}
C f4640 {"st":"playing","w":2,"sc":2400,"hp":99629.5,"p":[709.743,266.101,0,220,-1.108],"e":[[768.622,148.126,124.88,92.25],[768.622,148.123,134.88,92.25],[768.623,148.121,124.88,92.25],[768.62,148.155,124.88,92.25],[768.609,148.056,114.88,92.25],[768.623,148.113,124.88,92.25],[768.618,148.165,134.88,92.25],[768.61,148.029,124.88,92.25],[768.621,148.144,90.88,92.25]],"b":[[729.89,223.318]],"pop":[25,10],"par":0,"own":"{\"compound\":2,\"timeDilation\":1}","ch":["timeDilation","compound","variance"],"best":0}
C f4650 draw ebca7a7c
C f4660 {"st":"playing","w":2,"sc":2400,"hp":99629.5,"p":[709.743,324.768,0,73.333,-1.258],"e":[[757.616,176.808,112.88,92.25],[757.616,176.805,134.88,92.25],[757.617,176.803,124.88,92.25],[757.612,176.837,124.88,92.25],[757.609,176.741,114.88,92.25],[757.618,176.796,124.88,92.25],[757.611,176.847,134.88,92.25],[757.612,176.714,124.88,92.25],[757.614,176.826,90.88,92.25]],"b":[],"pop":[10,12],"par":0,"own":"{\"compound\":2,\"timeDilation\":1}","ch":["timeDilation","compound","variance"],"best":0}
C f4680 {"st":"playing","w":2,"sc":2400,"hp":99629.5,"p":[709.743,327.546,0,0,-1.263],"e":[[748.3,206.113,98.48,92.25],[748.301,206.11,134.88,92.25],[748.301,206.109,124.88,92.25],[748.296,206.142,124.88,92.25],[748.298,206.048,114.88,92.25],[748.303,206.101,124.88,92.25],[748.294,206.152,134.88,92.25],[748.302,206.021,124.88,92.25],[748.298,206.131,90.88,92.25]],"b":[],"pop":[12,14],"par":0,"own":"{\"compound\":2,\"timeDilation\":1}","ch":["timeDilation","compound","variance"],"best":0}
C f4700 {"st":"playing","w":2,"sc":2400,"hp":99629.5,"p":[709.743,327.546,0,0,-1.263],"e":[[738.994,235.421,81.2,92.25],[738.995,235.419,134.88,92.25],[738.995,235.417,124.88,92.25],[738.989,235.449,124.88,92.25],[738.997,235.357,114.88,92.25],[738.997,235.409,124.88,92.25],[738.987,235.459,134.88,92.25],[739.003,235.331,124.88,92.25],[738.991,235.439,90.88,92.25]],"b":[],"pop":[14,17],"par":0,"own":"{\"compound\":2,\"timeDilation\":1}","ch":["timeDilation","compound","variance"],"best":0}
C f4720 {"st":"playing","w":2,"sc":2400,"hp":99629.5,"p":[709.743,327.546,0,0,-1.263],"e":[[729.689,264.729,60.464,92.25],[729.689,264.727,134.88,92.25],[729.69,264.725,124.88,92.25],[729.682,264.757,124.88,92.25],[729.697,264.667,114.88,92.25],[729.691,264.717,124.88,92.25],[729.679,264.767,134.88,92.25],[729.703,264.641,124.88,92.25],[729.684,264.747,90.88,92.25]],"b":[],"pop":[14,17,21],"par":0,"own":"{\"compound\":2,\"timeDilation\":1}","ch":["timeDilation","compound","variance"],"best":0}
C f4740 {"st":"playing","w":2,"sc":2400,"hp":99629.5,"p":[739.965,327.546,213.333,0,-1.923],"e":[[725.142,287.128,35.581,92.25],[725.142,287.125,134.88,92.25],[725.143,287.123,124.88,92.25],[725.136,287.156,124.88,92.25],[725.15,287.067,114.88,92.25],[725.144,287.116,124.88,92.25],[725.134,287.165,134.88,92.25],[725.156,287.041,124.88,92.25],[725.138,287.145,90.88,92.25]],"b":[],"pop":[17,21,25],"par":0,"own":"{\"compound\":2,\"timeDilation\":1}","ch":["timeDilation","compound","variance"],"best":0}
C f4760 {"st":"playing","w":2,"sc":2400,"hp":99629.5,"p":[813.299,327.546,220,0,-2.729],"e":[[729.78,290.941,35.581,92.25],[729.781,290.938,134.88,92.25],[729.781,290.937,124.88,92.25],[729.776,290.967,124.88,92.25],[729.786,290.883,114.88,92.25],[729.782,290.93,124.88,92.25],[729.774,290.976,134.88,92.25],[729.79,290.859,124.88,92.25],[729.778,290.957,90.88,92.25]],"b":[],"pop":[21,25],"par":0,"own":"{\"compound\":2,\"timeDilation\":1}","ch":["timeDilation","compound","variance"],"best":0}
C f4780 {"st":"playing","w":2,"sc":2400,"hp":99629.5,"p":[886.632,327.546,220,0,-2.925],"e":[[756.889,298.913,5.721,92.25],[756.89,298.911,134.88,92.25],[756.89,298.91,124.88,92.25],[756.887,298.934,124.88,92.25],[756.892,298.867,114.88,92.25],[756.891,298.905,124.88,92.25],[756.886,298.941,134.88,92.25],[756.894,298.848,124.88,92.25],[756.888,298.926,90.88,92.25]],"b":[],"pop":[25,30],"par":0,"own":"{\"compound\":2,\"timeDilation\":1}","ch":["timeDilation","compound","variance"],"best":0}
C f4800 {"st":"playing","w":2,"sc":2600,"hp":99629.5,"p":[942,327.768,0,13.333,-2.99],"e":[[787.183,304.153,134.88,92.25],[787.183,304.152,124.88,92.25],[787.181,304.172,124.88,92.25],[787.184,304.117,114.88,92.25],[787.184,304.148,124.88,92.25],[787.18,304.178,134.88,92.25],[787.186,304.101,124.88,92.25],[787.182,304.165,90.88,92.25]],"b":[],"pop":[30,36],"par":8,"own":"{\"compound\":2,\"timeDilation\":1}","ch":["timeDilation","compound","variance"],"best":0}
C f4800 draw bd90d5b8
C f4820 {"st":"playing","w":2,"sc":2600,"hp":99629.5,"p":[942,376.101,0,220,-2.673],"e":[[816.608,312.535,134.88,92.25],[816.608,312.534,124.88,92.25],[816.606,312.55,124.88,92.25],[816.606,312.505,114.88,92.25],[816.608,312.53,124.88,92.25],[816.605,312.555,134.88,92.25],[816.607,312.492,124.88,92.25],[816.607,312.545,90.88,92.25]],"b":[[862.439,327.267]],"pop":[36],"par":8,"own":"{\"compound\":2,\"timeDilation\":1}","ch":["timeDilation","compound","variance"],"best":0}
C f4840 {"st":"playing","w":2,"sc":2600,"hp":99629.5,"p":[942,449.435,0,220,-2.284],"e":[[840.251,331.898,124.88,92.25],[840.251,331.897,124.88,92.25],[840.251,331.911,124.88,92.25],[840.247,331.871,114.88,92.25],[840.251,331.894,124.88,92.25],[840.251,331.916,134.88,92.25],[840.247,331.86,124.88,92.25],[840.251,331.907,90.88,92.25]],"b":[[912.685,412.956]],"pop":[36,10],"par":0,"own":"{\"compound\":2,\"timeDilation\":1}","ch":["timeDilation","compound","variance"],"best":0}
C f4860 {"st":"playing","w":2,"sc":2600,"hp":99629.5,"p":[942,522,0,0,-2.048],"e":[[857.011,357.596,112.88,92.25],[857.011,357.595,124.88,92.25],[857.012,357.608,124.88,92.25],[857.006,357.57,114.88,92.25],[857.011,357.592,124.88,92.25],[857.012,357.612,134.88,92.25],[857.005,357.559,124.88,92.25],[857.012,357.604,90.88,92.25]],"b":[],"pop":[10,12],"par":0,"own":"{\"compound\":2,\"timeDilation\":1}","ch":["timeDilation","compound","variance"],"best":0}
C f4880 {"st":"playing","w":2,"sc":2600,"hp":99629.5,"p":[937.333,522,-80,0,-2.021],"e":[[871.036,384.96,98.48,92.25],[871.036,384.959,124.88,92.25],[871.038,384.972,124.88,92.25],[871.03,384.935,114.88,92.25],[871.036,384.956,124.88,92.25],[871.038,384.976,134.88,92.25],[871.028,384.925,124.88,92.25],[871.037,384.968,90.88,92.25]],"b":[],"pop":[12,14],"par":0,"own":"{\"compound\":2,\"timeDilation\":1}","ch":["timeDilation","compound","variance"],"best":0}
C f4900 {"st":"playing","w":2,"sc":2600,"hp":99629.5,"p":[888.442,522,-155.563,0,-1.654],"e":[[879.473,414.334,81.2,92.25],[879.473,414.333,124.88,92.25],[879.475,414.346,124.88,92.25],[879.467,414.309,114.88,92.25],[879.473,414.33,124.88,92.25],[879.476,414.35,134.88,92.25],[879.465,414.299,124.88,92.25],[879.475,414.342,90.88,92.25]],"b":[],"pop":[14,17],"par":0,"own":"{\"compound\":2,\"timeDilation\":1}","ch":["timeDilation","compound","variance"],"best":0}
C f4920 {"st":"playing","w":2,"sc":2600,"hp":99629.5,"p":[836.588,522,-155.563,0,-1.142],"e":[[876.362,435.023,60.464,92.25],[876.362,435.023,124.88,92.25],[876.363,435.035,124.88,92.25],[876.358,434.999,114.88,92.25],[876.362,435.02,124.88,92.25],[876.364,435.039,134.88,92.25],[876.357,434.989,124.88,92.25],[876.363,435.031,90.88,92.25]],"b":[],"pop":[14,17,21],"par":0,"own":"{\"compound\":2,\"timeDilation\":1}","ch":["timeDilation","compound","variance"],"best":0}
C f4940 {"st":"playing","w":2,"sc":2600,"hp":99629.5,"p":[784.733,522,-155.563,0,-0.727],"e":[[860.464,454.471,60.464,92.25],[860.464,454.471,124.88,92.25],[860.463,454.482,124.88,92.25],[860.048,454.992,114.88,92.25],[860.464,454.468,124.88,92.25],[860.463,454.485,134.88,92.25],[860.048,454.983,124.88,92.25],[860.464,454.478,90.88,92.25]],"b":[[819.692,492.193]],"pop":[17,21],"par":0,"own":"{\"compound\":2,\"timeDilation\":1}","ch":["timeDilation","compound","variance"],"best":0}
C f4950 draw b2929b78
C f4960 {"st":"playing","w":2,"sc":2600,"hp":99629.5,"p":[747.546,507.333,-8.897,-146.667,-0.394],"e":[[835.571,470.439,35.581,92.25],[835.571,470.438,124.88,92.25],[835.57,470.448,124.88,92.25],[835.485,470.745,114.88,92.25],[835.572,470.436,124.88,92.25],[835.569,470.451,134.88,92.25],[835.486,470.737,124.88,92.25],[835.57,470.445,90.88,92.25]],"b":[],"pop":[21,25],"par":0,"own":"{\"compound\":2,\"timeDilation\":1}","ch":["timeDilation","compound","variance"],"best":0}
C f4980 {"st":"playing","w":2,"sc":2600,"hp":99629.5,"p":[747.546,436.778,0,-220,0.395],"e":[[828.887,470.701,5.721,92.25],[828.887,470.7,124.88,92.25],[828.886,470.709,124.88,92.25],[828.801,470.985,114.88,92.25],[828.888,470.698,124.88,92.25],[828.885,470.712,134.88,92.25],[828.802,470.978,124.88,92.25],[828.886,470.706,90.88,92.25]],"b":[],"pop":[25,30],"par":0,"own":"{\"compound\":2,\"timeDilation\":1}","ch":["timeDilation","compound","variance"],"best":0}
C f5000 {"st":"playing","w":2,"sc":2800,"hp":99629.5,"p":[747.546,363.444,0,-220,0.948],"e":[[813.388,455.113,124.88,92.25],[813.387,455.121,124.88,92.25],[813.335,455.363,114.88,92.25],[813.388,455.112,124.88,92.25],[813.387,455.123,134.88,92.25],[813.335,455.357,124.88,92.25],[813.387,455.119,90.88,92.25]],"b":[],"pop":[30,36],"par":7,"own":"{\"compound\":2,\"timeDilation\":1}","ch":["timeDilation","compound","variance"],"best":0}
C f5020 {"st":"playing","w":2,"sc":2800,"hp":99629.5,"p":[747.546,290.111,0,-220,1.21],"e":[[799.49,427.661,124.88,92.25],[799.49,427.668,124.88,92.25],[799.467,427.895,114.88,92.25],[799.489,427.659,124.88,92.25],[799.49,427.671,134.88,92.25],[799.466,427.889,124.88,92.25],[799.49,427.666,90.88,92.25]],"b":[[781.788,388.815]],"pop":[36],"par":7,"own":"{\"compound\":2,\"timeDilation\":1}","ch":["timeDilation","compound","variance"],"best":0}
C f5040 {"st":"playing","w":2,"sc":2800,"hp":99629.5,"p":[747.546,247,0,-6.667,1.295],"e":[[790.261,397.914,114.88,92.25],[790.262,397.922,124.88,92.25],[790.254,398.143,114.88,92.25],[790.261,397.913,124.88,92.25],[790.262,397.924,134.88,92.25],[790.253,398.137,124.88,92.25],[790.262,397.919,90.88,92.25]],"b":[[759.537,289.446]],"pop":[36,10],"par":0,"own":"{\"compound\":2,\"timeDilation\":1}","ch":["timeDilation","compound","variance"],"best":0}
C f5060 {"st":"playing","w":2,"sc":2800,"hp":99629.5,"p":[747.546,247,0,0,1.295],"e":[[781.693,367.641,102.88,92.25],[781.693,367.648,124.88,92.25],[781.699,367.866,114.88,92.25],[781.692,367.639,124.88,92.25],[781.694,367.65,134.88,92.25],[781.698,367.86,124.88,92.25],[781.693,367.646,90.88,92.25]],"b":[],"pop":[10,12],"par":0,"own":"{\"compound\":2,\"timeDilation\":1}","ch":["timeDilation","compound","variance"],"best":0}
C f5080 {"st":"playing","w":2,"sc":2800,"hp":99629.5,"p":[747.546,247,0,0,1.295],"e":[[773.039,337.068,88.48,92.25],[773.04,337.075,124.88,92.25],[773.058,337.289,114.88,92.25],[773.039,337.066,124.88,92.25],[773.04,337.077,134.88,92.25],[773.058,337.283,124.88,92.25],[773.04,337.073,90.88,92.25]],"b":[],"pop":[12,14],"par":0,"own":"{\"compound\":2,\"timeDilation\":1}","ch":["timeDilation","compound","variance"],"best":0}
C f5100 {"st":"playing","w":2,"sc":2800,"hp":99629.5,"p":[747.768,246.778,13.333,-13.333,1.299],"e":[[764.309,306.198,71.2,92.25],[764.31,306.205,124.88,92.25],[764.342,306.415,114.88,92.25],[764.308,306.196,124.88,92.25],[764.31,306.207,134.88,92.25],[764.341,306.41,124.88,92.25],[764.31,306.203,90.88,92.25]],"b":[],"pop":[14,17],"par":0,"own":"{\"compound\":2,\"timeDilation\":1}","ch":["timeDilation","compound","variance"],"best":0}
C f5100 draw fcd27af8
C f5120 {"st":"playing","w":2,"sc":2800,"hp":99629.5,"p":[788.14,206.406,155.563,-155.563,1.856],"e":[[762.866,292.518,50.464,92.25],[762.868,292.525,124.88,92.25],[762.898,292.734,114.88,92.25],[762.866,292.516,124.88,92.25],[762.868,292.527,134.88,92.25],[762.897,292.729,124.88,92.25],[762.867,292.523,90.88,92.25]],"b":[],"pop":[17,21],"par":0,"own":"{\"compound\":2,\"timeDilation\":1}","ch":["timeDilation","compound","variance"],"best":0}
C f5140 {"st":"playing","w":2,"sc":2800,"hp":99629.5,"p":[839.994,154.552,155.563,-155.563,2.095],"e":[[775.244,266.545,50.464,92.25],[775.245,266.552,124.88,92.25],[775.251,266.75,114.88,92.25],[775.244,266.544,124.88,92.25],[775.245,266.554,134.88,92.25],[775.251,266.745,124.88,92.25],[775.245,266.55,90.88,92.25]],"b":[[815.662,195.399]],"pop":[21],"par":0,"own":"{\"compound\":2,\"timeDilation\":1}","ch":["timeDilation","compound","variance"],"best":0}
C f5160 {"st":"playing","w":2,"sc":2800,"hp":99629.5,"p":[891.849,102.697,155.563,-155.563,2.196],"e":[[793.45,238.976,25.581,92.25],[793.45,238.982,124.88,92.25],[793.437,239.168,114.88,92.25],[793.45,238.974,124.88,92.25],[793.45,238.984,134.88,92.25],[793.437,239.163,124.88,92.25],[793.45,238.98,90.88,92.25]],"b":[],"pop":[21,25],"par":0,"own":"{\"compound\":2,\"timeDilation\":1}","ch":["timeDilation","compound","variance"],"best":0}
C f5180 {"st":"playing","w":2,"sc":3000,"hp":99629.5,"p":[939.036,55.509,75.563,-75.563,2.244],"e":[[813.769,212.504,124.88,92.25],[813.743,212.68,114.88,92.25],[813.769,212.497,124.88,92.25],[813.768,212.506,134.88,92.25],[813.743,212.675,124.88,92.25],[813.769,212.502,90.88,92.25]],"b":[],"pop":[25,30],"par":10,"own":"{\"compound\":2,\"timeDilation\":1}","ch":["timeDilation","compound","variance"],"best":0}
C f5200 {"st":"playing","w":2,"sc":3000,"hp":99629.5,"p":[917.558,52.546,-191.103,0,2.131],"e":[[834.041,185.598,124.88,92.25],[834.003,185.766,114.88,92.25],[834.042,185.592,124.88,92.25],[834.04,185.6,134.88,92.25],[834.004,185.761,124.88,92.25],[834.041,185.597,90.88,92.25]],"b":[[863.45,149.804]],"pop":[30],"par":10,"own":"{\"compound\":2,\"timeDilation\":1}","ch":["timeDilation","compound","variance"],"best":0}
C f5220 {"st":"playing","w":2,"sc":3000,"hp":99629.5,"p":[844.521,52.546,-220,0,1.577],"e":[[843.91,153.489,102.88,92.25],[843.871,153.655,114.88,92.25],[843.911,153.483,124.88,92.25],[843.909,153.491,134.88,92.25],[843.872,153.651,124.88,92.25],[843.91,153.488,90.88,92.25]],"b":[],"pop":[30,10,12],"par":0,"own":"{\"compound\":2,\"timeDilation\":1}","ch":["timeDilation","compound","variance"],"best":0}
C f5240 {"st":"playing","w":2,"sc":3000,"hp":99629.5,"p":[771.187,52.546,-220,0,0.899],"e":[[833.796,131.34,102.88,92.25],[833.817,131.485,114.88,92.25],[833.797,131.334,124.88,92.25],[833.796,131.341,134.88,92.25],[833.818,131.481,124.88,92.25],[833.796,131.338,90.88,92.25]],"b":[[801.229,87.764]],"pop":[10,12],"par":0,"own":"{\"compound\":2,\"timeDilation\":1}","ch":["timeDilation","compound","variance"],"best":0}
C f5250 draw 57b485a6
C f5260 {"st":"playing","w":2,"sc":3000,"hp":99629.5,"p":[712.521,67.212,-73.333,146.667,0.433],"e":[[806.351,110.547,88.48,92.25],[806.389,110.669,114.88,92.25],[806.351,110.542,124.88,92.25],[806.351,110.548,134.88,92.25],[806.389,110.666,124.88,92.25],[806.351,110.545,90.88,92.25]],"b":[],"pop":[12,14],"par":0,"own":"{\"compound\":2,\"timeDilation\":1}","ch":["timeDilation","compound","variance"],"best":0}
C f5280 {"st":"playing","w":2,"sc":3000,"hp":99629.5,"p":[709.743,137.768,0,220,-0.318],"e":[[796.942,109.103,71.2,92.25],[796.981,109.215,114.88,92.25],[796.942,109.098,124.88,92.25],[796.942,109.104,134.88,92.25],[796.981,109.212,124.88,92.25],[796.942,109.102,90.88,92.25]],"b":[],"pop":[14,17],"par":0,"own":"{\"compound\":2,\"timeDilation\":1}","ch":["timeDilation","compound","variance"],"best":0}
C f5300 {"st":"playing","w":2,"sc":3000,"hp":99629.5,"p":[709.743,211.101,0,220,-0.899],"e":[[776.806,126.659,50.464,92.25],[776.829,126.752,114.88,92.25],[776.806,126.655,124.88,92.25],[776.806,126.66,134.88,92.25],[776.829,126.749,124.88,92.25],[776.806,126.658,90.88,92.25]],"b":[],"pop":[17,21],"par":0,"own":"{\"compound\":2,\"timeDilation\":1}","ch":["timeDilation","compound","variance"],"best":0}
C f5320 {"st":"playing","w":2,"sc":3000,"hp":99629.5,"p":[709.743,284.435,0,220,-1.194],"e":[[759.784,157.971,50.464,92.25],[759.793,158.055,114.88,92.25],[759.784,157.967,124.88,92.25],[759.784,157.972,134.88,92.25],[759.793,158.053,124.88,92.25],[759.784,157.97,90.88,92.25]],"b":[[745.78,186.558]],"pop":[21],"par":0,"own":"{\"compound\":2,\"timeDilation\":1}","ch":["timeDilation","compound","variance"],"best":0}
C f5340 {"st":"playing","w":2,"sc":3000,"hp":99629.5,"p":[709.743,327.546,0,6.667,-1.289],"e":[[748.797,192.362,25.581,92.25],[748.799,192.444,114.88,92.25],[748.798,192.358,124.88,92.25],[748.797,192.363,134.88,92.25],[748.799,192.442,124.88,92.25],[748.797,192.361,90.88,92.25]],"b":[[721.972,285.168]],"pop":[21,25],"par":0,"own":"{\"compound\":2,\"timeDilation\":1}","ch":["timeDilation","compound","variance"],"best":0}
C f5360 {"st":"playing","w":2,"sc":3200,"hp":99629.5,"p":[709.743,327.546,0,0,-1.289],"e":[[738.669,227.483,114.88,92.25],[738.674,227.399,124.88,92.25],[738.674,227.404,134.88,92.25],[738.67,227.481,124.88,92.25],[738.674,227.402,90.88,92.25]],"b":[],"pop":[25,30],"par":10,"own":"{\"compound\":2,\"timeDilation\":1}","ch":["timeDilation","compound","variance"],"best":0}
C f5380 {"st":"playing","w":2,"sc":3200,"hp":99629.5,"p":[709.743,327.546,0,0,-1.289],"e":[[728.44,262.869,104.88,92.25],[728.451,262.787,124.88,92.25],[728.45,262.791,134.88,92.25],[728.44,262.867,124.88,92.25],[728.451,262.79,90.88,92.25]],"b":[],"pop":[30,10],"par":0,"own":"{\"compound\":2,\"timeDilation\":1}","ch":["timeDilation","compound","variance"],"best":0}
C f5400 {"st":"playing","w":2,"sc":3200,"hp":99598,"p":[709.965,327.546,13.333,0,-1.296],"e":[[718.122,298.605,92.88,92.25],[718.14,298.524,124.88,92.25],[718.139,298.529,134.88,92.25],[718.123,298.602,124.88,92.25],[718.139,298.527,90.88,92.25]],"b":[],"pop":[10,12],"par":0,"own":"{\"compound\":2,\"timeDilation\":1}","ch":["timeDilation","compound","variance"],"best":0}
C f5400 draw e223f17a
C f5420 {"st":"playing","w":2,"sc":3200,"hp":99598,"p":[758.299,327.546,220,0,-2.858],"e":[[721.429,316.804,78.48,92.25],[721.428,316.736,124.88,92.25],[721.428,316.74,134.88,92.25],[721.429,316.802,124.88,92.25],[721.428,316.738,90.88,92.25]],"b":[],"pop":[12,14],"par":0,"own":"{\"compound\":2,\"timeDilation\":1}","ch":["timeDilation","compound","variance"],"best":0}
C f5440 {"st":"playing","w":2,"sc":3200,"hp":99598,"p":[831.632,327.546,220,0,-3.048],"e":[[731.957,318.237,78.48,92.25],[731.954,318.178,124.88,92.25],[731.954,318.181,134.88,92.25],[731.957,318.235,124.88,92.25],[731.954,318.18,90.88,92.25]],"b":[[784.17,323.303]],"pop":[14],"par":0,"own":"{\"compound\":2,\"timeDilation\":1}","ch":["timeDilation","compound","variance"],"best":0}
C f5460 {"st":"playing","w":2,"sc":3200,"hp":99598,"p":[904.965,327.546,220,0,-3.092],"e":[[770.183,320.808,61.2,92.25],[770.18,320.765,124.88,92.25],[770.18,320.767,134.88,92.25],[770.183,320.807,124.88,92.25],[770.18,320.766,90.88,92.25]],"b":[],"pop":[14,17],"par":0,"own":"{\"compound\":2,\"timeDilation\":1}","ch":["timeDilation","compound","variance"],"best":0}
C f5480 {"st":"playing","w":2,"sc":3200,"hp":99598,"p":[942,332.212,0,80,-3.069],"e":[[808.837,322.568,40.464,92.25],[808.833,322.535,124.88,92.25],[808.833,322.537,134.88,92.25],[808.837,322.567,124.88,92.25],[808.833,322.536,90.88,92.25]],"b":[],"pop":[17,21],"par":0,"own":"{\"compound\":2,\"timeDilation\":1}","ch":["timeDilation","compound","variance"],"best":0}
C f5500 {"st":"playing","w":2,"sc":3200,"hp":99598,"p":[942,394.435,0,220,-2.581],"e":[[845.735,334.007,15.581,92.25],[845.729,333.982,124.88,92.25],[845.729,333.983,134.88,92.25],[845.735,334.006,124.88,92.25],[845.729,333.982,90.88,92.25]],"b":[],"pop":[21,25],"par":0,"own":"{\"compound\":2,\"timeDilation\":1}","ch":["timeDilation","compound","variance"],"best":0}
C f5520 {"st":"playing","w":2,"sc":3200,"hp":99598,"p":[942,467.768,0,220,-2.151],"e":[[872.855,362.269,15.581,92.25],[872.846,362.246,124.88,92.25],[872.847,362.247,134.88,92.25],[872.855,362.268,124.88,92.25],[872.846,362.247,90.88,92.25]],"b":[[888.87,380.705]],"pop":[25],"par":0,"own":"{\"compound\":2,\"timeDilation\":1}","ch":["timeDilation","compound","variance"],"best":0}
C f5540 {"st":"playing","w":2,"sc":3400,"hp":99598,"p":[942,522,0,0,-1.966],"e":[[890.273,398.019,124.88,92.25],[890.274,398.02,134.88,92.25],[890.282,398.041,124.88,92.25],[890.274,398.02,90.88,92.25]],"b":[[925.058,481.393]],"pop":[25,30],"par":6,"own":"{\"compound\":2,\"timeDilation\":1}","ch":["timeDilation","compound","variance"],"best":0}
C f5550 draw 2afd0af5
C f5560 {"st":"playing","w":2,"sc":3400,"hp":99598,"p":[927.333,522,-146.667,0,-1.828],"e":[[904.068,433.449,114.88,92.25],[904.069,433.451,134.88,92.25],[904.077,433.471,124.88,92.25],[904.068,433.45,90.88,92.25]],"b":[],"pop":[30,10],"par":0,"own":"{\"compound\":2,\"timeDilation\":1}","ch":["timeDilation","compound","variance"],"best":0}
C f5580 {"st":"playing","w":2,"sc":3400,"hp":99598,"p":[875.479,522,-155.563,0,-1.184],"e":[[902.51,455.553,102.88,92.25],[902.51,455.554,134.88,92.25],[902.516,455.574,124.88,92.25],[902.51,455.553,90.88,92.25]],"b":[],"pop":[10,12],"par":0,"own":"{\"compound\":2,\"timeDilation\":1}","ch":["timeDilation","compound","variance"],"best":0}
C f5600 {"st":"playing","w":2,"sc":3400,"hp":99598,"p":[823.624,522,-155.563,0,-0.65],"e":[[888.15,472.896,88.48,92.25],[888.15,472.897,134.88,92.25],[888.153,472.914,124.88,92.25],[888.15,472.896,90.88,92.25]],"b":[],"pop":[12,14],"par":0,"own":"{\"compound\":2,\"timeDilation\":1}","ch":["timeDilation","compound","variance"],"best":0}
C f5620 {"st":"playing","w":2,"sc":3400,"hp":99598,"p":[771.77,522,-155.563,0,-0.378],"e":[[864.5,485.133,71.2,92.25],[864.5,485.134,134.88,92.25],[864.5,485.148,124.88,92.25],[864.5,485.134,90.88,92.25]],"b":[],"pop":[14,17],"par":0,"own":"{\"compound\":2,\"timeDilation\":1}","ch":["timeDilation","compound","variance"],"best":0}
C f5640 {"st":"playing","w":2,"sc":3400,"hp":99598,"p":[747.546,491.778,0,-213.333,0.019],"e":[[834.525,493.447,71.2,92.25],[834.525,493.448,134.88,92.25],[834.525,493.458,124.88,92.25],[834.525,493.447,90.88,92.25]],"b":[[791.536,494.393]],"pop":[17],"par":0,"own":"{\"compound\":2,\"timeDilation\":1}","ch":["timeDilation","compound","variance"],"best":0}
C f5660 {"st":"playing","w":2,"sc":3400,"hp":99598,"p":[747.546,418.444,0,-220,0.736],"e":[[821.77,485.685,50.464,92.25],[821.77,485.685,134.88,92.25],[821.77,485.695,124.88,92.25],[821.77,485.685,90.88,92.25]],"b":[],"pop":[17,21],"par":0,"own":"{\"compound\":2,\"timeDilation\":1}","ch":["timeDilation","compound","variance"],"best":0}
C f5680 {"st":"playing","w":2,"sc":3400,"hp":99598,"p":[747.546,345.111,0,-220,1.128],"e":[[797.613,450.792,25.581,92.25],[797.613,450.792,134.88,92.25],[797.614,450.8,124.88,92.25],[797.613,450.792,90.88,92.25]],"b":[],"pop":[21,25],"par":0,"own":"{\"compound\":2,\"timeDilation\":1}","ch":["timeDilation","compound","variance"],"best":0}
C f5700 {"st":"playing","w":2,"sc":3600,"hp":99598,"p":[747.546,272,0,-206.667,1.316],"e":[[783.559,410.085,134.88,92.25],[783.561,410.093,124.88,92.25],[783.559,410.085,90.88,92.25]],"b":[],"pop":[25,30],"par":8,"own":"{\"compound\":2,\"timeDilation\":1}","ch":["timeDilation","compound","variance"],"best":0}
C f5700 draw d55a63e5
C f5720 {"st":"playing","w":2,"sc":3600,"hp":99598,"p":[747.546,247,0,0,1.356],"e":[[773.895,367.622,134.88,92.25],[773.897,367.63,124.88,92.25],[773.895,367.622,90.88,92.25]],"b":[[765.487,329.173]],"pop":[30],"par":8,"own":"{\"compound\":2,\"timeDilation\":1}","ch":["timeDilation","compound","variance"],"best":0}
C f5740 {"st":"playing","w":2,"sc":3600,"hp":99598,"p":[747.546,247,0,0,1.356],"e":[[764.508,324.652,124.88,92.25],[764.51,324.66,124.88,92.25],[764.508,324.652,90.88,92.25]],"b":[[756.936,289.986]],"pop":[30,10],"par":0,"own":"{\"compound\":2,\"timeDilation\":1}","ch":["timeDilation","compound","variance"],"best":0}
C f5760 {"st":"playing","w":2,"sc":3600,"hp":99598,"p":[747.546,247,0,0,1.356],"e":[[755.029,281.257,112.88,92.25],[755.031,281.265,124.88,92.25],[755.029,281.257,90.88,92.25]],"b":[],"pop":[10,12],"par":0,"own":"{\"compound\":2,\"timeDilation\":1}","ch":["timeDilation","compound","variance"],"best":0}
C f5780 {"st":"playing","w":2,"sc":3600,"hp":99566.5,"p":[752.212,242.333,80,-80,2.58],"e":[[751.578,242.733,98.48,92.25],[751.603,242.717,124.88,92.25],[751.577,242.734,90.88,92.25]],"b":[],"pop":[12,14],"par":0,"own":"{\"compound\":2,\"timeDilation\":1}","ch":["timeDilation","compound","variance"],"best":0}
C f5800 {"st":"playing","w":2,"sc":3600,"hp":99566.5,"p":[801.103,193.442,155.563,-155.563,2.357],"e":[[759.864,234.64,81.2,92.25],[759.886,234.621,124.88,92.25],[759.864,234.64,90.88,92.25]],"b":[],"pop":[14,17],"par":0,"own":"{\"compound\":2,\"timeDilation\":1}","ch":["timeDilation","compound","variance"],"best":0}
C f5820 {"st":"playing","w":2,"sc":3600,"hp":99566.5,"p":[852.958,141.588,155.563,-155.563,2.356],"e":[[776.722,217.792,60.464,92.25],[776.743,217.772,124.88,92.25],[776.721,217.792,90.88,92.25]],"b":[],"pop":[17,21],"par":0,"own":"{\"compound\":2,\"timeDilation\":1}","ch":["timeDilation","compound","variance"],"best":0}
C f5840 {"st":"playing","w":2,"sc":3600,"hp":99566.5,"p":[904.812,89.733,155.563,-155.563,2.356],"e":[[809.398,185.125,60.464,92.25],[809.419,185.106,124.88,92.25],[809.398,185.126,90.88,92.25]],"b":[[871.103,123.435]],"pop":[21],"par":0,"own":"{\"compound\":2,\"timeDilation\":1}","ch":["timeDilation","compound","variance"],"best":0}
C f5850 draw 86070ce7
C f5860 {"st":"playing","w":2,"sc":3600,"hp":99566.5,"p":[942,52.546,8.897,-8.897,2.356],"e":[[842.396,152.134,35.581,92.25],[842.417,152.114,124.88,92.25],[842.395,152.134,90.88,92.25]],"b":[],"pop":[21,25],"par":0,"own":"{\"compound\":2,\"timeDilation\":1}","ch":["timeDilation","compound","variance"],"best":0}
C f5880 {"st":"playing","w":2,"sc":3600,"hp":99566.5,"p":[899.521,52.546,-220,0,2.007],"e":[[864.972,126.634,5.721,92.25],[864.992,126.614,124.88,92.25],[864.972,126.635,90.88,92.25]],"b":[],"pop":[25,30],"par":0,"own":"{\"compound\":2,\"timeDilation\":1}","ch":["timeDilation","compound","variance"],"best":0}
C f5900 {"st":"playing","w":2,"sc":3800,"hp":99566.5,"p":[826.187,52.546,-220,0,1.04],"e":[[864.356,117.509,124.88,92.25],[864.338,117.529,90.88,92.25]],"b":[],"pop":[30,36],"par":10,"own":"{\"compound\":2,\"timeDilation\":1}","ch":["timeDilation","compound","variance"],"best":0}
C f5920 {"st":"playing","w":2,"sc":3800,"hp":99566.5,"p":[752.854,52.546,-220,0,0.505],"e":[[844.201,102.966,114.88,92.25],[844.187,102.982,90.88,92.25]],"b":[],"pop":[36,10],"par":10,"own":"{\"compound\":2,\"timeDilation\":1}","ch":["timeDilation","compound","variance"],"best":0}
C f5940 {"st":"playing","w":2,"sc":3800,"hp":99566.5,"p":[709.743,82.768,-6.667,213.333,0.066],"e":[[805.896,89.116,114.88,92.25],[805.884,89.126,90.88,92.25]],"b":[[753.622,83.723]],"pop":[10],"par":0,"own":"{\"compound\":2,\"timeDilation\":1}","ch":["timeDilation","compound","variance"],"best":0}
C f5960 {"st":"playing","w":2,"sc":3800,"hp":99566.5,"p":[709.743,156.101,0,220,-0.641],"e":[[788.479,97.377,102.88,92.25],[788.466,97.386,90.88,92.25]],"b":[],"pop":[10,12],"par":0,"own":"{\"compound\":2,\"timeDilation\":1}","ch":["timeDilation","compound","variance"],"best":0}
C f5980 {"st":"playing","w":2,"sc":3800,"hp":99566.5,"p":[709.743,229.435,0,220,-1.094],"e":[[758.065,135.914,88.48,92.25],[758.054,135.924,90.88,92.25]],"b":[],"pop":[12,14],"par":0,"own":"{\"compound\":2,\"timeDilation\":1}","ch":["timeDilation","compound","variance"],"best":0}
C f6000 {"st":"playing","w":2,"sc":3800,"hp":99566.5,"p":[709.743,302.546,0,206.667,-1.315],"e":[[741.105,182.84,71.2,92.25],[741.097,182.851,90.88,92.25]],"b":[],"pop":[14,17],"par":0,"own":"{\"compound\":2,\"timeDilation\":1}","ch":["timeDilation","compound","variance"],"best":0}
C f6000 draw cf51ac18
C f6020 {"st":"playing","w":2,"sc":3800,"hp":99566.5,"p":[709.743,327.546,0,0,-1.361],"e":[[730.084,232.107,50.464,92.25],[730.078,232.119,90.88,92.25]],"b":[],"pop":[17,21],"par":0,"own":"{\"compound\":2,\"timeDilation\":1}","ch":["timeDilation","compound","variance"],"best":0}
C f6040 {"st":"playing","w":2,"sc":3800,"hp":99566.5,"p":[709.743,327.546,0,0,-1.361],"e":[[719.456,281.975,25.581,92.25],[719.451,281.987,90.88,92.25]],"b":[],"pop":[17,21,25],"par":0,"own":"{\"compound\":2,\"timeDilation\":1}","ch":["timeDilation","compound","variance"],"best":0}
C f6060 {"st":"playing","w":2,"sc":3800,"hp":99535,"p":[709.743,327.546,0,0,-1.361],"e":[[709.8,327.277,25.581,92.25],[709.798,327.29,90.88,92.25]],"b":[],"pop":[21,25],"par":0,"own":"{\"compound\":2,\"timeDilation\":1}","ch":["timeDilation","compound","variance"],"best":0}
C f6080 {"st":"playing","w":2,"sc":3800,"hp":99535,"p":[714.41,327.546,80,0,-0.018],"e":[[715.49,327.515,25.581,92.25],[715.472,327.527,90.88,92.25]],"b":[[743.922,167.147]],"pop":[25],"par":0,"own":"{\"compound\":2,\"timeDilation\":1}","ch":["timeDilation","compound","variance"],"best":0}
C f6100 {"st":"playing","w":2,"sc":3800,"hp":99503.5,"p":[776.632,327.546,220,0,-3.141],"e":[[731.653,327.489,25.581,92.25],[731.879,327.508,90.88,92.25]],"b":[[777.268,10.66],[612.411,326.981]],"pop":[],"par":0,"own":"{\"compound\":2,\"timeDilation\":1}","ch":["timeDilation","compound","variance"],"best":0}
C f6120 {"st":"playing","w":2,"sc":4000,"hp":99503.5,"p":[849.965,327.546,220,0,-3.141],"e":[[748.878,327.515,90.88,92.25]],"b":[[452.413,326.252]],"pop":[30],"par":9,"own":"{\"compound\":2,\"timeDilation\":1}","ch":["timeDilation","compound","variance"],"best":0}
C f6140 {"st":"playing","w":2,"sc":4000,"hp":99503.5,"p":[923.299,327.546,220,0,-3.141],"e":[[802.441,327.527,90.88,92.25]],"b":[[292.414,325.523],[875.632,327.539]],"pop":[30],"par":9,"own":"{\"compound\":2,\"timeDilation\":1}","ch":["timeDilation","compound","variance"],"best":0}
C f6150 draw 5ae078a4
C f6160 {"st":"playing","w":2,"sc":4000,"hp":99503.5,"p":[942,342.212,0,146.667,-2.992],"e":[[853.152,328.847,80.88,92.25]],"b":[[132.416,324.795]],"pop":[30,10],"par":0,"own":"{\"compound\":2,\"timeDilation\":1}","ch":["timeDilation","compound","variance"],"best":0}
C f6180 {"st":"playing","w":2,"sc":4000,"hp":99503.5,"p":[942,412.768,0,220,-2.345],"e":[[873.701,342.988,68.88,92.25]],"b":[],"pop":[10,12],"par":0,"own":"{\"compound\":2,\"timeDilation\":1}","ch":["timeDilation","compound","variance"],"best":0}
C f6200 {"st":"playing","w":2,"sc":4000,"hp":99503.5,"p":[942,486.101,0,220,-1.961],"e":[[902.402,389.72,54.48,92.25]],"b":[],"pop":[12,14],"par":0,"own":"{\"compound\":2,\"timeDilation\":1}","ch":["timeDilation","compound","variance"],"best":0}
C f6220 {"st":"playing","w":2,"sc":4000,"hp":99503.5,"p":[942,522,0,0,-1.853],"e":[[919.073,442.856,37.2,92.25]],"b":[],"pop":[14,17],"par":0,"own":"{\"compound\":2,\"timeDilation\":1}","ch":["timeDilation","compound","variance"],"best":0}
C f6240 {"st":"playing","w":2,"sc":4000,"hp":99503.5,"p":[914.37,522,-155.563,0,-1.25],"e":[[925.844,487.512,16.464,92.25]],"b":[],"pop":[17,21],"par":0,"own":"{\"compound\":2,\"timeDilation\":1}","ch":["timeDilation","compound","variance"],"best":0}
C f6260 {"st":"playing","w":2,"sc":4000,"hp":99503.5,"p":[862.515,522,-155.563,0,-0.358],"e":[[902.385,507.062,16.464,92.25]],"b":[],"pop":[17,21],"par":0,"own":"{\"compound\":2,\"timeDilation\":1}","ch":["timeDilation","compound","variance"],"best":0}
C f6280 {"st":"choosing","w":2,"sc":4200,"hp":99503.5,"p":[852.144,522,-155.563,0,-0.286],"e":[],"b":[],"pop":[21,25],"par":9,"own":"{\"compound\":2,\"timeDilation\":1}","ch":["timeDilation","variance"],"best":0}
C f6300 {"st":"choosing","w":2,"sc":4200,"hp":99503.5,"p":[852.144,522,-155.563,0,-0.286],"e":[],"b":[],"pop":[25],"par":0,"own":"{\"compound\":2,\"timeDilation\":1}","ch":["timeDilation","variance"],"best":0}
C f6300 draw bdc82145
C f6320 {"st":"playing","w":3,"sc":4200,"hp":99503.5,"p":[838.291,488.111,0,-220,-1.571],"e":[],"b":[],"pop":[],"par":0,"own":"{\"compound\":2,\"timeDilation\":2}","ch":["timeDilation","variance"],"best":0}
C f6340 {"st":"playing","w":3,"sc":4200,"hp":99503.5,"p":[838.291,414.778,0,-220,-1.571],"e":[],"b":[],"pop":[],"par":0,"own":"{\"compound\":2,\"timeDilation\":2}","ch":["timeDilation","variance"],"best":0}
C f6360 {"st":"playing","w":3,"sc":4200,"hp":99503.5,"p":[838.291,341.444,0,-220,-1.571],"e":[],"b":[],"pop":[],"par":0,"own":"{\"compound\":2,\"timeDilation\":2}","ch":["timeDilation","variance"],"best":0}
C f6380 {"st":"playing","w":3,"sc":4200,"hp":99503.5,"p":[838.291,272.778,0,-140,-1.033],"e":[[962.676,64.413,150.72,94.5],[776.33,11.706,150.72,94.5],[10.848,19.442,150.72,94.5]],"b":[[911.855,174.97]],"pop":[],"par":0,"own":"{\"compound\":2,\"timeDilation\":2}","ch":["timeDilation","variance"],"best":0}
C f6400 {"st":"playing","w":3,"sc":4200,"hp":99503.5,"p":[838.291,261.667,0,0,-1.008],"e":[[945.959,91.11,140.72,94.5],[783.869,42.291,150.72,94.5],[41.064,28.343,150.72,94.5]],"b":[[908.634,150.416]],"pop":[10],"par":0,"own":"{\"compound\":2,\"timeDilation\":2}","ch":["timeDilation","variance"],"best":0}
C f6420 {"st":"playing","w":3,"sc":4200,"hp":99503.5,"p":[838.291,261.667,0,0,-1.008],"e":[[929.144,117.747,128.72,94.5],[791.453,72.864,150.72,94.5],[71.296,37.191,150.72,94.5]],"b":[[887.402,183.871]],"pop":[10,12],"par":0,"own":"{\"compound\":2,\"timeDilation\":2}","ch":["timeDilation","variance"],"best":0}
C f6440 {"st":"playing","w":3,"sc":4200,"hp":99503.5,"p":[838.291,261.667,0,0,-1.008],"e":[[912.329,144.383,114.32,94.5],[799.038,103.437,150.72,94.5],[101.528,46.039,150.72,94.5]],"b":[[866.049,217.695]],"pop":[12,14],"par":0,"own":"{\"compound\":2,\"timeDilation\":2}","ch":["timeDilation","variance"],"best":0}
C f6450 draw ed67341a
C f6460 {"st":"playing","w":3,"sc":4200,"hp":99503.5,"p":[852.958,247,146.667,-146.667,-1.056],"e":[[898.469,166.591,97.04,94.5],[806.281,130.541,150.72,94.5],[131.805,54.728,150.72,94.5],[441.573,555.056,150.72,94.5],[975.687,262.44,150.72,94.5],[-14.481,8.682,150.72,94.5]],"b":[],"pop":[14,17],"par":0,"own":"{\"compound\":2,\"timeDilation\":2}","ch":["timeDilation","variance"],"best":0}
C f6480 {"st":"playing","w":3,"sc":4200,"hp":99470.5,"p":[904.812,195.146,155.563,-155.563,-1.904],"e":[[896.974,172.526,76.304,94.5],[810.272,135.278,150.72,94.5],[162.559,61.504,150.72,94.5],[466.599,535.927,150.72,94.5],[970.092,259.808,150.72,94.5],[16.172,15.909,150.72,94.5]],"b":[],"pop":[17,21],"par":0,"own":"{\"compound\":2,\"timeDilation\":2}","ch":["timeDilation","variance"],"best":0}
C f6500 {"st":"playing","w":3,"sc":4200,"hp":99470.5,"p":[942,143.291,0,-155.563,2.499],"e":[[905.391,170.693,51.421,94.5],[819.612,137.284,150.72,94.5],[193.753,65.824,150.72,94.5],[491.257,516.327,150.72,94.5],[966.749,250.891,150.72,94.5],[47.24,21.074,150.72,94.5]],"b":[],"pop":[21,25],"par":0,"own":"{\"compound\":2,\"timeDilation\":2}","ch":["timeDilation","variance"],"best":0}
C f6520 {"st":"playing","w":3,"sc":4200,"hp":99470.5,"p":[942,91.437,0,-155.563,1.964],"e":[[915.086,156.379,21.561,94.5],[836.676,134.194,150.72,94.5],[225.177,67.918,150.72,94.5],[514.801,495.409,150.72,94.5],[962.565,227.478,150.72,94.5],[78.561,24.388,150.72,94.5]],"b":[],"pop":[25,30],"par":0,"own":"{\"compound\":2,\"timeDilation\":2}","ch":["timeDilation","variance"],"best":0}
C f6540 {"st":"playing","w":3,"sc":4500,"hp":99470.5,"p":[911.778,67.212,-213.333,0,1.465],"e":[[852.414,124.272,150.72,94.5],[256.675,68.134,150.72,94.5],[536.943,473.012,150.72,94.5],[956.523,196.622,150.72,94.5],[110.01,26.171,150.72,94.5]],"b":[],"pop":[30,36],"par":10,"own":"{\"compound\":2,\"timeDilation\":2}","ch":["timeDilation","variance"],"best":0}
C f6560 {"st":"playing","w":3,"sc":4500,"hp":99470.5,"p":[838.444,67.212,-220,0,1.274],"e":[[854.171,118.582,150.72,94.5],[288.175,68.087,150.72,94.5],[556.987,448.733,150.72,94.5],[939.475,170.436,150.72,94.5],[141.464,27.864,150.72,94.5],[105.056,552.541,150.72,94.5],[-10.12,395.573,150.72,94.5],[973.493,365.893,150.72,94.5]],"b":[],"pop":[30,36],"par":10,"own":"{\"compound\":2,\"timeDilation\":2}","ch":["timeDilation","variance"],"best":0}
C f6580 {"st":"playing","w":3,"sc":4500,"hp":99470.5,"p":[765.111,67.212,-220,0,0.506],"e":[[849.832,114.211,140.72,94.5],[319.675,68.033,150.72,94.5],[573.822,422.14,150.72,94.5],[914.221,151.775,150.72,94.5],[172.908,29.747,150.72,94.5],[130.867,534.491,150.72,94.5],[19.067,383.728,150.72,94.5],[957.659,338.718,150.72,94.5]],"b":[],"pop":[36,10],"par":0,"own":"{\"compound\":2,\"timeDilation\":2}","ch":["timeDilation","variance"],"best":0}
C f6600 {"st":"playing","w":3,"sc":4500,"hp":99470.5,"p":[692,67.435,-206.667,13.333,0.282],"e":[[832.008,107.988,128.72,94.5],[351.175,67.97,150.72,94.5],[586.158,393.203,150.72,94.5],[885.537,138.838,150.72,94.5],[204.335,31.88,150.72,94.5],[155.633,515.033,150.72,94.5],[47.813,370.851,150.72,94.5],[937.253,314.767,150.72,94.5]],"b":[],"pop":[10,12],"par":0,"own":"{\"compound\":2,\"timeDilation\":2}","ch":["timeDilation","variance"],"best":0}
C f6600 draw d904b789
C f6620 {"st":"playing","w":3,"sc":4500,"hp":99470.5,"p":[667,115.768,0,220,-0.087],"e":[[800.942,104.113,128.72,94.5],[382.575,69.898,150.72,94.5],[594.692,362.884,150.72,94.5],[855.001,131.528,150.72,94.5],[235.598,35.581,150.72,94.5],[179.896,494.949,150.72,94.5],[76.489,357.829,150.72,94.5],[913.36,294.292,150.72,94.5]],"b":[[759.046,99.094]],"pop":[12],"par":0,"own":"{\"compound\":2,\"timeDilation\":2}","ch":["timeDilation","variance"],"best":0}
C f6640 {"st":"playing","w":3,"sc":4500,"hp":99470.5,"p":[667,189.101,0,220,-0.607],"e":[[774.282,114.549,114.32,94.5],[412.67,78.921,150.72,94.5],[605.18,333.202,150.72,94.5],[823.991,135.585,150.72,94.5],[265.925,43.968,150.72,94.5],[205.725,476.943,150.72,94.5],[106.267,347.607,150.72,94.5],[885.933,278.954,150.72,94.5]],"b":[[711.041,154.12]],"pop":[12,14],"par":0,"own":"{\"compound\":2,\"timeDilation\":2}","ch":["timeDilation","variance"],"best":0}
C f6660 {"st":"playing","w":3,"sc":4500,"hp":99470.5,"p":[667,262.435,0,220,2.323],"e":[[752.757,137.317,97.04,94.5],[439.78,94.829,150.72,94.5],[611.133,322.159,150.72,94.5],[797.045,151.539,150.72,94.5],[294.524,57.095,150.72,94.5],[233.447,462.028,150.72,94.5],[137.058,341.065,150.72,94.5],[855.344,272.099,150.72,94.5],[416.598,-8.067,150.72,94.5],[-5.132,366.02,150.72,94.5],[425.747,547.457,150.72,94.5]],"b":[],"pop":[14,17],"par":0,"own":"{\"compound\":2,\"timeDilation\":2}","ch":["timeDilation","variance"],"best":0}
C f6680 {"st":"playing","w":3,"sc":4500,"hp":99470.5,"p":[667,331.101,0,140,-2.928],"e":[[738.115,165.151,97.04,94.5],[463.096,115.947,150.72,94.5],[618.608,320.585,140.72,94.5],[776.396,175.214,150.72,94.5],[320.867,74.321,150.72,94.5],[262.959,451.098,150.72,94.5],[168.445,338.697,150.72,94.5],[824.435,277.012,150.72,94.5],[436.438,16.377,150.72,94.5],[26.207,362.985,150.72,94.5],[447.821,525.026,150.72,94.5]],"b":[],"pop":[17,10],"par":0,"own":"{\"compound\":2,\"timeDilation\":2}","ch":["timeDilation","variance"],"best":0}
C f6700 {"st":"playing","w":3,"sc":4500,"hp":99437.5,"p":[667,342.212,0,0,-2.705],"e":[[726.294,194.348,97.04,94.5],[484.259,139.278,150.72,94.5],[646.15,332.494,128.72,94.5],[759.033,201.495,150.72,94.5],[345.83,93.532,150.72,94.5],[293.345,442.797,150.72,94.5],[199.944,338.824,150.72,94.5],[795.247,288.847,150.72,94.5],[454.689,42.051,150.72,94.5],[57.687,361.889,150.72,94.5],[471.933,504.758,150.72,94.5]],"b":[],"pop":[10,12],"par":0,"own":"{\"compound\":2,\"timeDilation\":2}","ch":["timeDilation","variance"],"best":0}
C f6720 {"st":"playing","w":3,"sc":4500,"hp":99437.5,"p":[667,342.212,0,0,-2.705],"e":[[714.57,223.585,97.04,94.5],[505.338,162.686,150.72,94.5],[666.136,341.809,128.72,94.5],[741.791,227.858,150.72,94.5],[370.737,112.817,150.72,94.5],[323.762,434.609,150.72,94.5],[231.443,339.052,150.72,94.5],[766.164,300.949,150.72,94.5],[472.879,67.768,150.72,94.5],[89.171,360.873,150.72,94.5],[496.132,484.593,150.72,94.5]],"b":[[583.614,303.344]],"pop":[12],"par":0,"own":"{\"compound\":2,\"timeDilation\":2}","ch":["timeDilation","variance"],"best":0}
C f6740 {"st":"playing","w":3,"sc":4500,"hp":99404.5,"p":[667,342.212,0,0,-2.705],"e":[[702.846,252.822,97.04,94.5],[526.416,186.094,150.72,94.5],[666.136,341.809,128.72,94.5],[724.549,254.22,150.72,94.5],[395.643,132.102,150.72,94.5],[354.179,426.421,150.72,94.5],[262.942,339.281,150.72,94.5],[737.081,313.051,150.72,94.5],[491.069,93.485,150.72,94.5],[120.654,359.856,150.72,94.5],[520.332,464.428,150.72,94.5]],"b":[[438.595,235.746],[619.869,320.243]],"pop":[],"par":0,"own":"{\"compound\":2,\"timeDilation\":2}","ch":["timeDilation","variance"],"best":0}
C f6750 draw f2830179
C f6760 {"st":"playing","w":3,"sc":4500,"hp":99404.5,"p":[681.667,342.212,146.667,0,3.139],"e":[[692.926,280.234,97.04,94.5],[547.775,209.241,150.72,94.5],[676.964,342.223,128.72,94.5],[709.275,279.067,150.72,94.5],[420.663,151.239,150.72,94.5],[384.618,418.314,150.72,94.5],[294.441,339.507,150.72,94.5],[710.404,324.861,150.72,94.5],[509.489,119.035,150.72,94.5],[152.138,358.845,150.72,94.5],[544.759,444.546,150.72,94.5],[-0.466,454.966,150.72,94.5],[962.803,530.665,150.72,94.5],[259.994,548.955,150.72,94.5]],"b":[[293.576,168.148],[474.85,252.645]],"pop":[],"par":0,"own":"{\"compound\":2,\"timeDilation\":2}","ch":["timeDilation","variance"],"best":0}
C f6780 {"st":"playing","w":3,"sc":4500,"hp":99371.5,"p":[752.222,342.212,220,0,-2.839],"e":[[694.997,286.63,97.04,94.5],[572.533,228.611,150.72,94.5],[684.04,342.22,128.72,94.5],[709.833,285.71,150.72,94.5],[447.141,168.269,150.72,94.5],[415.322,411.293,150.72,94.5],[325.941,339.709,150.72,94.5],[711.269,329.419,150.72,94.5],[530.955,142.029,150.72,94.5],[183.625,357.919,150.72,94.5],[571.819,428.522,150.72,94.5],[30.652,450.079,150.72,94.5],[937.945,511.368,150.72,94.5],[288.695,535.986,150.72,94.5]],"b":[[148.557,100.551],[329.83,185.048],[518.333,342.338]],"pop":[],"par":0,"own":"{\"compound\":2,\"timeDilation\":2}","ch":["timeDilation","variance"],"best":0}
C f6800 {"st":"playing","w":3,"sc":4500,"hp":99371.5,"p":[825.556,342.212,220,0,-3.033],"e":[[702.694,290.834,97.04,94.5],[600.446,243.148,150.72,94.5],[692.86,342.219,128.72,94.5],[714.888,289.376,150.72,94.5],[475.235,182.493,150.72,94.5],[446.3,405.59,150.72,94.5],[357.44,339.879,140.72,94.5],[717.471,330.483,140.72,94.5],[555.888,161.236,150.72,94.5],[215.114,357.104,150.72,94.5],[601.103,416.969,150.72,94.5],[61.839,445.653,150.72,94.5],[917.589,487.454,150.72,94.5],[318.079,524.643,150.72,94.5]],"b":[[3.537,32.953],[184.811,117.45]],"pop":[10,10],"par":0,"own":"{\"compound\":2,\"timeDilation\":2}","ch":["timeDilation","variance"],"best":0}
C f6820 {"st":"playing","w":3,"sc":4500,"hp":99371.5,"p":[898.889,342.212,220,0,1.492],"e":[[732.678,300.397,97.04,94.5],[629.919,254.229,150.72,94.5],[724.36,342.218,128.72,94.5],[742.231,298.893,150.72,94.5],[504.366,194.462,150.72,94.5],[477.442,400.864,150.72,94.5],[388.94,340.024,140.72,94.5],[741.341,332.299,140.72,94.5],[583.037,177.18,150.72,94.5],[246.606,356.381,150.72,94.5],[631.393,408.352,150.72,94.5],[93.081,441.624,150.72,94.5],[908.604,465.428,150.72,94.5],[347.952,514.66,150.72,94.5]],"b":[[39.792,49.852],[898.421,430.694]],"pop":[10,10],"par":0,"own":"{\"compound\":2,\"timeDilation\":2}","ch":["timeDilation","variance"],"best":0}
C f6840 {"st":"playing","w":3,"sc":4500,"hp":99371.5,"p":[942,372.435,6.667,213.333,1.932],"e":[[763.137,308.345,97.04,94.5],[659.865,263.978,150.72,94.5],[755.79,343.66,128.72,94.5],[772.524,307.449,150.72,94.5],[533.906,205.392,150.72,94.5],[508.746,397.434,150.72,94.5],[420.428,340.688,140.72,94.5],[772.637,335.523,140.72,94.5],[611.159,191.363,150.72,94.5],[278.101,356.15,150.72,94.5],[662.308,402.445,150.72,94.5],[124.396,438.241,150.72,94.5],[910.699,455.231,140.72,94.5],[378.27,506.136,150.72,94.5]],"b":[[924.631,414.714]],"pop":[10,10],"par":0,"own":"{\"compound\":2,\"timeDilation\":2}","ch":["timeDilation","variance"],"best":0}
C f6860 {"st":"playing","w":3,"sc":4500,"hp":99338.5,"p":[942,445.768,0,220,2.964],"e":[[790.282,324.042,97.04,94.5],[687.726,278.548,150.72,94.5],[785.18,354.475,128.72,94.5],[799.222,323.88,150.72,94.5],[562.002,219.572,150.72,94.5],[540.188,398.478,150.72,94.5],[451.615,344.926,140.72,94.5],[801.157,348.419,140.72,94.5],[637.364,208.783,150.72,94.5],[309.476,358.764,150.72,94.5],[693.689,403.554,150.72,94.5],[155.868,437.209,150.72,94.5],[914.641,450.679,128.72,94.5],[409.316,500.938,150.72,94.5],[141.497,552.749,150.72,94.5],[973.536,380.579,150.72,94.5],[280.447,-4.866,150.72,94.5]],"b":[],"pop":[10,12],"par":0,"own":"{\"compound\":2,\"timeDilation\":2}","ch":["timeDilation","variance"],"best":0}
C f6880 {"st":"playing","w":3,"sc":4500,"hp":99338.5,"p":[942,519.101,0,220,-1.919],"e":[[811.865,346.877,97.04,94.5],[712.165,298.352,150.72,94.5],[809.317,374.533,128.72,94.5],[820.097,347.366,150.72,94.5],[587.82,237.576,150.72,94.5],[570.94,405.1,150.72,94.5],[481.881,353.559,140.72,94.5],[823.716,370.244,140.72,94.5],[660.701,229.903,150.72,94.5],[340.353,364.914,150.72,94.5],[723.511,413.366,150.72,94.5],[187.299,439.109,150.72,94.5],[918.718,454.874,114.32,94.5],[440.775,499.999,150.72,94.5],[172.873,550.086,150.72,94.5],[971.093,389.035,150.72,94.5],[305.768,13.86,150.72,94.5]],"b":[],"pop":[12,14],"par":0,"own":"{\"compound\":2,\"timeDilation\":2}","ch":["timeDilation","variance"],"best":0}
C f6900 {"st":"playing","w":3,"sc":4500,"hp":99338.5,"p":[941.778,522,-13.333,0,-1.9],"e":[[830.652,372.161,97.04,94.5],[734.74,320.32,150.72,94.5],[830.385,397.95,128.72,94.5],[838.126,373.196,150.72,94.5],[612.381,257.3,150.72,94.5],[600.985,414.565,150.72,94.5],[511.461,364.388,140.72,94.5],[843.08,395.089,140.72,94.5],[682.551,252.593,150.72,94.5],[370.831,372.872,150.72,94.5],[751.717,427.391,150.72,94.5],[218.61,442.548,150.72,94.5],[929.031,484.633,97.04,94.5],[472.245,501.38,150.72,94.5],[204.352,548.936,150.72,94.5],[964.358,419.802,150.72,94.5],[330.381,33.519,150.72,94.5]],"b":[],"pop":[14,17],"par":0,"own":"{\"compound\":2,\"timeDilation\":2}","ch":["timeDilation","variance"],"best":0}
C f6900 draw 35f880e6
C f6920 {"st":"playing","w":3,"sc":4500,"hp":99305.5,"p":[901.406,522,-155.563,0,-0.616],"e":[[847.056,398.962,97.04,94.5],[756.222,343.33,150.72,94.5],[846.896,419.601,128.72,94.5],[853.597,400.536,150.72,94.5],[636.365,277.709,150.72,94.5],[630.864,424.53,150.72,94.5],[540.88,375.642,140.72,94.5],[857.143,416.739,140.72,94.5],[703.536,276.069,150.72,94.5],[401.243,381.075,150.72,94.5],[779.243,442.664,150.72,94.5],[249.912,446.074,150.72,94.5],[926.048,504.572,76.304,94.5],[503.712,502.818,150.72,94.5],[235.83,547.758,150.72,94.5],[956.649,440.439,150.72,94.5],[354.701,53.535,150.72,94.5]],"b":[],"pop":[17,21],"par":0,"own":"{\"compound\":2,\"timeDilation\":2}","ch":["timeDilation","variance"],"best":0}
C f6940 {"st":"playing","w":3,"sc":4500,"hp":99305.5,"p":[849.552,522,-155.563,0,-0.193],"e":[[851.066,417.25,97.04,94.5],[773.338,369.698,150.72,94.5],[851.031,436.389,128.72,94.5],[856.275,417.666,150.72,94.5],[658.263,300.328,150.72,94.5],[660.065,436.322,150.72,94.5],[569.698,388.349,140.72,94.5],[859.615,433.847,140.72,94.5],[721.376,301.993,150.72,94.5],[431.425,390.088,150.72,94.5],[794.715,455.652,150.72,94.5],[281.181,449.882,150.72,94.5],[909.624,510.235,51.421,94.5],[535.17,504.453,150.72,94.5],[267.305,546.486,150.72,94.5],[944.285,452.677,150.72,94.5],[378.078,74.643,150.72,94.5]],"b":[],"pop":[21,25],"par":0,"own":"{\"compound\":2,\"timeDilation\":2}","ch":["timeDilation","variance"],"best":0}
C f6960 {"st":"playing","w":3,"sc":4500,"hp":99305.5,"p":[797.697,522,-155.563,0,-1.514],"e":[[846.357,433.901,97.04,94.5],[782.219,397.588,150.72,94.5],[845.395,452.67,128.72,94.5],[850.807,434.093,150.72,94.5],[676.868,325.705,150.72,94.5],[687.787,451.219,150.72,94.5],[597.49,403.154,140.72,94.5],[852.779,449.707,140.72,94.5],[734.317,330.65,150.72,94.5],[461.26,400.188,150.72,94.5],[800.544,471.681,150.72,94.5],[312.404,454.051,150.72,94.5],[892.31,512.593,51.421,94.5],[566.61,506.387,150.72,94.5],[298.774,545.096,150.72,94.5],[922.257,464.823,150.72,94.5],[400.254,97.008,150.72,94.5],[7.023,161.685,150.72,94.5],[957.625,390.06,150.72,94.5],[609.542,552.332,150.72,94.5]],"b":[],"pop":[25],"par":0,"own":"{\"compound\":2,\"timeDilation\":2}","ch":["timeDilation","variance"],"best":0}
C f6980 {"st":"playing","w":3,"sc":4500,"hp":99305.5,"p":[750.509,517.333,-75.563,-80,-0.646],"e":[[833.609,448.299,97.04,94.5],[780.037,416.657,150.72,94.5],[831.106,465.523,128.72,94.5],[837.645,448.127,150.72,94.5],[690.31,354.128,150.72,94.5],[702.184,464.026,150.72,94.5],[623.413,421.01,140.72,94.5],[838.162,462.22,140.72,94.5],[740.002,361.539,150.72,94.5],[490.578,411.698,150.72,94.5],[790.282,487.348,140.72,94.5],[343.569,458.631,150.72,94.5],[873.018,513.951,51.421,94.5],[598.025,508.691,150.72,94.5],[330.234,543.508,150.72,94.5],[892.763,475.813,150.72,94.5],[420.956,120.743,150.72,94.5],[35.52,175.108,150.72,94.5],[931.866,408.144,150.72,94.5],[638.703,546.667,150.72,94.5]],"b":[],"pop":[25,10],"par":0,"own":"{\"compound\":2,\"timeDilation\":2}","ch":["timeDilation","variance"],"best":0}
C f7000 {"st":"playing","w":3,"sc":4500,"hp":99305.5,"p":[747.546,455.111,0,-220,2.762],"e":[[823.959,453.61,97.04,94.5],[775.644,426.884,150.72,94.5],[820.823,469.282,128.72,94.5],[827.897,453.287,150.72,94.5],[697.37,371.639,150.72,94.5],[711.056,469.678,150.72,94.5],[638.327,430.252,140.72,94.5],[827.867,466.079,140.72,94.5],[740.878,376.633,150.72,94.5],[520.741,420.482,150.72,94.5],[780.366,489.387,128.72,94.5],[374.952,460.864,150.72,94.5],[862.009,512.54,51.421,94.5],[627.712,504.543,150.72,94.5],[361.421,539.333,150.72,94.5],[872.947,478.781,150.72,94.5],[441.918,144.241,150.72,94.5],[64.356,187.765,150.72,94.5],[902.975,420.317,150.72,94.5],[649.815,541.353,150.72,94.5]],"b":[],"pop":[10,12],"par":0,"own":"{\"compound\":2,\"timeDilation\":2}","ch":["timeDilation","variance"],"best":0}
C f7020 {"st":"playing","w":3,"sc":4500,"hp":99272.5,"p":[747.546,381.778,0,-220,3.046],"e":[[818.4,451.012,97.04,94.5],[770.678,425.282,150.72,94.5],[815.744,465.767,128.72,94.5],[822.276,450.801,150.72,94.5],[702.143,375.412,150.72,94.5],[714.753,464.76,150.72,94.5],[644.462,429.475,140.72,94.5],[822.56,462.916,140.72,94.5],[742.651,382.246,140.72,94.5],[552.076,419.705,150.72,94.5],[777.663,483.752,128.72,94.5],[406.17,457.08,150.72,94.5],[839.187,492.997,51.421,94.5],[652.817,485.937,150.72,94.5],[391.387,529.76,150.72,94.5],[849.907,466.195,150.72,94.5],[465.481,165.107,150.72,94.5],[94.222,197.737,150.72,94.5],[871.85,419.06,150.72,94.5],[669.14,516.642,150.72,94.5]],"b":[],"pop":[12,10],"par":0,"own":"{\"compound\":2,\"timeDilation\":2}","ch":["timeDilation","variance"],"best":0}
C f7040 {"st":"playing","w":3,"sc":4500,"hp":99272.5,"p":[747.546,308.444,0,-220,1.626],"e":[[809.45,435.871,97.04,94.5],[768.883,419.263,150.72,94.5],[805.317,445.672,128.72,94.5],[812.963,435.883,150.72,94.5],[707.153,372.174,150.72,94.5],[718.656,448.865,150.72,94.5],[659.037,415.688,140.72,94.5],[811.16,443.365,140.72,94.5],[743.814,376.178,128.72,94.5],[581.208,408.147,150.72,94.5],[773.177,461.527,128.72,94.5],[435.984,447.08,150.72,94.5],[822.783,466.194,51.421,94.5],[670.186,459.765,150.72,94.5],[419.246,515.138,150.72,94.5],[829.864,442.073,150.72,94.5],[492.154,181.77,150.72,94.5],[124.961,204.55,150.72,94.5],[846.438,403.189,150.72,94.5],[682.112,487.981,150.72,94.5]],"b":[],"pop":[10,12],"par":0,"own":"{\"compound\":2,\"timeDilation\":2}","ch":["timeDilation","variance"],"best":0}
C f7050 draw b89806be
C f7060 {"st":"playing","w":3,"sc":4500,"hp":99272.5,"p":[747.546,249.778,0,-73.333,1.6],"e":[[798.271,406.448,97.04,94.5],[765.386,394.309,150.72,94.5],[795.33,415.817,128.72,94.5],[801.238,406.676,150.72,94.5],[711.771,359.898,150.72,94.5],[723.763,417.787,150.72,94.5],[675.59,388.957,140.72,94.5],[800.152,413.875,140.72,94.5],[744.255,363.047,128.72,94.5],[605.562,388.286,150.72,94.5],[768.933,430.317,128.72,94.5],[463.442,431.706,150.72,94.5],[811.36,436.857,51.421,94.5],[682.229,430.681,150.72,94.5],[444.572,496.441,150.72,94.5],[816.096,413.776,150.72,94.5],[521.813,192.192,150.72,94.5],[156.262,207.969,150.72,94.5],[827.468,378.145,150.72,94.5],[691.282,457.855,150.72,94.5],[12.608,496.199,150.72,94.5],[946.355,293.273,150.72,94.5],[540.36,7.484,150.72,94.5]],"b":[],"pop":[12],"par":0,"own":"{\"compound\":2,\"timeDilation\":2}","ch":["timeDilation","variance"],"best":0}
C f7080 {"st":"playing","w":3,"sc":4500,"hp":99272.5,"p":[747.546,247,0,0,1.599],"e":[[788.714,376.433,97.04,94.5],[761.595,363.038,150.72,94.5],[786.744,385.509,128.72,94.5],[791.191,376.821,150.72,94.5],[721.245,330.033,150.72,94.5],[728.111,386.588,150.72,94.5],[689.842,360.866,140.72,94.5],[790.674,383.835,140.72,94.5],[745.144,331.728,114.32,94.5],[627.902,366.079,150.72,94.5],[765.28,399.03,128.72,94.5],[489.857,414.546,150.72,94.5],[801.317,407.001,51.421,94.5],[692.791,401.004,150.72,94.5],[468.896,476.427,150.72,94.5],[804.112,384.645,150.72,94.5],[552.419,199.643,150.72,94.5],[187.693,210.052,150.72,94.5],[811.063,351.254,150.72,94.5],[699.408,427.422,150.72,94.5],[42.442,486.089,150.72,94.5],[915.67,286.153,150.72,94.5],[560.961,31.314,150.72,94.5]],"b":[],"pop":[12,14],"par":0,"own":"{\"compound\":2,\"timeDilation\":2}","ch":["timeDilation","variance"],"best":0}
C f7100 {"st":"playing","w":3,"sc":4500,"hp":99272.5,"p":[747.546,247,0,0,1.599],"e":[[779.166,346.415,97.04,94.5],[757.809,331.767,150.72,94.5],[778.166,355.2,128.72,94.5],[781.153,346.963,150.72,94.5],[730.757,300.004,150.72,94.5],[732.455,355.389,150.72,94.5],[704.081,332.768,140.72,94.5],[781.205,353.792,140.72,94.5],[746.037,300.24,97.04,94.5],[650.229,343.857,150.72,94.5],[761.63,367.742,128.72,94.5],[516.266,397.376,150.72,94.5],[791.283,377.142,51.421,94.5],[703.343,371.324,150.72,94.5],[493.214,456.405,150.72,94.5],[792.139,355.509,150.72,94.5],[583.03,207.072,150.72,94.5],[219.125,212.126,150.72,94.5],[794.674,324.353,150.72,94.5],[707.529,396.986,150.72,94.5],[72.274,475.974,150.72,94.5],[884.991,279.009,150.72,94.5],[581.569,55.137,150.72,94.5]],"b":[],"pop":[14,17],"par":0,"own":"{\"compound\":2,\"timeDilation\":2}","ch":["timeDilation","variance"],"best":0}
C f7120 {"st":"playing","w":3,"sc":4500,"hp":99239.5,"p":[747.546,247,0,0,1.599],"e":[[769.618,316.397,97.04,94.5],[754.023,300.495,150.72,94.5],[769.589,324.89,128.72,94.5],[771.115,317.106,150.72,94.5],[740.269,269.974,140.72,94.5],[736.798,324.19,150.72,94.5],[718.32,304.67,140.72,94.5],[771.736,323.749,140.72,94.5],[746.929,268.753,97.04,94.5],[672.555,321.636,150.72,94.5],[757.98,336.454,128.72,94.5],[542.675,380.205,150.72,94.5],[781.248,347.283,51.421,94.5],[713.896,341.644,150.72,94.5],[517.532,436.383,150.72,94.5],[780.165,326.374,150.72,94.5],[613.641,214.501,150.72,94.5],[250.556,214.201,150.72,94.5],[778.285,297.453,150.72,94.5],[715.649,366.551,150.72,94.5],[102.105,465.859,150.72,94.5],[854.312,271.864,150.72,94.5],[602.178,78.96,150.72,94.5]],"b":[],"pop":[17,10],"par":0,"own":"{\"compound\":2,\"timeDilation\":2}","ch":["timeDilation","variance"],"best":0}
C f7140 {"st":"playing","w":3,"sc":4500,"hp":99239.5,"p":[775.176,219.37,155.563,-155.563,2.247],"e":[[765.034,297.173,97.04,94.5],[753.329,280.77,150.72,94.5],[765.444,305.54,128.72,94.5],[766.21,297.961,150.72,94.5],[748.09,251.852,128.72,94.5],[740.393,304.678,150.72,94.5],[727.764,287.192,140.72,94.5],[767.057,304.527,140.72,94.5],[750.856,249.69,97.04,94.5],[686.643,307.611,150.72,94.5],[756.691,316.673,128.72,94.5],[568.905,362.766,150.72,94.5],[775.9,328.197,51.421,94.5],[720.998,323.09,150.72,94.5],[541.771,416.265,150.72,94.5],[773.866,307.621,150.72,94.5],[640.673,218.886,150.72,94.5],[282.016,215.684,150.72,94.5],[769.904,279.699,150.72,94.5],[723.095,342.803,150.72,94.5],[131.854,455.505,150.72,94.5],[835.329,266.282,150.72,94.5],[624.153,101.44,150.72,94.5]],"b":[],"pop":[10,12],"par":0,"own":"{\"compound\":2,\"timeDilation\":2}","ch":["timeDilation","variance"],"best":0}
C f7160 {"st":"playing","w":3,"sc":4500,"hp":99239.5,"p":[827.03,167.515,155.563,-155.563,1.509],"e":[[768.685,287.82,97.04,94.5],[756.317,275.239,150.72,94.5],[769.813,293.765,128.72,94.5],[769.753,288.568,150.72,94.5],[752.314,247.179,128.72,94.5],[749.258,289.444,150.72,94.5],[736.436,276.384,140.72,94.5],[771.317,292.714,140.72,94.5],[755.04,244.981,97.04,94.5],[708.053,286.255,150.72,94.5],[763.783,299.186,128.72,94.5],[594.339,344.185,150.72,94.5],[780.782,307.394,51.421,94.5],[735.759,299.641,150.72,94.5],[565.655,395.728,150.72,94.5],[777.44,295.593,150.72,94.5],[671.641,213.749,150.72,94.5],[313.471,214.257,150.72,94.5],[771.984,273.789,150.72,94.5],[737.742,314.945,150.72,94.5],[161.172,443.991,150.72,94.5],[832.788,260.724,150.72,94.5],[652.151,115.47,150.72,94.5]],"b":[],"pop":[12],"par":0,"own":"{\"compound\":2,\"timeDilation\":2}","ch":["timeDilation","variance"],"best":0}
C f7180 {"st":"playing","w":3,"sc":4500,"hp":99239.5,"p":[878.885,115.661,155.563,-155.563,1.886],"e":[[784.467,260.581,97.04,94.5],[774.805,249.745,150.72,94.5],[784.974,266.179,128.72,94.5],[785.326,261.211,150.72,94.5],[768.856,229.874,128.72,94.5],[767.378,263.686,150.72,94.5],[757.049,252.567,140.72,94.5],[786.349,265.059,140.72,94.5],[770.666,228.543,97.04,94.5],[730.345,263.999,150.72,94.5],[779.349,271.821,128.72,94.5],[619.123,324.745,150.72,94.5],[793.436,278.584,51.421,94.5],[754.547,274.363,150.72,94.5],[589.244,374.852,150.72,94.5],[791.38,267.378,150.72,94.5],[700.838,202.015,150.72,94.5],[344.671,209.987,150.72,94.5],[786.654,250.283,150.72,94.5],[755.212,288.742,150.72,94.5],[190.022,431.35,150.72,94.5],[835.933,247.287,140.72,94.5],[683.303,119.225,150.72,94.5]],"b":[],"pop":[12,10],"par":0,"own":"{\"compound\":2,\"timeDilation\":2}","ch":["timeDilation","variance"],"best":0}
C f7200 {"st":"playing","w":3,"sc":4500,"hp":99239.5,"p":[930.517,64.028,142.23,-142.23,2.058],"e":[[802.636,234.856,97.04,94.5],[794.685,225.313,150.72,94.5],[802.704,240.149,128.72,94.5],[803.365,235.394,150.72,94.5],[790.793,207.267,128.72,94.5],[786.924,238.987,150.72,94.5],[778.225,229.247,140.72,94.5],[804.017,238.988,140.72,94.5],[792.559,205.895,97.04,94.5],[752.632,241.738,150.72,94.5],[797.251,245.909,128.72,94.5],[643.441,304.724,150.72,94.5],[809.481,251.489,51.421,94.5],[774.446,249.946,150.72,94.5],[612.612,353.73,150.72,94.5],[808.37,240.862,150.72,94.5],[728.394,186.777,150.72,94.5],[375.451,203.324,150.72,94.5],[805.351,224.938,150.72,94.5],[774.16,263.582,150.72,94.5],[218.432,417.746,150.72,94.5],[848.634,218.502,128.72,94.5],[714.447,114.912,150.72,94.5]],"b":[],"pop":[10,12],"par":0,"own":"{\"compound\":2,\"timeDilation\":2}","ch":["timeDilation","variance"],"best":0}
C f7200 draw ec79eb3b
C f7220 {"st":"playing","w":3,"sc":4500,"hp":99239.5,"p":[931.261,52.546,-124.437,0,2.025],"e":[[821.532,209.656,97.04,94.5],[814.917,201.172,150.72,94.5],[821.245,214.687,128.72,94.5],[822.16,210.119,150.72,94.5],[812.63,184.568,128.72,94.5],[806.869,214.608,150.72,94.5],[799.466,205.988,140.72,94.5],[822.516,213.494,140.72,94.5],[814.361,183.162,97.04,94.5],[774.781,219.342,150.72,94.5],[815.902,220.526,128.72,94.5],[667.441,284.322,150.72,94.5],[826.685,225.105,51.421,94.5],[794.651,225.782,150.72,94.5],[635.794,332.402,150.72,94.5],[826.346,214.998,150.72,94.5],[755.015,169.94,150.72,94.5],[405.899,195.253,150.72,94.5],[824.683,200.071,150.72,94.5],[793.581,238.783,150.72,94.5],[246.549,403.545,150.72,94.5],[863.694,190.84,128.72,94.5],[744.841,106.645,150.72,94.5]],"b":[[896.315,132.903]],"pop":[12],"par":0,"own":"{\"compound\":2,\"timeDilation\":2}","ch":["timeDilation","variance"],"best":0}
C f7240 {"st":"playing","w":3,"sc":4500,"hp":99239.5,"p":[862.854,52.546,-220,0,2.691],"e":[[834.604,181.24,97.04,94.5],[828.843,175.947,150.72,94.5],[834.045,186.135,128.72,94.5],[835.109,181.647,150.72,94.5],[826.051,164.879,128.72,94.5],[821.685,187.016,150.72,94.5],[815.854,179.297,140.72,94.5],[835.201,184.897,140.72,94.5],[827.124,164.542,97.04,94.5],[793.027,193.817,150.72,94.5],[829.108,192.137,128.72,94.5],[689.489,261.875,150.72,94.5],[838.088,195.955,51.421,94.5],[810.262,198.592,150.72,94.5],[657.201,309.331,150.72,94.5],[838.366,186.12,150.72,94.5],[778.11,150.555,150.72,94.5],[436.14,186.442,150.72,94.5],[837.024,175.432,150.72,94.5],[808.508,211.196,150.72,94.5],[274.26,388.573,150.72,94.5],[869.056,174.177,114.32,94.5],[766.289,99.319,150.72,94.5]],"b":[[822.773,73.897]],"pop":[12,14],"par":0,"own":"{\"compound\":2,\"timeDilation\":2}","ch":["timeDilation","variance"],"best":0}
C f7260 {"st":"playing","w":3,"sc":4500,"hp":99239.5,"p":[789.521,52.546,-220,0,1.983],"e":[[834.317,173.811,97.04,94.5],[828.594,169.745,150.72,94.5],[833.344,173.816,128.72,94.5],[834.354,173.037,150.72,94.5],[825.925,158.693,128.72,94.5],[823.085,174.657,150.72,94.5],[816.982,170.703,140.72,94.5],[834.8,173.78,140.72,94.5],[826.939,158.358,97.04,94.5],[798.341,175.831,150.72,94.5],[829.225,174.791,128.72,94.5],[706.259,235.32,150.72,94.5],[836.132,172.431,51.421,94.5],[813.481,178.848,150.72,94.5],[674.197,282.88,150.72,94.5],[836.916,172.621,150.72,94.5],[780.641,144.899,150.72,94.5],[465.897,176.124,150.72,94.5],[836.375,169.258,150.72,94.5],[811.047,180.132,150.72,94.5],[301.122,372.129,150.72,94.5],[862.539,160.69,114.32,94.5],[770.886,95.209,140.72,94.5]],"b":[],"pop":[14,10],"par":0,"own":"{\"compound\":2,\"timeDilation\":2}","ch":["timeDilation","variance"],"best":0}
C f7280 {"st":"playing","w":3,"sc":4500,"hp":99239.5,"p":[720.854,57.212,-140,80,0.599],"e":[[816.494,148.164,97.04,94.5],[813.889,149.465,150.72,94.5],[816.22,149.194,128.72,94.5],[816.968,148.579,150.72,94.5],[815.529,146.175,128.72,94.5],[808.395,151.389,150.72,94.5],[805.916,153.422,140.72,94.5],[816.905,148.181,140.72,94.5],[815.673,144.925,97.04,94.5],[792.735,163.431,150.72,94.5],[812.718,149.75,128.72,94.5],[713.393,204.845,150.72,94.5],[818.476,148.17,51.421,94.5],[802.077,157.028,150.72,94.5],[683.966,253.048,150.72,94.5],[818.61,147.307,150.72,94.5],[778.176,138.093,150.72,94.5],[494.787,163.593,150.72,94.5],[819.522,147.467,150.72,94.5],[800.177,158.071,150.72,94.5],[326.801,353.898,150.72,94.5],[839.989,138.95,114.32,94.5],[767.72,89.231,128.72,94.5]],"b":[],"pop":[10,12],"par":0,"own":"{\"compound\":2,\"timeDilation\":2}","ch":["timeDilation","variance"],"best":0}
C f7300 {"st":"playing","w":3,"sc":4500,"hp":99239.5,"p":[709.743,119.435,0,220,-0.57],"e":[[807.656,142.221,97.04,94.5],[805.172,143.348,150.72,94.5],[807.428,143.181,128.72,94.5],[807.588,142.179,150.72,94.5],[807.176,140.767,128.72,94.5],[800.93,145.946,150.72,94.5],[798.592,147.789,140.72,94.5],[808.057,142.252,140.72,94.5],[807.818,140.065,97.04,94.5],[786.232,156.853,150.72,94.5],[804.563,144.042,128.72,94.5],[713.321,191.799,150.72,94.5],[809.037,141.854,51.421,94.5],[795,151.083,150.72,94.5],[687.962,228.169,150.72,94.5],[809.134,141.05,150.72,94.5],[771.183,132.208,150.72,94.5],[524.444,153.298,150.72,94.5],[810.028,141.235,150.72,94.5],[793.2,152.008,150.72,94.5],[352.677,335.963,150.72,94.5],[824.277,131.207,114.32,94.5],[759.073,87.789,114.32,94.5]],"b":[],"pop":[12,14],"par":0,"own":"{\"compound\":2,\"timeDilation\":2}","ch":["timeDilation","variance"],"best":0}
C f7320 {"st":"playing","w":3,"sc":4500,"hp":99206.5,"p":[709.743,192.768,0,220,-1.209],"e":[[801.574,143.201,97.04,94.5],[799.091,144.284,150.72,94.5],[801.339,144.107,128.72,94.5],[801.508,143.162,150.72,94.5],[801.109,141.836,128.72,94.5],[794.848,146.759,150.72,94.5],[792.506,148.503,140.72,94.5],[801.974,143.227,140.72,94.5],[801.755,141.169,97.04,94.5],[780.17,157.005,150.72,94.5],[798.479,144.942,128.72,94.5],[711.949,186.946,140.72,94.5],[802.953,142.843,51.421,94.5],[788.911,151.604,150.72,94.5],[690.019,222.255,150.72,94.5],[803.056,142.084,150.72,94.5],[765.584,134.44,150.72,94.5],[555.683,154.441,150.72,94.5],[803.945,142.25,150.72,94.5],[787.115,152.477,150.72,94.5],[380.881,322.021,150.72,94.5],[818.235,132.606,114.32,94.5],[755.373,92.793,114.32,94.5]],"b":[],"pop":[14,10],"par":0,"own":"{\"compound\":2,\"timeDilation\":2}","ch":["timeDilation","variance"],"best":0}
C f7340 {"st":"playing","w":3,"sc":4500,"hp":99206.5,"p":[709.743,266.101,0,220,-1.92],"e":[[790.613,155.254,97.04,94.5],[789.909,154.546,150.72,94.5],[791.199,155.201,128.72,94.5],[791.408,154.296,150.72,94.5],[790.256,153.989,128.72,94.5],[786.589,156.149,150.72,94.5],[785.075,156.94,140.72,94.5],[790.985,155.254,140.72,94.5],[790.898,153.321,97.04,94.5],[775.81,161.454,150.72,94.5],[789.299,155.204,128.72,94.5],[711.529,193.223,140.72,94.5],[791.924,154.835,51.421,94.5],[783.023,158.044,150.72,94.5],[694.39,223.886,140.72,94.5],[792.064,154.112,150.72,94.5],[760.891,143.301,150.72,94.5],[583.587,168.565,150.72,94.5],[792.008,155.119,150.72,94.5],[781.983,157.914,150.72,94.5],[411.222,313.79,150.72,94.5],[798.264,151.627,114.32,94.5],[748.245,115.63,114.32,94.5]],"b":[],"pop":[10,10],"par":0,"own":"{\"compound\":2,\"timeDilation\":2}","ch":["timeDilation","variance"],"best":0}
C f7350 draw d9b41ff7
C f7360 {"st":"playing","w":3,"sc":4500,"hp":99206.5,"p":[709.743,324.768,0,73.333,-1.718],"e":[[775.413,182.786,97.04,94.5],[774.866,182.165,150.72,94.5],[775.92,182.689,128.72,94.5],[776.17,181.808,150.72,94.5],[775.207,181.606,128.72,94.5],[771.907,183.963,150.72,94.5],[770.558,184.84,140.72,94.5],[775.732,182.757,140.72,94.5],[775.808,180.916,97.04,94.5],[763.656,187.726,150.72,94.5],[774.293,182.843,128.72,94.5],[711.327,206.36,140.72,94.5],[776.57,182.281,51.421,94.5],[768.733,186.061,150.72,94.5],[696.722,236.802,140.72,94.5],[776.747,181.579,150.72,94.5],[751.211,173.255,150.72,94.5],[605.173,191.394,150.72,94.5],[776.62,182.545,150.72,94.5],[767.864,186.019,150.72,94.5],[442.641,312.609,150.72,94.5],[782.29,178.717,114.32,94.5],[741.858,146.468,114.32,94.5]],"b":[],"pop":[10],"par":0,"own":"{\"compound\":2,\"timeDilation\":2}","ch":["timeDilation","variance"],"best":0}
C f7380 {"st":"playing","w":3,"sc":4500,"hp":99206.5,"p":[709.743,327.546,0,0,-1.713],"e":[[762.389,211.467,97.04,94.5],[761.978,210.908,150.72,94.5],[762.82,211.336,128.72,94.5],[763.095,210.466,150.72,94.5],[762.304,210.342,128.72,94.5],[759.382,212.865,150.72,94.5],[758.199,213.814,140.72,94.5],[762.658,211.416,140.72,94.5],[762.859,209.63,97.04,94.5],[752.313,217.113,150.72,94.5],[761.45,211.606,128.72,94.5],[710.917,237.689,140.72,94.5],[763.395,210.893,51.421,94.5],[756.601,215.131,150.72,94.5],[701.178,267.816,128.72,94.5],[763.596,210.202,150.72,94.5],[743.029,203.674,150.72,94.5],[624.372,216.367,150.72,94.5],[763.417,211.145,150.72,94.5],[755.888,215.153,150.72,94.5],[474.093,314.35,150.72,94.5],[768.477,207.027,114.32,94.5],[736.353,177.483,114.32,94.5]],"b":[],"pop":[10,12],"par":0,"own":"{\"compound\":2,\"timeDilation\":2}","ch":["timeDilation","variance"],"best":0}
C f7400 {"st":"playing","w":3,"sc":4500,"hp":99173.5,"p":[709.743,327.546,0,0,-1.713],"e":[[749.378,240.155,97.04,94.5],[749.103,239.657,150.72,94.5],[749.733,239.989,128.72,94.5],[750.033,239.13,150.72,94.5],[749.415,239.084,128.72,94.5],[746.869,241.774,150.72,94.5],[745.852,242.794,140.72,94.5],[749.597,240.08,140.72,94.5],[749.921,238.351,97.04,94.5],[740.983,246.505,150.72,94.5],[748.62,240.374,128.72,94.5],[710.505,269.186,140.72,94.5],[750.233,239.511,51.421,94.5],[744.481,244.207,150.72,94.5],[705.649,298.997,114.32,94.5],[750.457,238.831,150.72,94.5],[734.854,234.095,150.72,94.5],[643.557,241.351,150.72,94.5],[750.227,239.75,150.72,94.5],[743.924,244.293,150.72,94.5],[505.544,316.112,150.72,94.5],[754.677,235.344,114.32,94.5],[730.853,208.499,114.32,94.5]],"b":[],"pop":[12,14],"par":0,"own":"{\"compound\":2,\"timeDilation\":2}","ch":["timeDilation","variance"],"best":0}
C f7420 {"st":"playing","w":3,"sc":4500,"hp":99173.5,"p":[709.743,327.546,0,0,-1.713],"e":[[736.368,268.842,97.04,94.5],[736.228,268.406,150.72,94.5],[736.647,268.642,128.72,94.5],[736.971,267.795,150.72,94.5],[736.525,267.826,128.72,94.5],[734.356,270.682,150.72,94.5],[733.505,271.773,140.72,94.5],[736.536,268.745,140.72,94.5],[736.984,267.072,97.04,94.5],[729.653,275.897,150.72,94.5],[735.789,269.143,128.72,94.5],[710.094,300.684,130.72,94.5],[737.07,268.13,51.421,94.5],[732.362,273.282,150.72,94.5],[709.673,327.06,114.32,94.5],[737.318,267.461,150.72,94.5],[726.68,264.516,150.72,94.5],[662.741,266.335,150.72,94.5],[737.036,268.355,150.72,94.5],[731.96,273.432,150.72,94.5],[536.995,317.873,150.72,94.5],[740.878,263.66,114.32,94.5],[725.353,239.516,114.32,94.5]],"b":[],"pop":[14,10],"par":0,"own":"{\"compound\":2,\"timeDilation\":2}","ch":["timeDilation","variance"],"best":0}
C f7440 {"st":"playing","w":3,"sc":4500,"hp":99140.5,"p":[739.965,327.546,213.333,0,3.142],"e":[[729.122,291.072,97.04,94.5],[729.07,290.669,150.72,94.5],[729.325,290.851,128.72,94.5],[729.619,290.006,150.72,94.5],[729.319,290.083,128.72,94.5],[727.648,293.045,150.72,94.5],[727.012,294.178,140.72,94.5],[729.242,290.961,140.72,94.5],[729.694,289.312,97.04,94.5],[724.334,298.51,150.72,94.5],[728.714,291.421,128.72,94.5],[716.72,321.488,118.72,94.5],[729.654,290.316,51.421,94.5],[726.172,295.74,150.72,94.5],[722.974,327.546,114.32,94.5],[729.882,289.649,150.72,94.5],[723.106,287.647,150.72,94.5],[678.217,284.159,150.72,94.5],[729.61,290.535,150.72,94.5],[725.911,295.924,150.72,94.5],[568.45,319.542,150.72,94.5],[732.683,285.634,114.32,94.5],[722.952,262.95,114.32,94.5]],"b":[],"pop":[10,12],"par":0,"own":"{\"compound\":2,\"timeDilation\":2}","ch":["timeDilation","variance"],"best":0}
C f7460 {"st":"playing","w":3,"sc":4500,"hp":99140.5,"p":[813.299,327.546,220,0,3.142],"e":[[733.869,294.936,97.04,94.5],[733.801,294.553,150.72,94.5],[734.052,294.736,128.72,94.5],[734.291,293.952,150.72,94.5],[734.01,294.011,128.72,94.5],[732.559,296.723,150.72,94.5],[732.005,297.756,140.72,94.5],[733.978,294.837,140.72,94.5],[734.33,293.3,97.04,94.5],[729.639,301.668,150.72,94.5],[733.498,295.246,128.72,94.5],[722.975,322.178,118.72,94.5],[734.339,294.247,51.421,94.5],[731.275,299.177,150.72,94.5],[729.274,327.546,114.32,94.5],[734.524,293.627,150.72,94.5],[727.968,291.437,150.72,94.5],[686.349,287.489,150.72,94.5],[734.308,294.452,150.72,94.5],[731.034,299.336,150.72,94.5],[599.927,320.744,150.72,94.5],[736.99,289.941,114.32,94.5],[726.873,267.722,114.32,94.5]],"b":[],"pop":[12],"par":0,"own":"{\"compound\":2,\"timeDilation\":2}","ch":["timeDilation","variance"],"best":0}
C f7480 {"st":"playing","w":3,"sc":4500,"hp":99140.5,"p":[886.632,327.546,220,0,-2.9],"e":[[748.522,298.611,97.04,94.5],[748.444,298.267,150.72,94.5],[748.697,298.437,128.72,94.5],[748.914,297.742,150.72,94.5],[748.636,297.787,128.72,94.5],[747.267,300.175,150.72,94.5],[746.743,301.085,140.72,94.5],[748.627,298.525,140.72,94.5],[748.934,297.16,97.04,94.5],[745.715,304.768,150.72,94.5],[748.162,298.878,128.72,94.5],[740.602,322.851,118.72,94.5],[748.969,298.007,51.421,94.5],[746.05,302.338,150.72,94.5],[744.394,327.546,104.32,94.5],[749.136,297.458,150.72,94.5],[745.001,295.973,150.72,94.5],[716.945,294.911,150.72,94.5],[748.944,298.19,150.72,94.5],[745.814,302.475,150.72,94.5],[631.415,321.595,150.72,94.5],[750.259,293.879,114.32,94.5],[746.423,276.398,114.32,94.5]],"b":[],"pop":[12,10],"par":0,"own":"{\"compound\":2,\"timeDilation\":2}","ch":["timeDilation","variance"],"best":0}
C f7500 {"st":"playing","w":3,"sc":4500,"hp":99140.5,"p":[942,327.768,0,13.333,-2.97],"e":[[779.589,303.78,87.04,94.5],[779.501,303.494,150.72,94.5],[779.759,303.642,128.72,94.5],[779.953,303.074,150.72,94.5],[779.679,303.103,128.72,94.5],[778.385,305.038,150.72,94.5],[777.887,305.776,140.72,94.5],[779.692,303.712,140.72,94.5],[779.956,302.593,97.04,94.5],[776.953,308.796,150.72,94.5],[779.239,303.991,128.72,94.5],[772.092,323.666,118.72,94.5],[780.016,303.294,51.421,94.5],[777.23,306.795,150.72,94.5],[775.894,327.548,104.32,94.5],[780.165,302.846,150.72,94.5],[776.008,301.49,150.72,94.5],[748.051,299.852,150.72,94.5],[779.997,303.445,150.72,94.5],[776.998,306.902,150.72,94.5],[662.909,322.24,150.72,94.5],[781.166,299.923,114.32,94.5],[776.659,285.181,114.32,94.5]],"b":[],"pop":[10,10],"par":0,"own":"{\"compound\":2,\"timeDilation\":2}","ch":["timeDilation","variance"],"best":0}
C f7500 draw 57b474ee
C f7520 {"st":"playing","w":3,"sc":4500,"hp":99140.5,"p":[942,376.101,0,220,-2.822],"e":[[809.83,312.061,87.04,94.5],[809.73,311.819,150.72,94.5],[809.991,311.954,128.72,94.5],[810.156,311.493,150.72,94.5],[809.887,311.504,128.72,94.5],[808.7,313.046,150.72,94.5],[808.241,313.634,140.72,94.5],[809.928,312.009,140.72,94.5],[810.136,311.095,97.04,94.5],[807.446,316.092,150.72,94.5],[809.494,312.218,128.72,94.5],[803.116,328.183,118.72,94.5],[810.228,311.679,51.421,94.5],[807.636,314.448,150.72,94.5],[806.991,331.466,104.32,94.5],[810.354,311.314,150.72,94.5],[806.198,309.987,150.72,94.5],[778.522,307.425,150.72,94.5],[810.216,311.802,150.72,94.5],[807.412,314.527,150.72,94.5],[694.225,325.113,150.72,94.5],[811.197,308.941,114.32,94.5],[805.988,296.334,114.32,94.5]],"b":[[851.04,337.085]],"pop":[10],"par":0,"own":"{\"compound\":2,\"timeDilation\":2}","ch":["timeDilation","variance"],"best":0}
C f7540 {"st":"playing","w":3,"sc":4500,"hp":99140.5,"p":[942,449.435,0,220,-2.39],"e":[[834.505,331.338,87.04,94.5],[834.391,331.115,150.72,94.5],[834.645,331.258,128.72,94.5],[834.758,330.865,150.72,94.5],[834.51,330.851,128.72,94.5],[833.54,332.107,150.72,94.5],[833.164,332.586,140.72,94.5],[834.592,331.301,140.72,94.5],[834.705,330.511,97.04,94.5],[832.634,334.679,150.72,94.5],[834.207,331.447,128.72,94.5],[829.585,344.84,108.72,94.5],[834.842,331.036,51.421,94.5],[832.67,333.249,150.72,94.5],[833.516,348,104.32,94.5],[834.927,330.725,150.72,94.5],[830.948,329.182,150.72,94.5],[804.684,324.699,150.72,94.5],[834.841,331.144,150.72,94.5],[832.468,333.299,150.72,94.5],[723.722,335.877,150.72,94.5],[835.5,328.697,114.32,94.5],[829.601,316.961,114.32,94.5]],"b":[[902.739,408.004]],"pop":[10,10],"par":0,"own":"{\"compound\":2,\"timeDilation\":2}","ch":["timeDilation","variance"],"best":0}
C f7560 {"st":"playing","w":3,"sc":4500,"hp":99140.5,"p":[942,522,0,0,-2.11],"e":[[852.286,357.25,87.04,94.5],[852.168,357.031,150.72,94.5],[852.404,357.186,128.72,94.5],[852.475,356.822,150.72,94.5],[852.253,356.789,128.72,94.5],[851.487,357.903,150.72,94.5],[851.189,358.326,140.72,94.5],[852.36,357.222,140.72,94.5],[852.4,356.483,97.04,94.5],[850.879,360.26,150.72,94.5],[852.029,357.331,128.72,94.5],[848.971,369.545,96.72,94.5],[852.562,356.99,51.421,94.5],[850.8,358.914,150.72,94.5],[852.74,372.827,104.32,94.5],[852.614,356.702,150.72,94.5],[848.957,354.937,150.72,94.5],[824.901,348.759,150.72,94.5],[852.569,357.093,150.72,94.5],[850.624,358.945,150.72,94.5],[749.481,353.877,150.72,94.5],[852.97,354.824,114.32,94.5],[846.871,343.234,114.32,94.5]],"b":[],"pop":[10,12],"par":0,"own":"{\"compound\":2,\"timeDilation\":2}","ch":["timeDilation","variance"],"best":0}
C f7580 {"st":"playing","w":3,"sc":4500,"hp":99140.5,"p":[937.333,522,-80,0,-2.082],"e":[[867.256,384.965,87.04,94.5],[867.137,384.746,150.72,94.5],[867.354,384.911,128.72,94.5],[867.39,384.567,150.72,94.5],[867.194,384.519,128.72,94.5],[866.606,385.536,150.72,94.5],[866.377,385.922,140.72,94.5],[867.318,384.943,140.72,94.5],[867.301,384.234,97.04,94.5],[866.246,387.756,150.72,94.5],[867.038,385.024,128.72,94.5],[865.284,396.491,96.72,94.5],[867.477,384.734,51.421,94.5],[866.081,386.459,150.72,94.5],[868.815,399.915,94.32,94.5],[867.502,384.461,150.72,94.5],[864.192,382.507,150.72,94.5],[842.467,374.906,150.72,94.5],[867.491,384.833,150.72,94.5],[865.929,386.476,150.72,94.5],[773.17,374.64,150.72,94.5],[867.682,382.677,114.32,94.5],[861.581,371.088,114.32,94.5]],"b":[],"pop":[12,10],"par":0,"own":"{\"compound\":2,\"timeDilation\":2}","ch":["timeDilation","variance"],"best":0}
C f7600 {"st":"playing","w":3,"sc":4500,"hp":99140.5,"p":[888.442,522,-155.563,0,-1.693],"e":[[875.206,407.99,87.04,94.5],[875.095,407.769,150.72,94.5],[875.287,407.943,128.72,94.5],[875.301,407.606,150.72,94.5],[875.132,407.55,128.72,94.5],[874.682,408.518,150.72,94.5],[874.506,408.884,140.72,94.5],[875.258,407.972,140.72,94.5],[875.209,407.276,97.04,94.5],[874.262,410.012,150.72,94.5],[875.024,408.038,128.72,94.5],[873.104,416.564,86.72,94.5],[875.383,407.775,51.421,94.5],[874.057,408.732,150.72,94.5],[875.782,418.916,94.32,94.5],[875.391,407.508,150.72,94.5],[872.688,406.09,150.72,94.5],[855.029,401.365,150.72,94.5],[875.4,407.873,150.72,94.5],[873.928,408.741,150.72,94.5],[794.624,397.632,150.72,94.5],[875.659,406.436,114.32,94.5],[870.784,398.144,114.32,94.5]],"b":[],"pop":[10,10],"par":0,"own":"{\"compound\":2,\"timeDilation\":2}","ch":["timeDilation","variance"],"best":0}
C f7620 {"st":"playing","w":3,"sc":4500,"hp":99140.5,"p":[836.588,522,-155.563,0,-1.169],"e":[[872.931,425.155,87.04,94.5],[872.84,424.937,150.72,94.5],[873.001,425.106,128.72,94.5],[873.02,424.771,150.72,94.5],[872.877,424.718,128.72,94.5],[872.472,425.689,150.72,94.5],[872.315,426.056,140.72,94.5],[872.975,425.136,140.72,94.5],[872.948,424.444,97.04,94.5],[872.084,427.183,150.72,94.5],[872.774,425.205,128.72,94.5],[870.969,433.716,74.72,94.5],[873.087,424.938,51.421,94.5],[871.935,425.913,150.72,94.5],[873.17,435.995,94.32,94.5],[873.099,424.672,150.72,94.5],[870.813,423.307,150.72,94.5],[855.716,418.68,150.72,94.5],[873.099,425.035,150.72,94.5],[871.825,425.924,150.72,94.5],[805.981,418.394,150.72,94.5],[873.35,423.601,114.32,94.5],[869.293,415.418,114.32,94.5]],"b":[],"pop":[10,10,12],"par":0,"own":"{\"compound\":2,\"timeDilation\":2}","ch":["timeDilation","variance"],"best":0}
C f7640 {"st":"playing","w":3,"sc":4500,"hp":99140.5,"p":[784.733,522,-155.563,0,-1.326],"e":[[863.375,439.653,87.04,94.5],[863.309,439.451,150.72,94.5],[863.442,439.602,128.72,94.5],[863.481,439.281,150.72,94.5],[863.356,439.24,128.72,94.5],[862.929,440.193,150.72,94.5],[862.763,440.554,140.72,94.5],[863.417,439.632,140.72,94.5],[863.439,438.974,97.04,94.5],[862.479,441.643,150.72,94.5],[863.232,439.712,128.72,94.5],[861.016,447.926,74.72,94.5],[863.53,439.436,51.421,94.5],[862.433,440.442,150.72,94.5],[862.812,449.918,94.32,94.5],[863.559,439.181,150.72,94.5],[861.604,438.025,150.72,94.5],[848.55,434.465,150.72,94.5],[863.534,439.527,150.72,94.5],[862.334,440.46,150.72,94.5],[806.279,435.662,150.72,94.5],[863.856,438.142,114.32,94.5],[860.743,430.535,114.32,94.5]],"b":[[799.643,470.917]],"pop":[10,12],"par":0,"own":"{\"compound\":2,\"timeDilation\":2}","ch":["timeDilation","variance"],"best":0}
C f7650 draw ce2e5f04
C f7660 {"st":"playing","w":3,"sc":4500,"hp":99140.5,"p":[747.546,507.333,-8.897,-146.667,-0.84],"e":[[846.889,452.045,87.04,94.5],[846.842,451.868,150.72,94.5],[846.956,451.994,128.72,94.5],[847.017,451.702,150.72,94.5],[846.903,451.675,128.72,94.5],[846.428,452.564,150.72,94.5],[846.244,452.9,140.72,94.5],[846.93,452.023,140.72,94.5],[847,451.429,97.04,94.5],[845.894,453.899,150.72,94.5],[846.75,452.108,128.72,94.5],[844.03,459.615,74.72,94.5],[847.051,451.838,51.421,94.5],[845.941,452.825,150.72,94.5],[845.579,461.245,94.32,94.5],[847.098,451.607,150.72,94.5],[845.346,450.71,150.72,94.5],[833.474,448.509,150.72,94.5],[847.049,451.92,150.72,94.5],[845.846,452.848,150.72,94.5],[795.911,453.354,140.72,94.5],[847.456,450.649,114.32,94.5],[845.107,443.982,114.32,94.5]],"b":[],"pop":[12,10],"par":0,"own":"{\"compound\":2,\"timeDilation\":2}","ch":["timeDilation","variance"],"best":0}
C f7680 {"st":"playing","w":3,"sc":4500,"hp":99140.5,"p":[747.546,436.778,0,-220,0.418],"e":[[840.13,453.483,87.04,94.5],[840.085,453.318,150.72,94.5],[840.196,453.434,128.72,94.5],[840.261,453.16,150.72,94.5],[840.147,453.136,128.72,94.5],[839.664,453.974,150.72,94.5],[839.478,454.291,140.72,94.5],[840.17,453.462,140.72,94.5],[840.248,452.904,97.04,94.5],[839.118,455.231,150.72,94.5],[839.99,453.544,128.72,94.5],[837.206,460.593,74.72,94.5],[840.293,453.287,51.421,94.5],[839.177,454.224,150.72,94.5],[838.735,462.104,94.32,94.5],[840.342,453.069,150.72,94.5],[838.612,452.251,150.72,94.5],[826.861,450.364,150.72,94.5],[840.29,453.364,150.72,94.5],[839.083,454.247,150.72,94.5],[789.781,455.549,128.72,94.5],[840.71,452.167,114.32,94.5],[838.474,445.942,114.32,94.5]],"b":[],"pop":[10,12],"par":0,"own":"{\"compound\":2,\"timeDilation\":2}","ch":["timeDilation","variance"],"best":0}
C f7700 {"st":"playing","w":3,"sc":4500,"hp":99140.5,"p":[747.546,363.444,0,-220,1.156],"e":[[834.765,450.363,87.04,94.5],[834.717,450.204,150.72,94.5],[834.829,450.318,128.72,94.5],[834.886,450.057,150.72,94.5],[834.774,450.031,128.72,94.5],[834.318,450.822,150.72,94.5],[834.141,451.121,140.72,94.5],[834.804,450.344,140.72,94.5],[834.868,449.812,97.04,94.5],[833.809,452.012,150.72,94.5],[834.628,450.418,128.72,94.5],[832.06,457.108,74.72,94.5],[834.921,450.179,51.421,94.5],[833.844,451.05,150.72,94.5],[833.599,458.598,94.32,94.5],[834.965,449.972,150.72,94.5],[833.241,449.149,150.72,94.5],[821.642,447.048,150.72,94.5],[834.919,450.253,150.72,94.5],[833.752,451.07,150.72,94.5],[785.946,450.709,114.32,94.5],[835.306,449.117,114.32,94.5],[832.96,443.125,114.32,94.5]],"b":[],"pop":[12,14],"par":0,"own":"{\"compound\":2,\"timeDilation\":2}","ch":["timeDilation","variance"],"best":0}
C f7720 {"st":"playing","w":3,"sc":4500,"hp":99140.5,"p":[747.546,290.111,0,-220,1.341],"e":[[818.528,426.466,87.04,94.5],[818.472,426.312,150.72,94.5],[818.58,426.429,128.72,94.5],[818.608,426.189,150.72,94.5],[818.508,426.155,128.72,94.5],[818.176,426.859,150.72,94.5],[818.048,427.126,140.72,94.5],[818.561,426.452,140.72,94.5],[818.571,425.957,97.04,94.5],[817.833,427.936,150.72,94.5],[818.413,426.506,128.72,94.5],[815.945,431.623,74.72,94.5],[818.649,426.307,51.421,94.5],[817.782,427.033,150.72,94.5],[816.606,432.194,94.32,94.5],[818.669,426.117,150.72,94.5],[817.904,426.152,150.72,94.5],[809.813,426.292,150.72,94.5],[818.654,426.376,150.72,94.5],[817.703,427.044,150.72,94.5],[780.85,432.524,114.32,94.5],[819.715,426.293,114.32,94.5],[818.783,422.374,114.32,94.5]],"b":[[772.566,404.31]],"pop":[14],"par":0,"own":"{\"compound\":2,\"timeDilation\":2}","ch":["timeDilation","variance"],"best":0}
C f7740 {"st":"playing","w":3,"sc":4500,"hp":99140.5,"p":[747.546,247,0,-6.667,1.396],"e":[[806.165,397.51,87.04,94.5],[806.108,397.357,150.72,94.5],[806.207,397.477,128.72,94.5],[806.216,397.246,150.72,94.5],[806.128,397.206,128.72,94.5],[805.889,397.87,150.72,94.5],[805.796,398.121,140.72,94.5],[806.192,397.498,140.72,94.5],[806.169,397.017,97.04,94.5],[805.663,398.897,150.72,94.5],[806.069,397.541,128.72,94.5],[804.274,402.378,74.72,94.5],[806.258,397.363,51.421,94.5],[805.564,398.014,150.72,94.5],[804.871,402.974,94.32,94.5],[806.263,397.179,150.72,94.5],[805.613,397.165,150.72,94.5],[798.758,396.809,150.72,94.5],[806.266,397.43,150.72,94.5],[805.497,398.02,150.72,94.5],[774.872,401.6,97.04,94.5],[807.167,397.417,114.32,94.5],[806.121,393.548,114.32,94.5]],"b":[[756.621,298.646]],"pop":[17],"par":0,"own":"{\"compound\":2,\"timeDilation\":2}","ch":["timeDilation","variance"],"best":0}
C f7760 {"st":"playing","w":3,"sc":4500,"hp":99140.5,"p":[747.546,247,0,0,1.396],"e":[[794.733,368.157,87.04,94.5],[794.675,368.004,150.72,94.5],[794.766,368.129,128.72,94.5],[794.758,367.903,150.72,94.5],[794.682,367.859,128.72,94.5],[794.528,368.49,150.72,94.5],[794.467,368.729,140.72,94.5],[794.754,368.147,140.72,94.5],[794.704,367.678,97.04,94.5],[794.406,369.477,150.72,94.5],[794.656,368.182,128.72,94.5],[793.47,372.788,74.72,94.5],[794.801,368.02,51.421,94.5],[794.267,368.61,150.72,94.5],[794.005,373.408,94.32,94.5],[794.793,367.841,150.72,94.5],[794.252,367.785,150.72,94.5],[788.568,367.002,150.72,94.5],[794.812,368.086,150.72,94.5],[794.212,368.611,150.72,94.5],[769.389,370.581,76.304,94.5],[795.56,368.133,114.32,94.5],[794.43,364.298,114.32,94.5]],"b":[],"pop":[17,21],"par":0,"own":"{\"compound\":2,\"timeDilation\":2}","ch":["timeDilation","variance"],"best":0}
C f7780 {"st":"playing","w":3,"sc":4500,"hp":99140.5,"p":[747.546,247,0,0,1.396],"e":[[783.301,338.805,87.04,94.5],[783.243,338.652,150.72,94.5],[783.325,338.78,128.72,94.5],[783.3,338.561,150.72,94.5],[783.236,338.512,128.72,94.5],[783.166,339.111,150.72,94.5],[783.137,339.337,140.72,94.5],[783.317,338.797,140.72,94.5],[783.239,338.339,97.04,94.5],[783.15,340.057,150.72,94.5],[783.242,338.822,128.72,94.5],[782.667,343.199,74.72,94.5],[783.343,338.678,51.421,94.5],[782.97,339.205,150.72,94.5],[783.138,343.842,94.32,94.5],[783.322,338.504,150.72,94.5],[782.891,338.405,150.72,94.5],[778.379,337.196,150.72,94.5],[783.358,338.743,150.72,94.5],[782.927,339.202,150.72,94.5],[763.906,339.562,51.421,94.5],[783.953,338.85,114.32,94.5],[782.739,335.048,114.32,94.5]],"b":[],"pop":[21,25],"par":0,"own":"{\"compound\":2,\"timeDilation\":2}","ch":["timeDilation","variance"],"best":0}
C f7800 {"st":"playing","w":3,"sc":4500,"hp":99140.5,"p":[747.768,246.778,13.333,-13.333,1.4],"e":[[771.878,309.458,87.04,94.5],[771.82,309.305,150.72,94.5],[771.892,309.436,128.72,94.5],[771.851,309.224,150.72,94.5],[771.8,309.17,128.72,94.5],[771.814,309.736,150.72,94.5],[771.817,309.95,140.72,94.5],[771.889,309.452,140.72,94.5],[771.783,309.004,97.04,94.5],[771.902,310.642,150.72,94.5],[771.837,309.468,128.72,94.5],[771.873,313.615,74.72,94.5],[771.895,309.34,51.421,94.5],[771.682,309.806,150.72,94.5],[772.28,314.281,94.32,94.5],[771.861,309.172,150.72,94.5],[771.539,309.03,150.72,94.5],[768.199,307.395,140.72,94.5],[771.912,309.404,150.72,94.5],[771.65,309.798,150.72,94.5],[758.431,308.55,51.421,94.5],[772.354,309.572,114.32,94.5],[771.057,305.803,114.32,94.5]],"b":[],"pop":[25,10],"par":0,"own":"{\"compound\":2,\"timeDilation\":2}","ch":["timeDilation","variance"],"best":0}
C f7800 draw f0a06f32
C f7820 {"st":"playing","w":3,"sc":4500,"hp":99140.5,"p":[788.14,206.406,155.563,-155.563,1.796],"e":[[769.205,296.342,87.04,94.5],[769.151,296.189,150.72,94.5],[769.216,296.321,128.72,94.5],[769.174,296.11,150.72,94.5],[769.13,296.055,128.72,94.5],[769.161,296.614,150.72,94.5],[769.171,296.825,140.72,94.5],[769.214,296.336,140.72,94.5],[769.11,295.89,87.04,94.5],[769.266,297.511,150.72,94.5],[769.171,296.35,128.72,94.5],[769.339,300.448,74.72,94.5],[769.215,296.226,51.421,94.5],[769.054,296.678,150.72,94.5],[769.702,301.121,94.32,94.5],[769.18,296.059,150.72,94.5],[768.909,295.907,150.72,94.5],[766.101,294.173,140.72,94.5],[769.231,296.29,150.72,94.5],[769.028,296.669,150.72,94.5],[758.145,295.119,51.421,94.5],[769.605,296.472,114.32,94.5],[768.395,292.705,114.32,94.5]],"b":[],"pop":[10,10],"par":0,"own":"{\"compound\":2,\"timeDilation\":2}","ch":["timeDilation","variance"],"best":0}
C f7840 {"st":"playing","w":3,"sc":4500,"hp":99140.5,"p":[839.994,154.552,155.563,-155.563,2.054],"e":[[775.735,281.35,87.04,94.5],[775.693,281.203,150.72,94.5],[775.746,281.33,128.72,94.5],[775.717,281.125,150.72,94.5],[775.68,281.072,128.72,94.5],[775.684,281.62,150.72,94.5],[775.684,281.827,140.72,94.5],[775.743,281.345,140.72,94.5],[775.669,280.912,87.04,94.5],[775.74,282.496,150.72,94.5],[775.704,281.36,128.72,94.5],[776.157,284.21,74.72,94.5],[775.749,281.237,51.421,94.5],[775.585,281.687,150.72,94.5],[776.452,284.855,94.32,94.5],[775.725,281.074,150.72,94.5],[775.487,280.936,150.72,94.5],[772.504,280.504,140.72,94.5],[775.761,281.299,150.72,94.5],[775.561,281.679,150.72,94.5],[766.368,279.533,51.421,94.5],[776.089,281.462,114.32,94.5],[774.649,278.969,114.32,94.5]],"b":[[811.371,206.156]],"pop":[10],"par":0,"own":"{\"compound\":2,\"timeDilation\":2}","ch":["timeDilation","variance"],"best":0}
C f7860 {"st":"playing","w":3,"sc":4500,"hp":99140.5,"p":[891.849,102.697,155.563,-155.563,2.164],"e":[[791.801,254.275,77.04,94.5],[791.776,254.137,150.72,94.5],[791.813,254.254,128.72,94.5],[791.803,254.061,150.72,94.5],[791.775,254.014,128.72,94.5],[791.736,254.536,150.72,94.5],[791.72,254.733,140.72,94.5],[791.809,254.269,140.72,94.5],[791.778,253.862,87.04,94.5],[791.718,255.368,150.72,94.5],[791.774,254.287,128.72,94.5],[791.951,256.975,74.72,94.5],[791.822,254.166,51.421,94.5],[791.645,254.607,150.72,94.5],[792.158,257.57,94.32,94.5],[791.814,254.012,150.72,94.5],[791.618,253.899,150.72,94.5],[789.053,253.717,140.72,94.5],[791.828,254.224,150.72,94.5],[791.625,254.602,150.72,94.5],[783.752,253.276,51.421,94.5],[792.101,254.354,114.32,94.5],[791.042,252.089,114.32,94.5]],"b":[],"pop":[10,10],"par":0,"own":"{\"compound\":2,\"timeDilation\":2}","ch":["timeDilation","variance"],"best":0}
C f7880 {"st":"playing","w":3,"sc":4500,"hp":99140.5,"p":[939.036,55.509,75.563,-75.563,2.219],"e":[[810.045,228.601,65.04,94.5],[810.032,228.472,150.72,94.5],[810.057,228.581,128.72,94.5],[810.062,228.397,150.72,94.5],[810.039,228.354,128.72,94.5],[809.969,228.854,150.72,94.5],[809.941,229.043,140.72,94.5],[810.053,228.595,140.72,94.5],[810.052,228.21,87.04,94.5],[809.896,229.648,150.72,94.5],[810.02,228.614,128.72,94.5],[809.998,231.163,74.72,94.5],[810.072,228.496,51.421,94.5],[809.881,228.928,150.72,94.5],[810.146,231.716,94.32,94.5],[810.075,228.35,150.72,94.5],[809.905,228.256,150.72,94.5],[807.596,228.258,140.72,94.5],[810.073,228.551,150.72,94.5],[809.864,228.925,150.72,94.5],[802.812,228.2,51.421,94.5],[810.311,228.656,114.32,94.5],[809.509,226.574,114.32,94.5]],"b":[],"pop":[10,12],"par":0,"own":"{\"compound\":2,\"timeDilation\":2}","ch":["timeDilation","variance"],"best":0}
C f7900 {"st":"playing","w":3,"sc":4500,"hp":99140.5,"p":[917.558,52.546,-191.103,0,2.114],"e":[[828.213,202.889,65.04,94.5],[828.21,202.767,150.72,94.5],[828.225,202.869,128.72,94.5],[828.242,202.694,150.72,94.5],[828.224,202.655,128.72,94.5],[828.127,203.135,150.72,94.5],[828.089,203.317,140.72,94.5],[828.22,202.883,140.72,94.5],[828.246,202.516,87.04,94.5],[828.007,203.896,150.72,94.5],[828.189,202.904,128.72,94.5],[827.996,205.332,74.72,94.5],[828.244,202.787,51.421,94.5],[828.043,203.212,150.72,94.5],[828.092,205.849,94.32,94.5],[828.257,202.648,150.72,94.5],[828.11,202.57,150.72,94.5],[826.024,202.732,140.72,94.5],[828.241,202.839,150.72,94.5],[828.027,203.21,150.72,94.5],[821.694,203.006,51.421,94.5],[828.448,202.923,114.32,94.5],[827.868,200.999,114.32,94.5]],"b":[[861.508,157.842]],"pop":[12],"par":0,"own":"{\"compound\":2,\"timeDilation\":2}","ch":["timeDilation","variance"],"best":0}
C f7920 {"st":"playing","w":3,"sc":4500,"hp":99140.5,"p":[844.521,52.546,-220,0,1.633],"e":[[837.11,178.164,50.64,94.5],[837.114,178.044,150.72,94.5],[837.121,178.143,128.72,94.5],[837.144,177.971,150.72,94.5],[837.131,177.933,128.72,94.5],[837.024,178.409,150.72,94.5],[836.983,178.589,140.72,94.5],[837.116,178.157,140.72,94.5],[837.157,177.796,87.04,94.5],[836.885,179.161,150.72,94.5],[837.089,178.179,128.72,94.5],[836.988,179.323,74.72,94.5],[837.141,178.062,51.421,94.5],[836.949,178.488,150.72,94.5],[837.045,179.825,94.32,94.5],[837.159,177.925,150.72,94.5],[837.038,177.856,150.72,94.5],[835.244,178.121,140.72,94.5],[837.137,178.113,150.72,94.5],[836.936,178.487,150.72,94.5],[831.512,178.62,51.421,94.5],[837.31,178.185,114.32,94.5],[836.687,177.57,114.32,94.5]],"b":[[846.613,141.474]],"pop":[12,14],"par":0,"own":"{\"compound\":2,\"timeDilation\":2}","ch":["timeDilation","variance"],"best":0}
C f7940 {"st":"playing","w":3,"sc":4500,"hp":99140.5,"p":[771.187,52.546,-220,0,1.075],"e":[[832.937,166.433,50.64,94.5],[832.908,166.327,150.72,94.5],[832.947,166.413,128.72,94.5],[832.934,166.255,150.72,94.5],[832.921,166.218,128.72,94.5],[832.894,166.661,150.72,94.5],[832.346,165.688,140.72,94.5],[832.943,166.427,140.72,94.5],[832.94,166.083,77.04,94.5],[832.275,166.249,150.72,94.5],[832.919,166.448,128.72,94.5],[832.403,166.401,74.72,94.5],[832.934,166.345,51.421,94.5],[832.827,166.737,150.72,94.5],[832.529,166.875,94.32,94.5],[832.947,166.21,150.72,94.5],[832.833,166.139,150.72,94.5],[831.194,166.352,140.72,94.5],[832.96,166.384,150.72,94.5],[832.815,166.735,150.72,94.5],[828.227,167.927,51.421,94.5],[833.121,166.46,114.32,94.5],[832.503,165.846,114.32,94.5]],"b":[[800.905,99.481]],"pop":[14,10],"par":0,"own":"{\"compound\":2,\"timeDilation\":2}","ch":["timeDilation","variance"],"best":0}
C f7950 draw a7d39d6b
C f7960 {"st":"playing","w":3,"sc":4500,"hp":99140.5,"p":[712.521,67.212,-73.333,146.667,0.677],"e":[[813.373,144.035,40.64,94.5],[813.336,143.935,150.72,94.5],[813.379,144.017,128.72,94.5],[813.352,143.872,150.72,94.5],[813.337,143.837,128.72,94.5],[813.357,144.238,150.72,94.5],[813.322,143.75,140.72,94.5],[813.377,144.029,140.72,94.5],[813.341,143.716,77.04,94.5],[812.768,143.803,150.72,94.5],[813.357,144.046,128.72,94.5],[812.897,143.954,74.72,94.5],[813.361,143.954,51.421,94.5],[813.305,144.301,150.72,94.5],[813.054,144.399,94.32,94.5],[813.359,143.832,150.72,94.5],[813.251,143.756,150.72,94.5],[812.366,144.249,140.72,94.5],[813.388,143.992,150.72,94.5],[813.294,144.298,150.72,94.5],[810.419,145.888,51.421,94.5],[813.538,144.077,114.32,94.5],[812.93,143.458,114.32,94.5]],"b":[],"pop":[10,10],"par":0,"own":"{\"compound\":2,\"timeDilation\":2}","ch":["timeDilation","variance"],"best":0}
C f7980 {"st":"playing","w":3,"sc":4500,"hp":99140.5,"p":[709.743,137.768,0,220,0.058],"e":[[807.203,141.596,28.64,94.5],[807.165,141.501,150.72,94.5],[807.209,141.58,128.72,94.5],[807.18,141.442,150.72,94.5],[807.164,141.408,128.72,94.5],[807.191,141.789,150.72,94.5],[807.148,141.325,140.72,94.5],[807.207,141.591,140.72,94.5],[807.165,141.293,77.04,94.5],[806.599,141.365,150.72,94.5],[807.188,141.607,128.72,94.5],[806.73,141.512,74.72,94.5],[807.19,141.52,51.421,94.5],[807.141,141.848,150.72,94.5],[806.894,141.936,94.32,94.5],[807.186,141.404,150.72,94.5],[807.077,141.33,150.72,94.5],[806.209,141.781,140.72,94.5],[807.218,141.556,150.72,94.5],[807.13,141.845,150.72,94.5],[804.313,143.3,51.421,94.5],[807.368,141.639,114.32,94.5],[806.753,141.041,114.32,94.5]],"b":[],"pop":[10,12],"par":0,"own":"{\"compound\":2,\"timeDilation\":2}","ch":["timeDilation","variance"],"best":0}
C f8000 {"st":"playing","w":3,"sc":4500,"hp":99140.5,"p":[709.743,211.101,0,220,-0.638],"e":[[801.367,143.633,14.24,94.5],[801.331,143.543,150.72,94.5],[801.374,143.617,128.72,94.5],[801.347,143.486,150.72,94.5],[801.332,143.455,128.72,94.5],[801.352,143.816,150.72,94.5],[801.317,143.377,140.72,94.5],[801.371,143.628,140.72,94.5],[801.335,143.346,77.04,94.5],[800.772,143.424,150.72,94.5],[801.352,143.643,128.72,94.5],[800.899,143.56,74.72,94.5],[801.356,143.56,51.421,94.5],[801.301,143.873,150.72,94.5],[801.055,143.96,94.32,94.5],[801.353,143.451,150.72,94.5],[801.247,143.382,150.72,94.5],[800.378,143.825,140.72,94.5],[801.382,143.594,150.72,94.5],[801.291,143.87,150.72,94.5],[798.472,145.295,51.421,94.5],[801.53,143.671,114.32,94.5],[800.93,143.114,114.32,94.5]],"b":[],"pop":[12,14],"par":0,"own":"{\"compound\":2,\"timeDilation\":2}","ch":["timeDilation","variance"],"best":0}
C f8020 {"st":"playing","w":3,"sc":4500,"hp":99140.5,"p":[709.743,284.435,0,220,-1.017],"e":[[787.294,161.323,14.24,94.5],[787.268,161.241,150.72,94.5],[787.301,161.308,128.72,94.5],[787.286,161.187,150.72,94.5],[787.275,161.158,128.72,94.5],[787.267,161.496,150.72,94.5],[787.267,161.086,140.72,94.5],[787.298,161.318,140.72,94.5],[787.286,161.056,77.04,94.5],[786.77,161.171,150.72,94.5],[787.28,161.334,128.72,94.5],[786.875,161.29,74.72,94.5],[787.289,161.256,51.421,94.5],[787.217,161.553,150.72,94.5],[786.987,161.654,94.32,94.5],[787.295,161.153,150.72,94.5],[787.204,161.097,150.72,94.5],[786.384,161.577,140.72,94.5],[787.311,161.286,150.72,94.5],[787.207,161.552,150.72,94.5],[785.394,162.17,51.421,94.5],[787.439,161.346,114.32,94.5],[786.936,160.868,114.32,94.5]],"b":[[766.065,186.023]],"pop":[14],"par":0,"own":"{\"compound\":2,\"timeDilation\":2}","ch":["timeDilation","variance"],"best":0}
C f8040 {"st":"playing","w":3,"sc":4800,"hp":99140.5,"p":[709.743,327.546,0,6.667,-1.149],"e":[[773.051,189.326,150.72,94.5],[773.074,189.388,128.72,94.5],[773.07,189.273,150.72,94.5],[773.063,189.246,128.72,94.5],[773.031,189.571,150.72,94.5],[773.062,189.177,140.72,94.5],[773.071,189.398,140.72,94.5],[773.08,189.146,77.04,94.5],[772.631,189.295,150.72,94.5],[773.054,189.414,128.72,94.5],[772.712,189.402,74.72,94.5],[773.068,189.339,51.421,94.5],[772.984,189.63,150.72,94.5],[772.781,189.744,94.32,94.5],[773.08,189.239,150.72,94.5],[773.006,189.192,150.72,94.5],[772.271,189.715,140.72,94.5],[773.084,189.366,150.72,94.5],[772.976,189.629,150.72,94.5],[771.384,190.359,51.421,94.5],[773.189,189.415,114.32,94.5],[772.795,188.991,114.32,94.5]],"b":[[731.112,279.695]],"pop":[17],"par":7,"own":"{\"compound\":2,\"timeDilation\":2}","ch":["timeDilation","variance"],"best":0}
C f8060 {"st":"playing","w":3,"sc":4800,"hp":99140.5,"p":[709.743,327.546,0,0,-1.149],"e":[[759.933,217.965,140.72,94.5],[759.948,218.023,128.72,94.5],[759.954,217.912,150.72,94.5],[759.95,217.887,128.72,94.5],[759.898,218.203,150.72,94.5],[759.954,217.82,140.72,94.5],[759.945,218.033,140.72,94.5],[759.972,217.789,77.04,94.5],[759.588,217.968,150.72,94.5],[759.929,218.05,128.72,94.5],[759.647,218.065,74.72,94.5],[759.946,217.976,51.421,94.5],[759.854,218.263,150.72,94.5],[759.677,218.389,94.32,94.5],[759.965,217.879,150.72,94.5],[759.907,217.839,150.72,94.5],[759.258,218.401,140.72,94.5],[759.958,218.001,150.72,94.5],[759.848,218.263,150.72,94.5],[758.474,219.091,51.421,94.5],[760.041,218.039,114.32,94.5],[759.748,217.662,114.32,94.5]],"b":[],"pop":[17,10],"par":0,"own":"{\"compound\":2,\"timeDilation\":2}","ch":["timeDilation","variance"],"best":0}
C f8080 {"st":"playing","w":3,"sc":4800,"hp":99140.5,"p":[709.743,327.546,0,0,-1.149],"e":[[746.816,246.604,140.72,94.5],[746.822,246.658,128.72,94.5],[746.837,246.551,150.72,94.5],[746.837,246.527,128.72,94.5],[746.765,246.835,150.72,94.5],[746.847,246.464,140.72,94.5],[746.818,246.667,140.72,94.5],[746.863,246.432,77.04,94.5],[746.545,246.641,150.72,94.5],[746.805,246.685,128.72,94.5],[746.582,246.727,74.72,94.5],[746.825,246.613,51.421,94.5],[746.725,246.897,150.72,94.5],[746.573,247.034,94.32,94.5],[746.849,246.519,150.72,94.5],[746.808,246.486,150.72,94.5],[746.244,247.087,140.72,94.5],[746.832,246.636,150.72,94.5],[746.719,246.897,150.72,94.5],[745.564,247.824,41.421,94.5],[746.893,246.664,114.32,94.5],[746.7,246.333,114.32,94.5]],"b":[],"pop":[10,10],"par":0,"own":"{\"compound\":2,\"timeDilation\":2}","ch":["timeDilation","variance"],"best":0}
C f8100 {"st":"playing","w":3,"sc":4800,"hp":99140.5,"p":[709.965,327.546,13.333,0,-1.152],"e":[[733.705,275.241,140.72,94.5],[733.702,275.291,128.72,94.5],[733.728,275.189,150.72,94.5],[733.73,275.167,128.72,94.5],[733.638,275.465,150.72,94.5],[733.746,275.106,140.72,94.5],[733.698,275.301,140.72,94.5],[733.762,275.074,77.04,94.5],[733.509,275.313,150.72,94.5],[733.686,275.319,128.72,94.5],[733.523,275.389,74.72,94.5],[733.711,275.249,51.421,94.5],[733.601,275.528,140.72,94.5],[733.476,275.678,94.32,94.5],[733.74,275.157,150.72,94.5],[733.715,275.132,150.72,94.5],[733.237,275.772,140.72,94.5],[733.712,275.269,150.72,94.5],[733.598,275.529,150.72,94.5],[732.66,276.556,41.421,94.5],[733.752,275.288,114.32,94.5],[733.66,275.002,114.32,94.5]],"b":[],"pop":[10,10],"par":0,"own":"{\"compound\":2,\"timeDilation\":2}","ch":["timeDilation","variance"],"best":0}
C f8100 draw 7a16dd97
C f8120 {"st":"playing","w":3,"sc":4800,"hp":99140.5,"p":[758.299,327.546,220,0,-2.264],"e":[[730.37,291.643,130.72,94.5],[730.366,291.691,128.72,94.5],[730.389,291.591,150.72,94.5],[730.391,291.57,128.72,94.5],[730.312,291.862,150.72,94.5],[730.405,291.51,140.72,94.5],[730.363,291.7,140.72,94.5],[730.418,291.478,77.04,94.5],[730.227,291.723,150.72,94.5],[730.353,291.719,128.72,94.5],[730.234,291.795,74.72,94.5],[730.374,291.649,51.421,94.5],[730.283,291.925,140.72,94.5],[730.187,292.077,94.32,94.5],[730.399,291.56,150.72,94.5],[730.382,291.537,150.72,94.5],[730.013,292.181,140.72,94.5],[730.374,291.669,150.72,94.5],[730.281,291.927,150.72,94.5],[729.571,292.968,41.421,94.5],[730.402,291.685,114.32,94.5],[730.348,291.415,114.32,94.5]],"b":[],"pop":[10,10],"par":0,"own":"{\"compound\":2,\"timeDilation\":2}","ch":["timeDilation","variance"],"best":0}
C f8140 {"st":"playing","w":3,"sc":4800,"hp":99140.5,"p":[831.632,327.546,220,0,-2.812],"e":[[735.76,294.759,130.72,94.5],[735.757,294.804,128.72,94.5],[735.775,294.711,150.72,94.5],[735.777,294.691,128.72,94.5],[735.711,294.963,150.72,94.5],[735.789,294.635,140.72,94.5],[735.754,294.813,140.72,94.5],[735.8,294.607,77.04,94.5],[735.623,294.829,150.72,94.5],[735.746,294.83,128.72,94.5],[735.632,294.897,74.72,94.5],[735.763,294.766,51.421,94.5],[735.685,295.021,140.72,94.5],[735.598,295.16,94.32,94.5],[735.784,294.682,150.72,94.5],[735.767,294.66,150.72,94.5],[735.431,295.251,140.72,94.5],[735.764,294.784,150.72,94.5],[735.683,295.022,150.72,94.5],[735.029,295.973,41.421,94.5],[735.792,294.8,114.32,94.5],[735.73,294.544,114.32,94.5]],"b":[[775.527,309.508]],"pop":[10],"par":0,"own":"{\"compound\":2,\"timeDilation\":2}","ch":["timeDilation","variance"],"best":0}
C f8160 {"st":"playing","w":3,"sc":4800,"hp":99140.5,"p":[904.965,327.546,220,0,-2.955],"e":[[756.636,299.51,118.72,94.5],[756.635,299.549,128.72,94.5],[756.651,299.469,150.72,94.5],[756.652,299.452,128.72,94.5],[756.595,299.684,150.72,94.5],[756.661,299.404,140.72,94.5],[756.633,299.556,140.72,94.5],[756.672,299.379,77.04,94.5],[756.503,299.566,150.72,94.5],[756.625,299.57,128.72,94.5],[756.514,299.625,74.72,94.5],[756.64,299.515,51.421,94.5],[756.571,299.734,140.72,94.5],[756.488,299.85,94.32,94.5],[756.659,299.444,150.72,94.5],[756.641,299.425,150.72,94.5],[756.326,299.924,140.72,94.5],[756.642,299.531,150.72,94.5],[756.569,299.734,150.72,94.5],[755.949,300.534,41.421,94.5],[756.669,299.546,114.32,94.5],[756.6,299.324,114.32,94.5]],"b":[],"pop":[12],"par":0,"own":"{\"compound\":2,\"timeDilation\":2}","ch":["timeDilation","variance"],"best":0}
C f8180 {"st":"playing","w":3,"sc":4800,"hp":99140.5,"p":[942,332.212,0,80,-2.964],"e":[[787.729,304.548,104.32,94.5],[787.729,304.58,128.72,94.5],[787.742,304.515,150.72,94.5],[787.743,304.501,128.72,94.5],[787.693,304.692,150.72,94.5],[787.751,304.461,140.72,94.5],[787.727,304.587,140.72,94.5],[787.76,304.441,77.04,94.5],[787.598,304.591,150.72,94.5],[787.719,304.598,128.72,94.5],[787.611,304.641,74.72,94.5],[787.733,304.553,51.421,94.5],[787.67,304.732,140.72,94.5],[787.591,304.827,94.32,94.5],[787.749,304.495,150.72,94.5],[787.731,304.478,150.72,94.5],[787.431,304.883,140.72,94.5],[787.735,304.566,150.72,94.5],[787.668,304.733,150.72,94.5],[787.073,305.379,41.421,94.5],[787.763,304.579,114.32,94.5],[787.687,304.393,114.32,94.5]],"b":[],"pop":[12,14],"par":0,"own":"{\"compound\":2,\"timeDilation\":2}","ch":["timeDilation","variance"],"best":0}
C f8200 {"st":"playing","w":3,"sc":4800,"hp":99140.5,"p":[942,394.435,0,220,-2.579],"e":[[817.001,315.564,87.04,94.5],[817.003,315.591,128.72,94.5],[817.012,315.537,150.72,94.5],[817.012,315.525,128.72,94.5],[816.974,315.682,150.72,94.5],[817.017,315.493,140.72,94.5],[817.001,315.596,140.72,94.5],[817.025,315.477,77.04,94.5],[816.876,315.592,150.72,94.5],[816.995,315.606,128.72,94.5],[816.891,315.634,74.72,94.5],[817.005,315.569,51.421,94.5],[816.955,315.714,140.72,94.5],[816.883,315.788,94.32,94.5],[817.018,315.521,150.72,94.5],[816.999,315.506,150.72,94.5],[816.731,315.826,140.72,94.5],[817.008,315.58,150.72,94.5],[816.952,315.715,150.72,94.5],[816.411,316.218,41.421,94.5],[817.036,315.592,114.32,94.5],[816.951,315.432,114.32,94.5]],"b":[],"pop":[14,17],"par":0,"own":"{\"compound\":2,\"timeDilation\":2}","ch":["timeDilation","variance"],"best":0}
C f8220 {"st":"playing","w":3,"sc":4800,"hp":99140.5,"p":[942,467.768,0,220,-2.239],"e":[[839.809,337.071,87.04,94.5],[839.813,337.095,128.72,94.5],[839.816,337.047,150.72,94.5],[839.815,337.036,128.72,94.5],[839.794,337.174,150.72,94.5],[839.817,337.008,140.72,94.5],[839.811,337.099,140.72,94.5],[839.823,336.994,77.04,94.5],[839.696,337.084,150.72,94.5],[839.806,337.107,128.72,94.5],[839.714,337.124,74.72,94.5],[839.813,337.075,51.421,94.5],[839.779,337.202,140.72,94.5],[839.72,337.262,94.32,94.5],[839.82,337.033,150.72,94.5],[839.801,337.017,150.72,94.5],[839.585,337.282,140.72,94.5],[839.816,337.085,150.72,94.5],[839.777,337.202,150.72,94.5],[839.326,337.607,41.421,94.5],[839.843,337.099,114.32,94.5],[839.751,336.947,114.32,94.5]],"b":[[878.056,375.956]],"pop":[14,17],"par":0,"own":"{\"compound\":2,\"timeDilation\":2}","ch":["timeDilation","variance"],"best":0}
C f8240 {"st":"playing","w":3,"sc":4800,"hp":99140.5,"p":[942,522,0,0,-2.071],"e":[[856.264,363.882,66.304,94.5],[856.269,363.905,128.72,94.5],[856.269,363.86,150.72,94.5],[856.267,363.849,128.72,94.5],[856.259,363.979,150.72,94.5],[856.267,363.822,140.72,94.5],[856.269,363.909,140.72,94.5],[856.271,363.809,77.04,94.5],[856.166,363.886,150.72,94.5],[856.265,363.916,128.72,94.5],[856.184,363.925,74.72,94.5],[856.268,363.886,51.421,94.5],[856.248,364.005,140.72,94.5],[856.2,364.058,94.32,94.5],[856.271,363.846,150.72,94.5],[856.254,363.83,150.72,94.5],[856.081,364.067,140.72,94.5],[856.272,363.896,150.72,94.5],[856.246,364.005,150.72,94.5],[855.876,364.359,41.421,94.5],[856.296,363.911,114.32,94.5],[856.205,363.759,114.32,94.5]],"b":[[917.069,476.366]],"pop":[17,21],"par":0,"own":"{\"compound\":2,\"timeDilation\":2}","ch":["timeDilation","variance"],"best":0}
C f8250 draw c4e2bf30
C f8260 {"st":"playing","w":3,"sc":4800,"hp":99140.5,"p":[927.333,522,-146.667,0,-1.984],"e":[[870.767,391.832,41.421,94.5],[870.773,391.855,128.72,94.5],[870.769,391.811,150.72,94.5],[870.767,391.801,128.72,94.5],[870.769,391.926,150.72,94.5],[870.765,391.775,140.72,94.5],[870.773,391.859,140.72,94.5],[870.768,391.763,77.04,94.5],[870.682,391.83,150.72,94.5],[870.77,391.866,128.72,94.5],[870.701,391.869,74.72,94.5],[870.77,391.837,51.421,94.5],[870.761,391.949,140.72,94.5],[870.724,391.997,94.32,94.5],[870.77,391.798,150.72,94.5],[870.754,391.782,150.72,94.5],[870.623,391.998,140.72,94.5],[870.774,391.847,150.72,94.5],[870.76,391.949,150.72,94.5],[870.467,392.264,41.421,94.5],[870.796,391.863,114.32,94.5],[870.707,391.71,114.32,94.5]],"b":[],"pop":[21,25],"par":0,"own":"{\"compound\":2,\"timeDilation\":2}","ch":["timeDilation","variance"],"best":0}
C f8280 {"st":"playing","w":3,"sc":4800,"hp":99140.5,"p":[875.479,522,-155.563,0,-1.572],"e":[[875.541,412.103,11.561,94.5],[875.547,412.126,128.72,94.5],[875.543,412.082,150.72,94.5],[875.541,412.072,128.72,94.5],[875.546,412.196,150.72,94.5],[875.538,412.046,140.72,94.5],[875.547,412.13,140.72,94.5],[875.54,412.034,77.04,94.5],[875.469,412.097,150.72,94.5],[875.545,412.136,128.72,94.5],[875.487,412.137,74.72,94.5],[875.545,412.107,51.421,94.5],[875.541,412.219,140.72,94.5],[875.51,412.265,94.32,94.5],[875.543,412.069,150.72,94.5],[875.529,412.053,150.72,94.5],[875.424,412.262,140.72,94.5],[875.548,412.117,150.72,94.5],[875.539,412.218,150.72,94.5],[875.299,412.52,41.421,94.5],[875.568,412.134,114.32,94.5],[875.486,411.98,114.32,94.5]],"b":[],"pop":[25,30],"par":0,"own":"{\"compound\":2,\"timeDilation\":2}","ch":["timeDilation","variance"],"best":0}
C f8300 {"st":"playing","w":3,"sc":5100,"hp":99140.5,"p":[823.624,522,-155.563,0,-1.098],"e":[[871.244,428.9,128.72,94.5],[871.242,428.857,150.72,94.5],[871.24,428.847,128.72,94.5],[871.24,428.969,150.72,94.5],[871.239,428.821,140.72,94.5],[871.244,428.904,140.72,94.5],[871.241,428.81,77.04,94.5],[871.178,428.874,150.72,94.5],[871.241,428.91,128.72,94.5],[871.191,428.912,74.72,94.5],[871.242,428.881,51.421,94.5],[871.235,428.992,140.72,94.5],[871.207,429.038,94.32,94.5],[871.242,428.844,150.72,94.5],[871.231,428.828,150.72,94.5],[871.133,429.038,140.72,94.5],[871.245,428.891,150.72,94.5],[871.233,428.992,150.72,94.5],[871.016,429.298,41.421,94.5],[871.261,428.907,114.32,94.5],[871.197,428.757,114.32,94.5]],"b":[],"pop":[30,36],"par":8,"own":"{\"compound\":2,\"timeDilation\":2}","ch":["timeDilation","variance"],"best":0}
C f8320 {"st":"playing","w":3,"sc":5100,"hp":99140.5,"p":[771.77,522,-155.563,0,-0.731],"e":[[860.343,442.442,118.72,94.5],[860.344,442.402,150.72,94.5],[860.343,442.393,128.72,94.5],[860.335,442.508,150.72,94.5],[860.344,442.369,140.72,94.5],[860.342,442.446,140.72,94.5],[860.346,442.358,77.04,94.5],[860.284,442.423,150.72,94.5],[860.34,442.452,128.72,94.5],[860.294,442.458,74.72,94.5],[860.342,442.425,51.421,94.5],[860.328,442.53,140.72,94.5],[860.299,442.576,94.32,94.5],[860.345,442.39,150.72,94.5],[860.336,442.376,150.72,94.5],[860.232,442.581,140.72,94.5],[860.344,442.434,150.72,94.5],[860.327,442.53,150.72,94.5],[860.107,442.833,41.421,94.5],[860.358,442.448,114.32,94.5],[860.31,442.311,114.32,94.5]],"b":[],"pop":[36,10],"par":8,"own":"{\"compound\":2,\"timeDilation\":2}","ch":["timeDilation","variance"],"best":0}
C f8340 {"st":"playing","w":3,"sc":5100,"hp":99140.5,"p":[747.546,491.778,0,-213.333,-0.378],"e":[[844.913,452.856,118.72,94.5],[844.916,452.819,150.72,94.5],[844.916,452.811,128.72,94.5],[844.901,452.915,150.72,94.5],[844.919,452.789,140.72,94.5],[844.912,452.859,140.72,94.5],[844.922,452.779,77.04,94.5],[844.858,452.842,150.72,94.5],[844.909,452.865,128.72,94.5],[844.865,452.873,74.72,94.5],[844.914,452.84,51.421,94.5],[844.893,452.935,140.72,94.5],[844.863,452.979,94.32,94.5],[844.919,452.808,150.72,94.5],[844.911,452.796,150.72,94.5],[844.798,452.988,140.72,94.5],[844.915,452.848,150.72,94.5],[844.892,452.935,150.72,94.5],[844.662,453.223,41.421,94.5],[844.927,452.86,114.32,94.5],[844.89,452.74,114.32,94.5]],"b":[[794.65,476.64]],"pop":[36,10],"par":0,"own":"{\"compound\":2,\"timeDilation\":2}","ch":["timeDilation","variance"],"best":0}
C f8360 {"st":"playing","w":3,"sc":5100,"hp":99140.5,"p":[747.546,418.444,0,-220,0.365],"e":[[838.762,452.834,106.72,94.5],[838.765,452.8,150.72,94.5],[838.765,452.792,128.72,94.5],[838.75,452.89,150.72,94.5],[838.767,452.772,140.72,94.5],[838.761,452.837,140.72,94.5],[838.771,452.762,77.04,94.5],[838.707,452.821,150.72,94.5],[838.758,452.842,128.72,94.5],[838.714,452.85,74.72,94.5],[838.762,452.82,51.421,94.5],[838.742,452.909,140.72,94.5],[838.711,452.949,94.32,94.5],[838.767,452.79,150.72,94.5],[838.759,452.778,150.72,94.5],[838.647,452.958,140.72,94.5],[838.764,452.827,150.72,94.5],[838.741,452.909,150.72,94.5],[838.512,453.179,41.421,94.5],[838.776,452.838,114.32,94.5],[838.739,452.725,114.32,94.5]],"b":[],"pop":[10,12],"par":0,"own":"{\"compound\":2,\"timeDilation\":2}","ch":["timeDilation","variance"],"best":0}
C f8380 {"st":"playing","w":3,"sc":5100,"hp":99140.5,"p":[747.546,345.111,0,-220,0.878],"e":[[831.382,446.135,92.32,94.5],[831.384,446.103,150.72,94.5],[831.384,446.096,128.72,94.5],[831.373,446.188,150.72,94.5],[831.385,446.076,140.72,94.5],[831.381,446.138,140.72,94.5],[831.388,446.067,77.04,94.5],[831.329,446.121,150.72,94.5],[831.379,446.143,128.72,94.5],[831.337,446.149,74.72,94.5],[831.382,446.122,51.421,94.5],[831.366,446.206,140.72,94.5],[831.338,446.244,94.32,94.5],[831.386,446.093,150.72,94.5],[831.378,446.082,150.72,94.5],[831.276,446.249,140.72,94.5],[831.384,446.129,150.72,94.5],[831.365,446.206,150.72,94.5],[831.154,446.455,41.421,94.5],[831.396,446.14,114.32,94.5],[831.356,446.031,114.32,94.5]],"b":[],"pop":[12,14],"par":0,"own":"{\"compound\":2,\"timeDilation\":2}","ch":["timeDilation","variance"],"best":0}
C f8400 {"st":"playing","w":3,"sc":5100,"hp":99140.5,"p":[747.546,272,0,-206.667,1.14],"e":[[815.203,419.209,75.04,94.5],[815.202,419.178,150.72,94.5],[815.201,419.171,128.72,94.5],[815.199,419.258,150.72,94.5],[815.2,419.153,140.72,94.5],[815.202,419.212,140.72,94.5],[815.202,419.145,77.04,94.5],[815.156,419.191,150.72,94.5],[815.201,419.216,128.72,94.5],[815.165,419.218,74.72,94.5],[815.202,419.196,51.421,94.5],[815.195,419.275,140.72,94.5],[815.174,419.308,94.32,94.5],[815.203,419.169,150.72,94.5],[815.195,419.158,150.72,94.5],[815.121,419.308,140.72,94.5],[815.204,419.203,150.72,94.5],[815.194,419.274,150.72,94.5],[815.034,419.492,41.421,94.5],[815.215,419.214,114.32,94.5],[815.171,419.107,114.32,94.5]],"b":[],"pop":[14,17],"par":0,"own":"{\"compound\":2,\"timeDilation\":2}","ch":["timeDilation","variance"],"best":0}
C f8400 draw ba894b8f
C f8420 {"st":"playing","w":3,"sc":5100,"hp":99140.5,"p":[747.546,247,0,0,1.199],"e":[[803.376,390.018,75.04,94.5],[803.373,389.988,150.72,94.5],[803.372,389.981,128.72,94.5],[803.376,390.066,150.72,94.5],[803.37,389.963,140.72,94.5],[803.376,390.02,140.72,94.5],[803.371,389.955,77.04,94.5],[803.335,389.997,150.72,94.5],[803.375,390.025,128.72,94.5],[803.344,390.024,74.72,94.5],[803.374,390.005,51.421,94.5],[803.373,390.081,140.72,94.5],[803.357,390.112,94.32,94.5],[803.373,389.979,150.72,94.5],[803.366,389.967,150.72,94.5],[803.312,390.109,140.72,94.5],[803.376,390.012,150.72,94.5],[803.372,390.081,150.72,94.5],[803.249,390.284,41.421,94.5],[803.386,390.024,114.32,94.5],[803.343,389.917,114.32,94.5]],"b":[[781.089,333.111]],"pop":[17],"par":0,"own":"{\"compound\":2,\"timeDilation\":2}","ch":["timeDilation","variance"],"best":0}
C f8440 {"st":"playing","w":3,"sc":5100,"hp":99140.5,"p":[747.546,247,0,0,1.199],"e":[[791.921,360.674,54.304,94.5],[791.917,360.645,150.72,94.5],[791.915,360.638,128.72,94.5],[791.924,360.721,150.72,94.5],[791.913,360.621,140.72,94.5],[791.921,360.677,140.72,94.5],[791.913,360.613,77.04,94.5],[791.886,360.652,150.72,94.5],[791.92,360.681,128.72,94.5],[791.896,360.679,74.72,94.5],[791.919,360.662,51.421,94.5],[791.923,360.736,140.72,94.5],[791.912,360.765,94.32,94.5],[791.916,360.637,150.72,94.5],[791.909,360.625,150.72,94.5],[791.875,360.759,140.72,94.5],[791.921,360.669,150.72,94.5],[791.922,360.736,150.72,94.5],[791.836,360.925,41.421,94.5],[791.93,360.681,114.32,94.5],[791.887,360.574,114.32,94.5]],"b":[[766.457,295.439]],"pop":[17,21],"par":0,"own":"{\"compound\":2,\"timeDilation\":2}","ch":["timeDilation","variance"],"best":0}
C f8460 {"st":"playing","w":3,"sc":5100,"hp":99140.5,"p":[747.546,247,0,0,1.199],"e":[[780.466,331.331,29.421,94.5],[780.46,331.302,150.72,94.5],[780.458,331.296,128.72,94.5],[780.473,331.376,150.72,94.5],[780.455,331.278,140.72,94.5],[780.466,331.333,140.72,94.5],[780.455,331.271,77.04,94.5],[780.437,331.306,150.72,94.5],[780.466,331.337,128.72,94.5],[780.447,331.333,74.72,94.5],[780.463,331.319,51.421,94.5],[780.473,331.391,140.72,94.5],[780.467,331.418,94.32,94.5],[780.459,331.294,150.72,94.5],[780.453,331.282,150.72,94.5],[780.438,331.409,140.72,94.5],[780.466,331.325,150.72,94.5],[780.472,331.39,150.72,94.5],[780.422,331.565,41.421,94.5],[780.474,331.338,114.32,94.5],[780.431,331.231,114.32,94.5]],"b":[],"pop":[21,25],"par":0,"own":"{\"compound\":2,\"timeDilation\":2}","ch":["timeDilation","variance"],"best":0}
C f8480 {"st":"playing","w":3,"sc":5100,"hp":99140.5,"p":[752.212,242.333,80,-80,1.29],"e":[[769.607,302.607,29.421,94.5],[769.6,302.579,150.72,94.5],[769.598,302.572,128.72,94.5],[769.617,302.651,150.72,94.5],[769.593,302.556,140.72,94.5],[769.607,302.609,140.72,94.5],[769.592,302.548,77.04,94.5],[769.584,302.58,150.72,94.5],[769.608,302.613,128.72,94.5],[769.594,302.607,74.72,94.5],[769.604,302.595,51.421,94.5],[769.618,302.665,140.72,94.5],[769.617,302.691,94.32,94.5],[769.598,302.571,150.72,94.5],[769.592,302.559,150.72,94.5],[769.596,302.678,140.72,94.5],[769.606,302.602,150.72,94.5],[769.618,302.665,150.72,94.5],[769.601,302.827,41.421,94.5],[769.613,302.615,114.32,94.5],[769.571,302.507,104.32,94.5]],"b":[],"pop":[25,10],"par":0,"own":"{\"compound\":2,\"timeDilation\":2}","ch":["timeDilation","variance"],"best":0}
C f8500 {"st":"playing","w":3,"sc":5100,"hp":99140.5,"p":[801.103,193.442,155.563,-155.563,1.873],"e":[[769.619,294.695,19.421,94.5],[769.613,294.667,150.72,94.5],[769.611,294.661,128.72,94.5],[769.628,294.739,150.72,94.5],[769.607,294.644,140.72,94.5],[769.62,294.698,140.72,94.5],[769.606,294.637,77.04,94.5],[769.598,294.668,150.72,94.5],[769.62,294.701,128.72,94.5],[769.607,294.695,74.72,94.5],[769.616,294.683,51.421,94.5],[769.63,294.753,140.72,94.5],[769.629,294.778,94.32,94.5],[769.611,294.659,150.72,94.5],[769.606,294.647,150.72,94.5],[769.61,294.766,140.72,94.5],[769.619,294.69,150.72,94.5],[769.63,294.753,150.72,94.5],[769.615,294.914,41.421,94.5],[769.625,294.703,114.32,94.5],[769.587,294.596,104.32,94.5]],"b":[],"pop":[10,10],"par":0,"own":"{\"compound\":2,\"timeDilation\":2}","ch":["timeDilation","variance"],"best":0}
C f8520 {"st":"playing","w":3,"sc":5100,"hp":99140.5,"p":[852.958,141.588,155.563,-155.563,2.077],"e":[[779.459,274.284,19.421,94.5],[779.455,274.257,150.72,94.5],[779.454,274.251,128.72,94.5],[779.464,274.326,150.72,94.5],[779.451,274.235,140.72,94.5],[779.459,274.286,140.72,94.5],[779.451,274.228,77.04,94.5],[779.442,274.259,150.72,94.5],[779.459,274.29,128.72,94.5],[779.449,274.284,74.72,94.5],[779.457,274.273,51.421,94.5],[779.465,274.34,140.72,94.5],[779.463,274.364,94.32,94.5],[779.454,274.25,150.72,94.5],[779.45,274.238,150.72,94.5],[779.446,274.354,140.72,94.5],[779.459,274.279,150.72,94.5],[779.465,274.339,150.72,94.5],[779.442,274.497,41.421,94.5],[779.464,274.291,114.32,94.5],[779.437,274.189,104.32,94.5]],"b":[[794.517,242.445]],"pop":[10],"par":0,"own":"{\"compound\":2,\"timeDilation\":2}","ch":["timeDilation","variance"],"best":0}
C f8540 {"st":"playing","w":3,"sc":5100,"hp":99140.5,"p":[904.812,89.733,155.563,-155.563,2.174],"e":[[796.231,247.634,7.421,94.5],[796.229,247.609,150.72,94.5],[796.229,247.603,128.72,94.5],[796.232,247.674,150.72,94.5],[796.228,247.588,140.72,94.5],[796.231,247.636,140.72,94.5],[796.228,247.581,77.04,94.5],[796.218,247.611,150.72,94.5],[796.231,247.64,128.72,94.5],[796.222,247.635,74.72,94.5],[796.23,247.623,51.421,94.5],[796.232,247.687,140.72,94.5],[796.228,247.71,94.32,94.5],[796.229,247.602,150.72,94.5],[796.227,247.591,150.72,94.5],[796.214,247.701,140.72,94.5],[796.231,247.629,150.72,94.5],[796.232,247.686,150.72,94.5],[796.2,247.838,41.421,94.5],[796.234,247.641,114.32,94.5],[796.218,247.546,104.32,94.5]],"b":[[870.456,137.966]],"pop":[12],"par":0,"own":"{\"compound\":2,\"timeDilation\":2}","ch":["timeDilation","variance"],"best":0}
C f8550 draw 3d2027c7
C f8560 {"st":"playing","w":3,"sc":5400,"hp":99140.5,"p":[942,52.546,8.897,-8.897,2.214],"e":[[814.787,222.159,150.72,94.5],[814.787,222.153,128.72,94.5],[814.786,222.221,150.72,94.5],[814.787,222.139,140.72,94.5],[814.787,222.185,140.72,94.5],[814.788,222.133,77.04,94.5],[814.777,222.162,150.72,94.5],[814.787,222.188,128.72,94.5],[814.779,222.184,74.72,94.5],[814.787,222.173,51.421,94.5],[814.784,222.233,140.72,94.5],[814.779,222.256,94.32,94.5],[814.788,222.152,150.72,94.5],[814.786,222.142,150.72,94.5],[814.768,222.248,140.72,94.5],[814.787,222.178,150.72,94.5],[814.784,222.232,150.72,94.5],[814.746,222.379,41.421,94.5],[814.79,222.189,114.32,94.5],[814.781,222.099,104.32,94.5]],"b":[],"pop":[12,14],"par":7,"own":"{\"compound\":2,\"timeDilation\":2}","ch":["timeDilation","variance"],"best":0}
C f8580 {"st":"playing","w":3,"sc":5400,"hp":99140.5,"p":[899.521,52.546,-220,0,2.012],"e":[[831.884,195.777,140.72,94.5],[831.884,195.771,128.72,94.5],[831.878,195.836,150.72,94.5],[831.885,195.758,140.72,94.5],[831.882,195.802,140.72,94.5],[831.886,195.752,77.04,94.5],[831.874,195.781,150.72,94.5],[831.881,195.805,128.72,94.5],[831.874,195.802,74.72,94.5],[831.883,195.79,51.421,94.5],[831.876,195.847,140.72,94.5],[831.87,195.87,94.32,94.5],[831.885,195.77,150.72,94.5],[831.884,195.761,150.72,94.5],[831.86,195.863,140.72,94.5],[831.883,195.795,150.72,94.5],[831.876,195.847,150.72,94.5],[831.831,195.99,41.421,94.5],[831.884,195.805,114.32,94.5],[831.883,195.72,104.32,94.5]],"b":[],"pop":[14,10],"par":7,"own":"{\"compound\":2,\"timeDilation\":2}","ch":["timeDilation","variance"],"best":0}
C f8600 {"st":"playing","w":3,"sc":5400,"hp":99140.5,"p":[826.187,52.546,-220,0,1.483],"e":[[837.095,176.458,128.72,94.5],[837.096,176.453,128.72,94.5],[837.089,176.517,150.72,94.5],[837.097,176.439,140.72,94.5],[837.093,176.483,140.72,94.5],[837.098,176.433,77.04,94.5],[837.087,176.462,150.72,94.5],[837.092,176.486,128.72,94.5],[837.086,176.483,74.72,94.5],[837.094,176.471,51.421,94.5],[837.086,176.528,140.72,94.5],[837.08,176.55,94.32,94.5],[837.096,176.451,150.72,94.5],[837.096,176.442,150.72,94.5],[837.072,176.544,140.72,94.5],[837.094,176.476,150.72,94.5],[837.086,176.528,150.72,94.5],[837.043,176.67,41.421,94.5],[837.095,176.486,114.32,94.5],[837.096,176.402,104.32,94.5]],"b":[],"pop":[10,12],"par":0,"own":"{\"compound\":2,\"timeDilation\":2}","ch":["timeDilation","variance"],"best":0}
C f8620 {"st":"playing","w":3,"sc":5400,"hp":99140.5,"p":[752.854,52.546,-220,0,0.955],"e":[[828.69,159.685,128.72,94.5],[828.69,159.68,128.72,94.5],[828.687,159.742,150.72,94.5],[828.691,159.667,140.72,94.5],[828.689,159.709,140.72,94.5],[828.692,159.661,77.04,94.5],[828.683,159.689,150.72,94.5],[828.689,159.712,128.72,94.5],[828.684,159.709,74.72,94.5],[828.69,159.698,51.421,94.5],[828.686,159.753,140.72,94.5],[828.709,159.764,94.32,94.5],[828.691,159.679,150.72,94.5],[828.69,159.67,150.72,94.5],[828.702,159.757,140.72,94.5],[828.69,159.703,150.72,94.5],[828.686,159.753,150.72,94.5],[828.682,159.879,41.421,94.5],[828.691,159.713,114.32,94.5],[828.688,159.631,104.32,94.5]],"b":[[818.309,135.497]],"pop":[10,12],"par":0,"own":"{\"compound\":2,\"timeDilation\":2}","ch":["timeDilation","variance"],"best":0}
C f8640 {"st":"playing","w":3,"sc":5400,"hp":99140.5,"p":[709.743,82.768,-6.667,213.333,0.532],"e":[[811.675,142.798,114.32,94.5],[811.675,142.794,128.72,94.5],[811.677,142.85,150.72,94.5],[811.674,142.782,140.72,94.5],[811.676,142.82,140.72,94.5],[811.674,142.776,77.04,94.5],[811.669,142.801,150.72,94.5],[811.676,142.823,128.72,94.5],[811.671,142.82,74.72,94.5],[811.676,142.81,51.421,94.5],[811.677,142.86,140.72,94.5],[811.699,142.871,94.32,94.5],[811.675,142.793,150.72,94.5],[811.674,142.784,150.72,94.5],[811.691,142.865,140.72,94.5],[811.676,142.814,150.72,94.5],[811.677,142.86,150.72,94.5],[811.684,142.974,41.421,94.5],[811.678,142.823,114.32,94.5],[811.669,142.748,104.32,94.5]],"b":[[753.614,104.482]],"pop":[12,14],"par":0,"own":"{\"compound\":2,\"timeDilation\":2}","ch":["timeDilation","variance"],"best":0}
C f8660 {"st":"playing","w":3,"sc":5400,"hp":99140.5,"p":[709.743,156.101,0,220,-0.148],"e":[[805.617,141.611,97.04,94.5],[805.617,141.606,128.72,94.5],[805.619,141.659,150.72,94.5],[805.616,141.595,140.72,94.5],[805.618,141.631,140.72,94.5],[805.616,141.59,77.04,94.5],[805.611,141.613,150.72,94.5],[805.618,141.634,128.72,94.5],[805.613,141.631,74.72,94.5],[805.618,141.621,51.421,94.5],[805.619,141.669,140.72,94.5],[805.642,141.68,94.32,94.5],[805.617,141.605,150.72,94.5],[805.615,141.597,150.72,94.5],[805.634,141.674,140.72,94.5],[805.618,141.626,150.72,94.5],[805.619,141.669,150.72,94.5],[805.627,141.777,41.421,94.5],[805.62,141.634,114.32,94.5],[805.61,141.564,104.32,94.5]],"b":[],"pop":[14,17],"par":0,"own":"{\"compound\":2,\"timeDilation\":2}","ch":["timeDilation","variance"],"best":0}
C f8680 {"st":"playing","w":3,"sc":5400,"hp":99140.5,"p":[709.743,229.435,0,220,-0.753],"e":[[800.156,144.559,76.304,94.5],[800.156,144.555,128.72,94.5],[800.157,144.606,150.72,94.5],[800.155,144.544,140.72,94.5],[800.157,144.579,140.72,94.5],[800.155,144.539,77.04,94.5],[800.15,144.561,150.72,94.5],[800.157,144.581,128.72,94.5],[800.152,144.578,74.72,94.5],[800.156,144.569,51.421,94.5],[800.157,144.615,140.72,94.5],[800.179,144.625,94.32,94.5],[800.156,144.554,150.72,94.5],[800.155,144.546,150.72,94.5],[800.171,144.619,140.72,94.5],[800.157,144.574,150.72,94.5],[800.157,144.614,150.72,94.5],[800.162,144.718,41.421,94.5],[800.159,144.582,114.32,94.5],[800.15,144.514,104.32,94.5]],"b":[],"pop":[17,21],"par":0,"own":"{\"compound\":2,\"timeDilation\":2}","ch":["timeDilation","variance"],"best":0}
C f8700 {"st":"playing","w":3,"sc":5400,"hp":99140.5,"p":[709.743,302.546,0,206.667,-1.07],"e":[[783.347,168.049,51.421,94.5],[783.347,168.046,128.72,94.5],[783.344,168.093,150.72,94.5],[783.347,168.036,140.72,94.5],[783.346,168.068,140.72,94.5],[783.348,168.031,77.04,94.5],[783.341,168.052,150.72,94.5],[783.345,168.07,128.72,94.5],[783.341,168.068,74.72,94.5],[783.346,168.059,51.421,94.5],[783.343,168.101,140.72,94.5],[783.361,168.109,94.32,94.5],[783.347,168.045,150.72,94.5],[783.347,168.038,150.72,94.5],[783.355,168.104,140.72,94.5],[783.346,168.063,150.72,94.5],[783.343,168.101,150.72,94.5],[783.339,168.198,41.421,94.5],[783.347,168.07,114.32,94.5],[783.345,168.008,104.32,94.5]],"b":[],"pop":[21,25],"par":0,"own":"{\"compound\":2,\"timeDilation\":2}","ch":["timeDilation","variance"],"best":0}
C f8700 draw 33cdd788
C f8720 {"st":"playing","w":3,"sc":5400,"hp":99140.5,"p":[709.743,327.546,0,0,-1.141],"e":[[769.738,196.584,51.421,94.5],[769.738,196.58,128.72,94.5],[769.732,196.626,150.72,94.5],[769.74,196.57,140.72,94.5],[769.736,196.601,140.72,94.5],[769.74,196.566,77.04,94.5],[769.733,196.587,150.72,94.5],[769.735,196.604,128.72,94.5],[769.732,196.602,74.72,94.5],[769.737,196.593,51.421,94.5],[769.731,196.634,140.72,94.5],[769.746,196.64,94.32,94.5],[769.739,196.579,150.72,94.5],[769.739,196.572,150.72,94.5],[769.741,196.636,140.72,94.5],[769.737,196.597,150.72,94.5],[769.731,196.634,150.72,94.5],[769.72,196.727,41.421,94.5],[769.737,196.604,114.32,94.5],[769.74,196.544,104.32,94.5]],"b":[[748.186,243.518]],"pop":[25],"par":0,"own":"{\"compound\":2,\"timeDilation\":2}","ch":["timeDilation","variance"],"best":0}
C f8740 {"st":"playing","w":3,"sc":5400,"hp":99140.5,"p":[709.743,327.546,0,0,-1.141],"e":[[756.44,225.612,21.561,94.5],[756.44,225.609,128.72,94.5],[756.432,225.653,150.72,94.5],[756.442,225.599,140.72,94.5],[756.436,225.63,140.72,94.5],[756.443,225.595,77.04,94.5],[756.435,225.616,150.72,94.5],[756.436,225.632,128.72,94.5],[756.433,225.63,74.72,94.5],[756.438,225.621,51.421,94.5],[756.43,225.661,140.72,94.5],[756.441,225.666,94.32,94.5],[756.441,225.608,150.72,94.5],[756.441,225.601,150.72,94.5],[756.438,225.663,140.72,94.5],[756.437,225.625,150.72,94.5],[756.43,225.661,150.72,94.5],[756.413,225.752,41.421,94.5],[756.437,225.632,114.32,94.5],[756.445,225.574,104.32,94.5]],"b":[[731.415,280.277]],"pop":[25,30],"par":0,"own":"{\"compound\":2,\"timeDilation\":2}","ch":["timeDilation","variance"],"best":0}
C f8760 {"st":"playing","w":3,"sc":5700,"hp":99140.5,"p":[709.743,327.546,0,0,-1.141],"e":[[743.01,254.925,128.72,94.5],[742.999,254.968,150.72,94.5],[743.013,254.916,140.72,94.5],[743.005,254.945,140.72,94.5],[743.014,254.912,77.04,94.5],[743.006,254.932,150.72,94.5],[743.005,254.947,128.72,94.5],[743.003,254.946,74.72,94.5],[743.007,254.937,51.421,94.5],[742.997,254.976,140.72,94.5],[743.005,254.979,94.32,94.5],[743.011,254.924,150.72,94.5],[743.012,254.918,150.72,94.5],[743.003,254.976,140.72,94.5],[743.006,254.941,150.72,94.5],[742.997,254.976,150.72,94.5],[742.974,255.064,41.421,94.5],[743.005,254.947,114.32,94.5],[743.018,254.891,104.32,94.5]],"b":[],"pop":[30,36],"par":6,"own":"{\"compound\":2,\"timeDilation\":2}","ch":["timeDilation","variance"],"best":0}
C f8780 {"st":"playing","w":3,"sc":5700,"hp":99140.5,"p":[714.41,327.546,80,0,-1.226],"e":[[729.919,284.306,118.72,94.5],[729.905,284.349,150.72,94.5],[729.922,284.297,140.72,94.5],[729.912,284.326,140.72,94.5],[729.923,284.293,77.04,94.5],[729.915,284.314,150.72,94.5],[729.912,284.328,128.72,94.5],[729.911,284.327,74.72,94.5],[729.915,284.318,51.421,94.5],[729.902,284.356,140.72,94.5],[729.907,284.358,94.32,94.5],[729.919,284.306,150.72,94.5],[729.921,284.3,150.72,94.5],[729.906,284.356,140.72,94.5],[729.914,284.322,150.72,94.5],[729.902,284.356,150.72,94.5],[729.874,284.442,41.421,94.5],[729.912,284.328,114.32,94.5],[729.928,284.274,104.32,94.5]],"b":[],"pop":[36,10],"par":0,"own":"{\"compound\":2,\"timeDilation\":2}","ch":["timeDilation","variance"],"best":0}
C f8800 {"st":"playing","w":3,"sc":5700,"hp":99140.5,"p":[776.632,327.546,220,0,-2.528],"e":[[730.864,295.192,106.72,94.5],[730.853,295.232,150.72,94.5],[730.866,295.183,140.72,94.5],[730.859,295.21,140.72,94.5],[730.867,295.179,77.04,94.5],[730.861,295.199,150.72,94.5],[730.858,295.213,128.72,94.5],[730.858,295.212,74.72,94.5],[730.861,295.203,51.421,94.5],[730.851,295.24,140.72,94.5],[730.855,295.241,94.32,94.5],[730.864,295.191,150.72,94.5],[730.865,295.185,150.72,94.5],[730.854,295.239,140.72,94.5],[730.86,295.206,150.72,94.5],[730.851,295.239,150.72,94.5],[730.831,295.322,41.421,94.5],[730.859,295.212,114.32,94.5],[730.871,295.16,104.32,94.5]],"b":[],"pop":[10,12],"par":0,"own":"{\"compound\":2,\"timeDilation\":2}","ch":["timeDilation","variance"],"best":0}
C f8820 {"st":"playing","w":3,"sc":5700,"hp":99140.5,"p":[849.965,327.546,220,0,-2.883],"e":[[736.998,297.66,92.32,94.5],[736.989,297.698,150.72,94.5],[737,297.652,140.72,94.5],[736.994,297.678,140.72,94.5],[737.001,297.649,77.04,94.5],[736.995,297.667,150.72,94.5],[736.994,297.68,128.72,94.5],[736.993,297.679,74.72,94.5],[736.996,297.671,51.421,94.5],[736.987,297.705,140.72,94.5],[736.991,297.706,94.32,94.5],[736.999,297.659,150.72,94.5],[737,297.654,150.72,94.5],[736.99,297.704,140.72,94.5],[736.995,297.674,150.72,94.5],[736.987,297.705,150.72,94.5],[736.969,297.781,41.421,94.5],[736.994,297.679,114.32,94.5],[737.005,297.631,104.32,94.5]],"b":[],"pop":[12,14],"par":0,"own":"{\"compound\":2,\"timeDilation\":2}","ch":["timeDilation","variance"],"best":0}
C f8840 {"st":"playing","w":3,"sc":5700,"hp":99140.5,"p":[923.299,327.546,220,0,-2.988],"e":[[765.993,303.23,92.32,94.5],[765.985,303.261,150.72,94.5],[765.994,303.224,140.72,94.5],[765.989,303.245,140.72,94.5],[765.995,303.221,77.04,94.5],[765.99,303.236,150.72,94.5],[765.989,303.246,128.72,94.5],[765.988,303.246,74.72,94.5],[765.991,303.239,51.421,94.5],[765.983,303.267,140.72,94.5],[765.987,303.268,94.32,94.5],[765.993,303.23,150.72,94.5],[765.994,303.225,150.72,94.5],[765.986,303.266,140.72,94.5],[765.99,303.242,150.72,94.5],[765.983,303.267,150.72,94.5],[765.968,303.329,41.421,94.5],[765.989,303.246,114.32,94.5],[765.998,303.207,104.32,94.5]],"b":[[864.636,319.222]],"pop":[14],"par":0,"own":"{\"compound\":2,\"timeDilation\":2}","ch":["timeDilation","variance"],"best":0}
C f8850 draw 1ab905db
C f8860 {"st":"playing","w":3,"sc":5700,"hp":99140.5,"p":[942,342.212,0,146.667,-2.91],"e":[[799.427,308.589,75.04,94.5],[799.42,308.613,150.72,94.5],[799.429,308.583,140.72,94.5],[799.424,308.6,140.72,94.5],[799.429,308.581,77.04,94.5],[799.425,308.593,150.72,94.5],[799.424,308.601,128.72,94.5],[799.423,308.601,74.72,94.5],[799.425,308.596,51.421,94.5],[799.419,308.618,140.72,94.5],[799.423,308.619,94.32,94.5],[799.427,308.588,150.72,94.5],[799.428,308.585,150.72,94.5],[799.422,308.618,140.72,94.5],[799.425,308.598,150.72,94.5],[799.419,308.618,150.72,94.5],[799.405,308.668,41.421,94.5],[799.424,308.601,114.32,94.5],[799.432,308.57,104.32,94.5]],"b":[],"pop":[14,17],"par":0,"own":"{\"compound\":2,\"timeDilation\":2}","ch":["timeDilation","variance"],"best":0}
C f8880 {"st":"playing","w":3,"sc":5700,"hp":99140.5,"p":[942,412.768,0,220,-2.471],"e":[[829.783,323.723,54.304,94.5],[829.778,323.743,150.72,94.5],[829.784,323.719,140.72,94.5],[829.781,323.732,140.72,94.5],[829.784,323.717,77.04,94.5],[829.781,323.726,150.72,94.5],[829.78,323.733,128.72,94.5],[829.779,323.733,74.72,94.5],[829.781,323.729,51.421,94.5],[829.777,323.747,140.72,94.5],[829.781,323.748,94.32,94.5],[829.783,323.723,150.72,94.5],[829.783,323.72,150.72,94.5],[829.78,323.747,140.72,94.5],[829.781,323.73,150.72,94.5],[829.777,323.747,150.72,94.5],[829.768,323.787,41.421,94.5],[829.781,323.733,114.32,94.5],[829.785,323.708,104.32,94.5]],"b":[],"pop":[17,21],"par":0,"own":"{\"compound\":2,\"timeDilation\":2}","ch":["timeDilation","variance"],"best":0}
C f8900 {"st":"playing","w":3,"sc":5700,"hp":99140.5,"p":[942,486.101,0,220,-2.152],"e":[[852.448,349.608,29.421,94.5],[852.445,349.626,150.72,94.5],[852.448,349.605,140.72,94.5],[852.447,349.617,140.72,94.5],[852.448,349.603,77.04,94.5],[852.446,349.611,150.72,94.5],[852.446,349.618,128.72,94.5],[852.446,349.617,74.72,94.5],[852.447,349.613,51.421,94.5],[852.445,349.629,140.72,94.5],[852.449,349.631,94.32,94.5],[852.448,349.608,150.72,94.5],[852.448,349.606,150.72,94.5],[852.447,349.63,140.72,94.5],[852.447,349.615,150.72,94.5],[852.445,349.629,150.72,94.5],[852.441,349.665,41.421,94.5],[852.447,349.618,114.32,94.5],[852.448,349.595,104.32,94.5]],"b":[],"pop":[21,25],"par":0,"own":"{\"compound\":2,\"timeDilation\":2}","ch":["timeDilation","variance"],"best":0}
C f8920 {"st":"playing","w":3,"sc":5700,"hp":99140.5,"p":[942,522,0,0,-2.046],"e":[[869.081,380.26,29.421,94.5],[869.08,380.277,150.72,94.5],[869.081,380.257,140.72,94.5],[869.08,380.268,140.72,94.5],[869.081,380.255,77.04,94.5],[869.079,380.263,150.72,94.5],[869.08,380.269,128.72,94.5],[869.08,380.269,74.72,94.5],[869.08,380.265,51.421,94.5],[869.08,380.28,140.72,94.5],[869.083,380.282,94.32,94.5],[869.081,380.26,150.72,94.5],[869.08,380.258,150.72,94.5],[869.082,380.281,140.72,94.5],[869.08,380.267,150.72,94.5],[869.08,380.28,150.72,94.5],[869.079,380.314,41.421,94.5],[869.081,380.269,114.32,94.5],[869.08,380.247,104.32,94.5]],"b":[[899.899,440.198]],"pop":[25],"par":0,"own":"{\"compound\":2,\"timeDilation\":2}","ch":["timeDilation","variance"],"best":0}
C f8940 {"st":"playing","w":3,"sc":6000,"hp":99140.5,"p":[914.37,522,-155.563,0,-1.849],"e":[[881.8,408.089,150.72,94.5],[881.799,408.069,140.72,94.5],[881.8,408.08,140.72,94.5],[881.799,408.068,77.04,94.5],[881.799,408.075,150.72,94.5],[881.8,408.081,128.72,94.5],[881.799,408.08,74.72,94.5],[881.8,408.077,51.421,94.5],[881.8,408.092,140.72,94.5],[881.803,408.094,94.32,94.5],[881.799,408.072,150.72,94.5],[881.799,408.07,150.72,94.5],[881.802,408.092,140.72,94.5],[881.8,408.079,150.72,94.5],[881.8,408.092,150.72,94.5],[881.802,408.124,41.421,94.5],[881.8,408.081,114.32,94.5],[881.798,408.06,104.32,94.5]],"b":[[903.216,472.634]],"pop":[25,30],"par":10,"own":"{\"compound\":2,\"timeDilation\":2}","ch":["timeDilation","variance"],"best":0}
C f8960 {"st":"playing","w":3,"sc":6000,"hp":99140.5,"p":[862.515,522,-155.563,0,-1.363],"e":[[882.423,427.628,140.72,94.5],[882.422,427.608,140.72,94.5],[882.422,427.619,140.72,94.5],[882.422,427.607,77.04,94.5],[882.421,427.614,150.72,94.5],[882.422,427.62,128.72,94.5],[882.422,427.62,74.72,94.5],[882.422,427.616,51.421,94.5],[882.423,427.631,140.72,94.5],[882.425,427.633,94.32,94.5],[882.422,427.612,150.72,94.5],[882.422,427.609,150.72,94.5],[882.424,427.632,140.72,94.5],[882.422,427.618,150.72,94.5],[882.423,427.631,150.72,94.5],[882.425,427.664,41.421,94.5],[882.423,427.62,114.32,94.5],[882.421,427.599,104.32,94.5]],"b":[],"pop":[30,10],"par":0,"own":"{\"compound\":2,\"timeDilation\":2}","ch":["timeDilation","variance"],"best":0}
C f8980 {"st":"playing","w":3,"sc":6000,"hp":99140.5,"p":[810.661,522,-155.563,0,-0.885],"e":[[873.481,445.242,128.72,94.5],[873.482,445.224,140.72,94.5],[873.481,445.234,140.72,94.5],[873.482,445.222,77.04,94.5],[873.481,445.229,150.72,94.5],[873.481,445.235,128.72,94.5],[873.481,445.234,74.72,94.5],[873.481,445.231,51.421,94.5],[873.481,445.245,140.72,94.5],[873.483,445.247,94.32,94.5],[873.482,445.227,150.72,94.5],[873.482,445.224,150.72,94.5],[873.482,445.246,140.72,94.5],[873.481,445.233,150.72,94.5],[873.481,445.245,150.72,94.5],[873.48,445.276,41.421,94.5],[873.481,445.235,114.32,94.5],[873.482,445.215,104.32,94.5]],"b":[],"pop":[10,12],"par":0,"own":"{\"compound\":2,\"timeDilation\":2}","ch":["timeDilation","variance"],"best":0}
C f9000 {"st":"playing","w":3,"sc":6000,"hp":99140.5,"p":[759.028,521.778,-142.23,-13.333,-0.569],"e":[[858.07,458.338,114.32,94.5],[858.072,458.321,140.72,94.5],[858.071,458.33,140.72,94.5],[858.073,458.32,77.04,94.5],[858.071,458.326,150.72,94.5],[858.071,458.331,128.72,94.5],[858.071,458.331,74.72,94.5],[858.072,458.328,51.421,94.5],[858.07,458.34,140.72,94.5],[858.071,458.342,94.32,94.5],[858.072,458.324,150.72,94.5],[858.072,458.322,150.72,94.5],[858.071,458.341,140.72,94.5],[858.071,458.329,150.72,94.5],[858.07,458.34,150.72,94.5],[858.066,458.369,41.421,94.5],[858.071,458.331,114.32,94.5],[858.073,458.313,104.32,94.5]],"b":[],"pop":[12,14],"par":0,"own":"{\"compound\":2,\"timeDilation\":2}","ch":["timeDilation","variance"],"best":0}
C f9000 draw 6d08b2cf
C f9020 {"st":"playing","w":3,"sc":6000,"hp":99140.5,"p":[747.546,473.444,0,-220,-0.079],"e":[[841.599,465.989,97.04,94.5],[841.602,465.974,140.72,94.5],[841.6,465.982,140.72,94.5],[841.602,465.973,77.04,94.5],[841.6,465.978,150.72,94.5],[841.6,465.983,128.72,94.5],[841.6,465.982,74.72,94.5],[841.601,465.98,51.421,94.5],[841.598,465.991,140.72,94.5],[841.6,465.992,94.32,94.5],[841.601,465.976,150.72,94.5],[841.602,465.974,150.72,94.5],[841.599,465.991,140.72,94.5],[841.6,465.981,150.72,94.5],[841.598,465.991,150.72,94.5],[841.593,466.016,41.421,94.5],[841.6,465.983,114.32,94.5],[841.603,465.967,104.32,94.5]],"b":[],"pop":[14,17],"par":0,"own":"{\"compound\":2,\"timeDilation\":2}","ch":["timeDilation","variance"],"best":0}
C f9040 {"st":"playing","w":3,"sc":6000,"hp":99140.5,"p":[747.546,400.111,0,-220,0.63],"e":[[834.708,463.744,97.04,94.5],[834.711,463.73,140.72,94.5],[834.709,463.738,140.72,94.5],[834.711,463.729,77.04,94.5],[834.71,463.735,150.72,94.5],[834.709,463.739,128.72,94.5],[834.709,463.738,74.72,94.5],[834.71,463.736,51.421,94.5],[834.708,463.746,140.72,94.5],[834.709,463.747,94.32,94.5],[834.71,463.733,150.72,94.5],[834.711,463.731,150.72,94.5],[834.709,463.747,140.72,94.5],[834.71,463.737,150.72,94.5],[834.708,463.746,150.72,94.5],[834.703,463.77,41.421,94.5],[834.709,463.739,114.32,94.5],[834.712,463.724,104.32,94.5]],"b":[[791.223,435.664]],"pop":[14,17],"par":0,"own":"{\"compound\":2,\"timeDilation\":2}","ch":["timeDilation","variance"],"best":0}
C f9060 {"st":"playing","w":3,"sc":6000,"hp":99140.5,"p":[747.546,326.778,0,-220,1.018],"e":[[821.128,445.949,76.304,94.5],[821.13,445.936,140.72,94.5],[821.129,445.943,140.72,94.5],[821.13,445.935,77.04,94.5],[821.129,445.94,150.72,94.5],[821.129,445.944,128.72,94.5],[821.128,445.943,74.72,94.5],[821.129,445.941,51.421,94.5],[821.128,445.951,140.72,94.5],[821.129,445.952,94.32,94.5],[821.129,445.938,150.72,94.5],[821.129,445.936,150.72,94.5],[821.129,445.951,140.72,94.5],[821.129,445.942,150.72,94.5],[821.128,445.951,150.72,94.5],[821.125,445.972,41.421,94.5],[821.129,445.944,114.32,94.5],[821.13,445.93,104.32,94.5]],"b":[],"pop":[17,21],"par":0,"own":"{\"compound\":2,\"timeDilation\":2}","ch":["timeDilation","variance"],"best":0}
C f9080 {"st":"playing","w":3,"sc":6000,"hp":99140.5,"p":[747.546,258.111,0,-140,1.212],"e":[[805.178,411.797,51.421,94.5],[805.178,411.785,140.72,94.5],[805.178,411.792,140.72,94.5],[805.178,411.784,77.04,94.5],[805.177,411.788,150.72,94.5],[805.178,411.792,128.72,94.5],[805.177,411.792,74.72,94.5],[805.178,411.79,51.421,94.5],[805.178,411.799,140.72,94.5],[805.179,411.8,94.32,94.5],[805.178,411.787,150.72,94.5],[805.178,411.785,150.72,94.5],[805.178,411.799,140.72,94.5],[805.178,411.791,150.72,94.5],[805.178,411.799,150.72,94.5],[805.177,411.819,41.421,94.5],[805.178,411.792,114.32,94.5],[805.178,411.779,104.32,94.5]],"b":[],"pop":[21,25],"par":0,"own":"{\"compound\":2,\"timeDilation\":2}","ch":["timeDilation","variance"],"best":0}
C f9100 {"st":"playing","w":3,"sc":6000,"hp":99140.5,"p":[747.546,247,0,0,1.235],"e":[[792.501,375.841,21.561,94.5],[792.5,375.829,140.72,94.5],[792.5,375.836,140.72,94.5],[792.5,375.828,77.04,94.5],[792.5,375.833,150.72,94.5],[792.5,375.836,128.72,94.5],[792.5,375.836,74.72,94.5],[792.5,375.834,51.421,94.5],[792.501,375.843,140.72,94.5],[792.502,375.844,94.32,94.5],[792.5,375.831,150.72,94.5],[792.5,375.829,150.72,94.5],[792.501,375.843,140.72,94.5],[792.5,375.835,150.72,94.5],[792.501,375.843,150.72,94.5],[792.502,375.863,41.421,94.5],[792.501,375.836,114.32,94.5],[792.499,375.823,104.32,94.5]],"b":[],"pop":[25,30],"par":0,"own":"{\"compound\":2,\"timeDilation\":2}","ch":["timeDilation","variance"],"best":0}
C f9120 {"st":"playing","w":3,"sc":6300,"hp":99140.5,"p":[747.546,247,0,0,1.235],"e":[[779.815,339.475,140.72,94.5],[779.815,339.482,140.72,94.5],[779.814,339.475,77.04,94.5],[779.815,339.479,150.72,94.5],[779.815,339.482,128.72,94.5],[779.815,339.482,74.72,94.5],[779.815,339.48,51.421,94.5],[779.816,339.489,140.72,94.5],[779.817,339.49,94.32,94.5],[779.815,339.477,150.72,94.5],[779.815,339.476,150.72,94.5],[779.817,339.489,140.72,94.5],[779.815,339.481,150.72,94.5],[779.816,339.489,150.72,94.5],[779.819,339.508,41.421,94.5],[779.816,339.482,114.32,94.5],[779.814,339.47,104.32,94.5]],"b":[],"pop":[30,36],"par":7,"own":"{\"compound\":2,\"timeDilation\":2}","ch":["timeDilation","variance"],"best":0}
C f9140 {"st":"playing","w":3,"sc":6300,"hp":99140.5,"p":[747.546,247,0,0,1.235],"e":[[767.003,302.762,130.72,94.5],[767.005,302.768,140.72,94.5],[767.003,302.761,77.04,94.5],[767.004,302.765,150.72,94.5],[767.005,302.769,128.72,94.5],[767.005,302.768,74.72,94.5],[767.004,302.766,51.421,94.5],[767.006,302.775,140.72,94.5],[767.007,302.776,94.32,94.5],[767.004,302.764,150.72,94.5],[767.004,302.762,150.72,94.5],[767.007,302.775,140.72,94.5],[767.005,302.767,150.72,94.5],[767.006,302.775,150.72,94.5],[767.01,302.794,41.421,94.5],[767.005,302.769,114.32,94.5],[767.002,302.756,104.32,94.5]],"b":[],"pop":[30,36,10],"par":7,"own":"{\"compound\":2,\"timeDilation\":2}","ch":["timeDilation","variance"],"best":0}
C f9150 draw ac958257
C f9160 {"st":"playing","w":3,"sc":6300,"hp":99107.5,"p":[762.212,232.333,146.667,-146.667,1.676],"e":[[758.086,271.56,130.72,94.5],[758.087,271.566,140.72,94.5],[758.085,271.559,77.04,94.5],[758.086,271.563,150.72,94.5],[758.087,271.567,128.72,94.5],[758.087,271.566,74.72,94.5],[758.087,271.564,51.421,94.5],[758.089,271.573,140.72,94.5],[758.089,271.574,94.32,94.5],[758.086,271.562,150.72,94.5],[758.086,271.56,150.72,94.5],[758.089,271.573,140.72,94.5],[758.087,271.565,150.72,94.5],[758.089,271.573,150.72,94.5],[758.093,271.591,41.421,94.5],[758.087,271.567,114.32,94.5],[758.084,271.554,104.32,94.5]],"b":[],"pop":[36,10],"par":0,"own":"{\"compound\":2,\"timeDilation\":2}","ch":["timeDilation","variance"],"best":0}
C f9180 {"st":"playing","w":3,"sc":6300,"hp":99107.5,"p":[814.067,180.479,155.563,-155.563,2.133],"e":[[761.281,264.361,118.72,94.5],[761.282,264.367,140.72,94.5],[761.281,264.36,77.04,94.5],[761.282,264.364,150.72,94.5],[761.282,264.367,128.72,94.5],[761.282,264.367,74.72,94.5],[761.282,264.365,51.421,94.5],[761.283,264.373,140.72,94.5],[761.284,264.375,94.32,94.5],[761.281,264.362,150.72,94.5],[761.281,264.361,150.72,94.5],[761.284,264.374,140.72,94.5],[761.282,264.366,150.72,94.5],[761.283,264.373,150.72,94.5],[761.287,264.391,41.421,94.5],[761.282,264.367,114.32,94.5],[761.28,264.355,104.32,94.5]],"b":[],"pop":[10,12],"par":0,"own":"{\"compound\":2,\"timeDilation\":2}","ch":["timeDilation","variance"],"best":0}
C f9200 {"st":"playing","w":3,"sc":6300,"hp":99107.5,"p":[865.921,128.624,155.563,-155.563,2.231],"e":[[776.527,243.713,104.32,94.5],[776.527,243.718,140.72,94.5],[776.527,243.712,77.04,94.5],[776.527,243.716,150.72,94.5],[776.527,243.719,128.72,94.5],[776.527,243.719,74.72,94.5],[776.527,243.717,51.421,94.5],[776.528,243.724,140.72,94.5],[776.528,243.726,94.32,94.5],[776.527,243.714,150.72,94.5],[776.527,243.713,150.72,94.5],[776.528,243.725,140.72,94.5],[776.527,243.718,150.72,94.5],[776.528,243.724,150.72,94.5],[776.529,243.741,41.421,94.5],[776.527,243.719,114.32,94.5],[776.526,243.708,104.32,94.5]],"b":[],"pop":[12,14],"par":0,"own":"{\"compound\":2,\"timeDilation\":2}","ch":["timeDilation","variance"],"best":0}
C f9220 {"st":"playing","w":3,"sc":6300,"hp":99107.5,"p":[917.776,76.77,155.563,-155.563,2.277],"e":[[802.168,212.435,104.32,94.5],[802.167,212.44,140.72,94.5],[802.168,212.434,77.04,94.5],[802.167,212.438,150.72,94.5],[802.167,212.44,128.72,94.5],[802.167,212.44,74.72,94.5],[802.167,212.439,51.421,94.5],[802.167,212.445,140.72,94.5],[802.167,212.447,94.32,94.5],[802.167,212.436,150.72,94.5],[802.168,212.435,150.72,94.5],[802.167,212.446,140.72,94.5],[802.167,212.439,150.72,94.5],[802.167,212.445,150.72,94.5],[802.167,212.461,41.421,94.5],[802.167,212.44,114.32,94.5],[802.168,212.431,104.32,94.5]],"b":[[840.847,165.693]],"pop":[14],"par":0,"own":"{\"compound\":2,\"timeDilation\":2}","ch":["timeDilation","variance"],"best":0}
C f9240 {"st":"playing","w":3,"sc":6300,"hp":99107.5,"p":[939.408,52.546,-57.77,0,2.279],"e":[[828.946,181.589,87.04,94.5],[828.945,181.594,140.72,94.5],[828.946,181.588,77.04,94.5],[828.946,181.592,150.72,94.5],[828.945,181.594,128.72,94.5],[828.945,181.594,74.72,94.5],[828.945,181.593,51.421,94.5],[828.945,181.599,140.72,94.5],[828.945,181.6,94.32,94.5],[828.946,181.59,150.72,94.5],[828.946,181.589,150.72,94.5],[828.945,181.599,140.72,94.5],[828.945,181.593,150.72,94.5],[828.945,181.599,150.72,94.5],[828.943,181.613,41.421,94.5],[828.945,181.594,114.32,94.5],[828.947,181.585,104.32,94.5]],"b":[[907.003,91.796]],"pop":[14,17],"par":0,"own":"{\"compound\":2,\"timeDilation\":2}","ch":["timeDilation","variance"],"best":0}
C f9260 {"st":"playing","w":3,"sc":6300,"hp":99107.5,"p":[881.187,52.546,-220,0,1.898],"e":[[845.075,158.81,66.304,94.5],[845.074,158.814,140.72,94.5],[845.075,158.809,77.04,94.5],[845.074,158.812,150.72,94.5],[845.074,158.814,128.72,94.5],[845.074,158.814,74.72,94.5],[845.074,158.813,51.421,94.5],[845.073,158.819,140.72,94.5],[845.073,158.82,94.32,94.5],[845.075,158.811,150.72,94.5],[845.075,158.81,150.72,94.5],[845.073,158.819,140.72,94.5],[845.074,158.813,150.72,94.5],[845.073,158.819,150.72,94.5],[845.07,158.832,41.421,94.5],[845.074,158.814,114.32,94.5],[845.076,158.806,104.32,94.5]],"b":[],"pop":[17,21],"par":0,"own":"{\"compound\":2,\"timeDilation\":2}","ch":["timeDilation","variance"],"best":0}
C f9280 {"st":"playing","w":3,"sc":6300,"hp":99107.5,"p":[807.854,52.546,-220,0,1.21],"e":[[844.823,150.65,41.421,94.5],[844.822,150.654,140.72,94.5],[844.823,150.649,77.04,94.5],[844.823,150.652,150.72,94.5],[844.822,150.655,128.72,94.5],[844.822,150.654,74.72,94.5],[844.822,150.653,51.421,94.5],[844.821,150.659,140.72,94.5],[844.821,150.66,94.32,94.5],[844.823,150.651,150.72,94.5],[844.823,150.65,150.72,94.5],[844.821,150.659,140.72,94.5],[844.822,150.654,150.72,94.5],[844.821,150.659,150.72,94.5],[844.819,150.672,41.421,94.5],[844.822,150.655,114.32,94.5],[844.824,150.646,104.32,94.5]],"b":[],"pop":[21,25],"par":0,"own":"{\"compound\":2,\"timeDilation\":2}","ch":["timeDilation","variance"],"best":0}
C f9300 {"st":"playing","w":3,"sc":6300,"hp":99107.5,"p":[734.743,52.768,-206.667,13.333,0.713],"e":[[833.624,138.246,11.561,94.5],[833.623,138.25,140.72,94.5],[833.624,138.245,77.04,94.5],[833.624,138.248,150.72,94.5],[833.623,138.25,128.72,94.5],[833.623,138.25,74.72,94.5],[833.623,138.249,51.421,94.5],[833.623,138.254,140.72,94.5],[833.623,138.255,94.32,94.5],[833.624,138.247,150.72,94.5],[833.624,138.246,150.72,94.5],[833.623,138.255,140.72,94.5],[833.623,138.25,150.72,94.5],[833.623,138.254,150.72,94.5],[833.621,138.267,41.421,94.5],[833.623,138.25,114.32,94.5],[833.624,138.242,104.32,94.5]],"b":[],"pop":[25,30],"par":0,"own":"{\"compound\":2,\"timeDilation\":2}","ch":["timeDilation","variance"],"best":0}
C f9300 draw 1a42d3b0
C f9320 {"st":"playing","w":3,"sc":6300,"hp":99107.5,"p":[709.743,101.101,0,220,0.239],"e":[[816,126.952,11.561,94.5],[815.999,126.956,140.72,94.5],[816,126.951,77.04,94.5],[816,126.954,150.72,94.5],[815.999,126.956,128.72,94.5],[815.999,126.956,74.72,94.5],[816,126.955,51.421,94.5],[815.999,126.959,140.72,94.5],[815.999,126.96,94.32,94.5],[816,126.953,150.72,94.5],[816,126.952,150.72,94.5],[815.999,126.96,140.72,94.5],[815.999,126.955,150.72,94.5],[815.999,126.959,150.72,94.5],[815.998,126.97,41.421,94.5],[815.999,126.956,114.32,94.5],[816,126.949,104.32,94.5]],"b":[[793.158,115.626]],"pop":[30],"par":0,"own":"{\"compound\":2,\"timeDilation\":2}","ch":["timeDilation","variance"],"best":0}
C f9340 {"st":"playing","w":3,"sc":6600,"hp":99107.5,"p":[709.743,174.435,0,220,-0.443],"e":[[807.651,127.991,140.72,94.5],[807.651,127.987,77.04,94.5],[807.651,127.989,150.72,94.5],[807.651,127.991,128.72,94.5],[807.651,127.991,74.72,94.5],[807.651,127.99,51.421,94.5],[807.65,127.995,140.72,94.5],[807.65,127.995,94.32,94.5],[807.651,127.989,150.72,94.5],[807.651,127.988,150.72,94.5],[807.65,127.995,140.72,94.5],[807.651,127.991,150.72,94.5],[807.65,127.995,150.72,94.5],[807.649,128.005,41.421,94.5],[807.651,127.991,114.32,94.5],[807.651,127.985,104.32,94.5]],"b":[[758.028,147.798]],"pop":[30,36],"par":9,"own":"{\"compound\":2,\"timeDilation\":2}","ch":["timeDilation","variance"],"best":0}
C f9360 {"st":"playing","w":3,"sc":6600,"hp":99107.5,"p":[709.743,247.768,0,220,-0.902],"e":[[791.826,143.909,130.72,94.5],[791.827,143.905,77.04,94.5],[791.827,143.907,150.72,94.5],[791.826,143.909,128.72,94.5],[791.826,143.909,74.72,94.5],[791.827,143.908,51.421,94.5],[791.826,143.912,140.72,94.5],[791.826,143.912,94.32,94.5],[791.827,143.906,150.72,94.5],[791.827,143.906,150.72,94.5],[791.826,143.912,140.72,94.5],[791.827,143.908,150.72,94.5],[791.826,143.912,150.72,94.5],[791.824,143.921,41.421,94.5],[791.826,143.909,114.32,94.5],[791.827,143.903,104.32,94.5]],"b":[],"pop":[36,10],"par":0,"own":"{\"compound\":2,\"timeDilation\":2}","ch":["timeDilation","variance"],"best":0}
C f9380 {"st":"playing","w":3,"sc":6600,"hp":99107.5,"p":[709.743,316.435,0,140,-1.15],"e":[[770.082,181.76,118.72,94.5],[770.082,181.757,77.04,94.5],[770.082,181.759,150.72,94.5],[770.081,181.761,128.72,94.5],[770.081,181.761,74.72,94.5],[770.082,181.76,51.421,94.5],[770.081,181.764,140.72,94.5],[770.081,181.764,94.32,94.5],[770.082,181.758,150.72,94.5],[770.082,181.758,150.72,94.5],[770.081,181.764,140.72,94.5],[770.082,181.76,150.72,94.5],[770.081,181.764,150.72,94.5],[770.078,181.773,41.421,94.5],[770.081,181.761,114.32,94.5],[770.083,181.755,104.32,94.5]],"b":[],"pop":[10,12],"par":0,"own":"{\"compound\":2,\"timeDilation\":2}","ch":["timeDilation","variance"],"best":0}
C f9400 {"st":"playing","w":3,"sc":6600,"hp":99107.5,"p":[709.743,327.546,0,0,-1.18],"e":[[753.055,222.546,104.32,94.5],[753.056,222.543,77.04,94.5],[753.055,222.545,150.72,94.5],[753.055,222.546,128.72,94.5],[753.055,222.546,74.72,94.5],[753.055,222.545,51.421,94.5],[753.054,222.549,140.72,94.5],[753.054,222.55,94.32,94.5],[753.055,222.544,150.72,94.5],[753.055,222.543,150.72,94.5],[753.054,222.55,140.72,94.5],[753.055,222.546,150.72,94.5],[753.054,222.549,150.72,94.5],[753.051,222.558,41.421,94.5],[753.055,222.546,114.32,94.5],[753.056,222.541,104.32,94.5]],"b":[],"pop":[12,14],"par":0,"own":"{\"compound\":2,\"timeDilation\":2}","ch":["timeDilation","variance"],"best":0}
C f9420 {"st":"playing","w":3,"sc":6600,"hp":99107.5,"p":[709.743,327.546,0,0,-1.18],"e":[[736.034,263.809,87.04,94.5],[736.035,263.806,77.04,94.5],[736.034,263.808,150.72,94.5],[736.034,263.81,128.72,94.5],[736.034,263.81,74.72,94.5],[736.034,263.809,51.421,94.5],[736.033,263.813,140.72,94.5],[736.033,263.813,94.32,94.5],[736.035,263.807,150.72,94.5],[736.035,263.807,150.72,94.5],[736.033,263.813,140.72,94.5],[736.034,263.809,150.72,94.5],[736.033,263.813,150.72,94.5],[736.03,263.821,41.421,94.5],[736.034,263.81,114.32,94.5],[736.036,263.804,104.32,94.5]],"b":[],"pop":[14,17],"par":0,"own":"{\"compound\":2,\"timeDilation\":2}","ch":["timeDilation","variance"],"best":0}
C f9440 {"st":"playing","w":3,"sc":6600,"hp":99074.5,"p":[709.743,327.546,0,0,-1.18],"e":[[718.844,305.481,66.304,94.5],[718.846,305.478,77.04,94.5],[718.845,305.48,150.72,94.5],[718.844,305.482,128.72,94.5],[718.844,305.481,74.72,94.5],[718.845,305.481,51.421,94.5],[718.843,305.484,140.72,94.5],[718.843,305.485,94.32,94.5],[718.845,305.479,150.72,94.5],[718.845,305.479,150.72,94.5],[718.843,305.485,140.72,94.5],[718.845,305.481,150.72,94.5],[718.843,305.484,150.72,94.5],[718.84,305.493,41.421,94.5],[718.844,305.482,114.32,94.5],[718.846,305.476,104.32,94.5]],"b":[],"pop":[14,17,21],"par":0,"own":"{\"compound\":2,\"timeDilation\":2}","ch":["timeDilation","variance"],"best":0}
C f9450 draw c939b91d
C f9460 {"st":"playing","w":3,"sc":6600,"hp":99074.5,"p":[724.41,327.546,146.667,0,-3.138],"e":[[723.198,327.541,66.304,94.5],[723.198,327.541,77.04,94.5],[723.198,327.541,150.72,94.5],[723.198,327.541,128.72,94.5],[723.198,327.541,74.72,94.5],[723.198,327.541,51.421,94.5],[723.199,327.541,140.72,94.5],[723.199,327.541,94.32,94.5],[723.198,327.541,150.72,94.5],[723.198,327.541,150.72,94.5],[723.199,327.541,140.72,94.5],[723.198,327.541,150.72,94.5],[723.199,327.541,150.72,94.5],[723.2,327.541,41.421,94.5],[723.198,327.541,114.32,94.5],[723.197,327.541,104.32,94.5]],"b":[],"pop":[17,21],"par":0,"own":"{\"compound\":2,\"timeDilation\":2}","ch":["timeDilation","variance"],"best":0}
C f9480 {"st":"playing","w":3,"sc":6600,"hp":99074.5,"p":[794.965,327.546,220,0,-3.142],"e":[[733.521,327.544,66.304,94.5],[733.521,327.544,77.04,94.5],[733.521,327.544,150.72,94.5],[733.521,327.544,128.72,94.5],[733.521,327.544,74.72,94.5],[733.521,327.544,51.421,94.5],[733.522,327.544,140.72,94.5],[733.522,327.544,94.32,94.5],[733.521,327.544,150.72,94.5],[733.521,327.544,150.72,94.5],[733.522,327.544,140.72,94.5],[733.521,327.544,150.72,94.5],[733.522,327.544,150.72,94.5],[733.523,327.544,41.421,94.5],[733.521,327.544,114.32,94.5],[733.52,327.544,104.32,94.5]],"b":[[561.076,327.492]],"pop":[21],"par":0,"own":"{\"compound\":2,\"timeDilation\":2}","ch":["timeDilation","variance"],"best":0}
C f9500 {"st":"playing","w":3,"sc":6600,"hp":99074.5,"p":[868.299,327.546,220,0,-3.142],"e":[[742.807,327.544,41.421,94.5],[742.807,327.544,77.04,94.5],[742.807,327.544,150.72,94.5],[742.807,327.544,128.72,94.5],[742.807,327.544,74.72,94.5],[742.807,327.544,51.421,94.5],[742.808,327.544,140.72,94.5],[742.808,327.544,94.32,94.5],[742.807,327.544,150.72,94.5],[742.807,327.544,150.72,94.5],[742.808,327.544,140.72,94.5],[742.807,327.544,150.72,94.5],[742.808,327.544,150.72,94.5],[742.809,327.544,41.421,94.5],[742.807,327.544,114.32,94.5],[742.806,327.544,104.32,94.5]],"b":[[401.076,327.442]],"pop":[25],"par":0,"own":"{\"compound\":2,\"timeDilation\":2}","ch":["timeDilation","variance"],"best":0}
C f9520 {"st":"playing","w":3,"sc":6600,"hp":99074.5,"p":[941.632,327.546,220,0,-3.142],"e":[[787.83,327.544,41.421,94.5],[787.83,327.544,77.04,94.5],[787.83,327.544,150.72,94.5],[787.83,327.544,128.72,94.5],[787.83,327.544,74.72,94.5],[787.83,327.544,51.421,94.5],[787.831,327.544,140.72,94.5],[787.831,327.544,94.32,94.5],[787.83,327.544,150.72,94.5],[787.83,327.544,150.72,94.5],[787.831,327.544,140.72,94.5],[787.83,327.544,150.72,94.5],[787.831,327.544,150.72,94.5],[787.832,327.544,41.421,94.5],[787.83,327.544,114.32,94.5],[787.83,327.544,104.32,94.5]],"b":[[241.076,327.392],[823.965,327.545]],"pop":[25],"par":0,"own":"{\"compound\":2,\"timeDilation\":2}","ch":["timeDilation","variance"],"best":0}
C f9540 {"st":"playing","w":3,"sc":6600,"hp":99074.5,"p":[942,357.768,0,213.333,-2.902],"e":[[824.179,329.045,11.561,94.5],[824.179,329.045,77.04,94.5],[824.179,329.045,150.72,94.5],[824.179,329.045,128.72,94.5],[824.179,329.045,74.72,94.5],[824.179,329.045,51.421,94.5],[824.18,329.045,140.72,94.5],[824.18,329.045,94.32,94.5],[824.179,329.045,150.72,94.5],[824.179,329.045,150.72,94.5],[824.18,329.045,140.72,94.5],[824.179,329.045,150.72,94.5],[824.18,329.045,150.72,94.5],[824.181,329.045,41.421,94.5],[824.179,329.045,114.32,94.5],[824.178,329.045,104.32,94.5]],"b":[[81.076,327.342],[890.874,341.387]],"pop":[30],"par":0,"own":"{\"compound\":2,\"timeDilation\":2}","ch":["timeDilation","variance"],"best":0}
C f9560 {"st":"playing","w":3,"sc":6900,"hp":99074.5,"p":[942,431.101,0,220,-2.402],"e":[[846.313,343.87,77.04,94.5],[846.313,343.87,150.72,94.5],[846.314,343.87,128.72,94.5],[846.314,343.87,74.72,94.5],[846.314,343.87,51.421,94.5],[846.314,343.87,140.72,94.5],[846.314,343.87,94.32,94.5],[846.313,343.87,150.72,94.5],[846.313,343.87,150.72,94.5],[846.314,343.87,140.72,94.5],[846.314,343.87,150.72,94.5],[846.314,343.87,150.72,94.5],[846.315,343.871,41.421,94.5],[846.314,343.87,114.32,94.5],[846.313,343.87,104.32,94.5]],"b":[],"pop":[30,36],"par":7,"own":"{\"compound\":2,\"timeDilation\":2}","ch":["timeDilation","variance"],"best":0}
C f9580 {"st":"playing","w":3,"sc":6900,"hp":99074.5,"p":[942,504.435,0,220,-2.072],"e":[[875.173,382.328,67.04,94.5],[875.174,382.328,150.72,94.5],[875.174,382.328,128.72,94.5],[875.174,382.328,74.72,94.5],[875.174,382.328,51.421,94.5],[875.174,382.328,140.72,94.5],[875.174,382.328,94.32,94.5],[875.174,382.328,150.72,94.5],[875.174,382.328,150.72,94.5],[875.174,382.328,140.72,94.5],[875.174,382.328,150.72,94.5],[875.174,382.328,150.72,94.5],[875.175,382.329,41.421,94.5],[875.174,382.328,114.32,94.5],[875.173,382.328,104.32,94.5]],"b":[],"pop":[36,10],"par":0,"own":"{\"compound\":2,\"timeDilation\":2}","ch":["timeDilation","variance"],"best":0}
C f9600 {"st":"playing","w":3,"sc":6900,"hp":99074.5,"p":[941.778,522,-13.333,0,-2.014],"e":[[896.373,426.244,55.04,94.5],[896.373,426.244,150.72,94.5],[896.373,426.244,128.72,94.5],[896.373,426.244,74.72,94.5],[896.373,426.244,51.421,94.5],[896.373,426.245,140.72,94.5],[896.373,426.245,94.32,94.5],[896.373,426.244,150.72,94.5],[896.373,426.244,150.72,94.5],[896.373,426.245,140.72,94.5],[896.373,426.244,150.72,94.5],[896.373,426.245,150.72,94.5],[896.374,426.245,41.421,94.5],[896.373,426.244,114.32,94.5],[896.373,426.244,104.32,94.5]],"b":[],"pop":[10,12],"par":0,"own":"{\"compound\":2,\"timeDilation\":2}","ch":["timeDilation","variance"],"best":0}
C f9600 draw 23081d5b
C f9620 {"st":"playing","w":3,"sc":6900,"hp":99074.5,"p":[901.406,522,-155.563,0,-1.502],"e":[[905.714,459.186,40.64,94.5],[905.715,459.186,150.72,94.5],[905.715,459.186,128.72,94.5],[905.715,459.186,74.72,94.5],[905.715,459.186,51.421,94.5],[905.715,459.186,140.72,94.5],[905.715,459.187,94.32,94.5],[905.715,459.186,150.72,94.5],[905.715,459.186,150.72,94.5],[905.715,459.186,140.72,94.5],[905.715,459.186,150.72,94.5],[905.715,459.186,150.72,94.5],[905.716,459.187,41.421,94.5],[905.715,459.186,114.32,94.5],[905.714,459.186,104.32,94.5]],"b":[],"pop":[12,14],"par":0,"own":"{\"compound\":2,\"timeDilation\":2}","ch":["timeDilation","variance"],"best":0}
C f9640 {"st":"playing","w":3,"sc":6900,"hp":99074.5,"p":[849.552,522,-155.563,0,-0.733],"e":[[892.955,482.887,23.36,94.5],[892.956,482.887,150.72,94.5],[892.956,482.887,128.72,94.5],[892.956,482.887,74.72,94.5],[892.956,482.887,51.421,94.5],[892.956,482.887,140.72,94.5],[892.956,482.887,94.32,94.5],[892.956,482.887,150.72,94.5],[892.955,482.887,150.72,94.5],[892.956,482.887,140.72,94.5],[892.956,482.887,150.72,94.5],[892.956,482.887,150.72,94.5],[892.956,482.888,41.421,94.5],[892.956,482.887,114.32,94.5],[892.955,482.887,104.32,94.5]],"b":[],"pop":[12,14,17],"par":0,"own":"{\"compound\":2,\"timeDilation\":2}","ch":["timeDilation","variance"],"best":0}
C f9660 {"st":"playing","w":3,"sc":6900,"hp":99074.5,"p":[797.697,522,-155.563,0,-0.349],"e":[[868.651,496.213,23.36,94.5],[868.651,496.213,150.72,94.5],[868.651,496.213,128.72,94.5],[868.651,496.213,74.72,94.5],[868.651,496.213,51.421,94.5],[868.651,496.213,140.72,94.5],[868.651,496.213,94.32,94.5],[868.651,496.213,150.72,94.5],[868.651,496.213,150.72,94.5],[868.651,496.213,140.72,94.5],[868.651,496.213,150.72,94.5],[868.651,496.213,150.72,94.5],[868.652,496.213,41.421,94.5],[868.651,496.213,114.32,94.5],[868.651,496.213,104.32,94.5]],"b":[],"pop":[14,17],"par":0,"own":"{\"compound\":2,\"timeDilation\":2}","ch":["timeDilation","variance"],"best":0}
C f9680 {"st":"playing","w":3,"sc":6900,"hp":99074.5,"p":[750.509,517.333,-75.563,-80,-0.153],"e":[[838.452,503.739,2.624,94.5],[838.452,503.739,150.72,94.5],[838.452,503.739,128.72,94.5],[838.452,503.739,74.72,94.5],[838.452,503.739,51.421,94.5],[838.452,503.739,140.72,94.5],[838.452,503.739,94.32,94.5],[838.452,503.739,150.72,94.5],[838.452,503.739,150.72,94.5],[838.452,503.739,140.72,94.5],[838.452,503.739,150.72,94.5],[838.452,503.739,150.72,94.5],[838.452,503.739,41.421,94.5],[838.452,503.739,114.32,94.5],[838.452,503.739,104.32,94.5]],"b":[],"pop":[17,21],"par":0,"own":"{\"compound\":2,\"timeDilation\":2}","ch":["timeDilation","variance"],"best":0}
C f9700 {"st":"playing","w":3,"sc":7200,"hp":99074.5,"p":[747.546,455.111,0,-220,0.574],"e":[[820.716,502.39,150.72,94.5],[820.716,502.39,128.72,94.5],[820.716,502.39,74.72,94.5],[820.716,502.39,51.421,94.5],[820.716,502.39,140.72,94.5],[820.716,502.39,94.32,94.5],[820.716,502.39,150.72,94.5],[820.716,502.39,150.72,94.5],[820.716,502.39,140.72,94.5],[820.716,502.39,150.72,94.5],[820.716,502.39,150.72,94.5],[820.716,502.39,41.421,94.5],[820.716,502.39,114.32,94.5],[820.716,502.39,104.32,94.5]],"b":[],"pop":[21,25],"par":7,"own":"{\"compound\":2,\"timeDilation\":2}","ch":["timeDilation","variance"],"best":0}
C f9720 {"st":"playing","w":3,"sc":7200,"hp":99074.5,"p":[747.546,381.778,0,-220,1.039],"e":[[812.917,492.864,140.72,94.5],[812.917,492.864,128.72,94.5],[812.917,492.864,74.72,94.5],[812.917,492.864,51.421,94.5],[812.917,492.864,140.72,94.5],[812.917,492.864,94.32,94.5],[812.917,492.864,150.72,94.5],[812.917,492.864,150.72,94.5],[812.917,492.864,140.72,94.5],[812.917,492.864,150.72,94.5],[812.917,492.864,150.72,94.5],[812.917,492.864,41.421,94.5],[812.917,492.864,114.32,94.5],[812.916,492.864,104.32,94.5]],"b":[],"pop":[25,10],"par":7,"own":"{\"compound\":2,\"timeDilation\":2}","ch":["timeDilation","variance"],"best":0}
C f9740 {"st":"playing","w":3,"sc":7200,"hp":99074.5,"p":[747.546,308.444,0,-220,1.255],"e":[[792.228,444.982,140.72,94.5],[792.228,444.982,128.72,94.5],[792.228,444.982,74.72,94.5],[792.228,444.982,51.421,94.5],[792.228,444.982,140.72,94.5],[792.228,444.982,94.32,94.5],[792.228,444.982,150.72,94.5],[792.228,444.982,150.72,94.5],[792.228,444.982,140.72,94.5],[792.228,444.982,150.72,94.5],[792.228,444.982,150.72,94.5],[792.228,444.983,41.421,94.5],[792.228,444.982,114.32,94.5],[792.228,444.982,104.32,94.5]],"b":[[764.518,364.93]],"pop":[10],"par":0,"own":"{\"compound\":2,\"timeDilation\":2}","ch":["timeDilation","variance"],"best":0}
C f9750 draw 80f8a65b
C f9760 {"st":"playing","w":3,"sc":7200,"hp":99074.5,"p":[747.546,249.778,0,-73.333,1.355],"e":[[779.067,393.898,128.72,94.5],[779.067,393.898,128.72,94.5],[779.067,393.898,74.72,94.5],[779.067,393.898,51.421,94.5],[779.067,393.898,140.72,94.5],[779.067,393.898,94.32,94.5],[779.067,393.898,150.72,94.5],[779.067,393.898,150.72,94.5],[779.067,393.898,140.72,94.5],[779.067,393.898,150.72,94.5],[779.067,393.898,150.72,94.5],[779.067,393.898,41.421,94.5],[779.067,393.898,114.32,94.5],[779.067,393.898,104.32,94.5]],"b":[],"pop":[10,12],"par":0,"own":"{\"compound\":2,\"timeDilation\":2}","ch":["timeDilation","variance"],"best":0}
C f9780 {"st":"playing","w":3,"sc":7200,"hp":99074.5,"p":[747.546,247,0,0,1.36],"e":[[767.877,341.788,114.32,94.5],[767.877,341.788,128.72,94.5],[767.877,341.788,74.72,94.5],[767.877,341.788,51.421,94.5],[767.877,341.788,140.72,94.5],[767.877,341.788,94.32,94.5],[767.877,341.788,150.72,94.5],[767.877,341.788,150.72,94.5],[767.877,341.788,140.72,94.5],[767.877,341.788,150.72,94.5],[767.877,341.788,150.72,94.5],[767.877,341.788,41.421,94.5],[767.877,341.788,114.32,94.5],[767.877,341.788,104.32,94.5]],"b":[],"pop":[12,14],"par":0,"own":"{\"compound\":2,\"timeDilation\":2}","ch":["timeDilation","variance"],"best":0}
C f9800 {"st":"playing","w":3,"sc":7200,"hp":99074.5,"p":[747.546,247,0,0,1.36],"e":[[756.588,289.16,97.04,94.5],[756.589,289.16,128.72,94.5],[756.589,289.16,74.72,94.5],[756.588,289.16,51.421,94.5],[756.589,289.16,140.72,94.5],[756.589,289.16,94.32,94.5],[756.588,289.16,150.72,94.5],[756.588,289.16,150.72,94.5],[756.589,289.16,140.72,94.5],[756.589,289.16,150.72,94.5],[756.589,289.16,150.72,94.5],[756.589,289.16,41.421,94.5],[756.589,289.16,114.32,94.5],[756.588,289.16,104.32,94.5]],"b":[],"pop":[14,17],"par":0,"own":"{\"compound\":2,\"timeDilation\":2}","ch":["timeDilation","variance"],"best":0}
C f9820 {"st":"playing","w":3,"sc":7200,"hp":99041.5,"p":[747.546,247,0,0,-1.782],"e":[[747.477,246.679,97.04,94.5],[747.477,246.679,128.72,94.5],[747.477,246.679,74.72,94.5],[747.477,246.679,51.421,94.5],[747.477,246.68,140.72,94.5],[747.477,246.68,94.32,94.5],[747.477,246.679,150.72,94.5],[747.477,246.679,150.72,94.5],[747.477,246.68,140.72,94.5],[747.477,246.679,150.72,94.5],[747.477,246.68,150.72,94.5],[747.477,246.68,41.421,94.5],[747.477,246.679,114.32,94.5],[747.477,246.679,104.32,94.5]],"b":[[766.84,336.954]],"pop":[17],"par":0,"own":"{\"compound\":2,\"timeDilation\":2}","ch":["timeDilation","variance"],"best":0}
C f9840 {"st":"playing","w":3,"sc":7200,"hp":99008.5,"p":[775.176,219.37,155.563,-155.563,2.356],"e":[[758.343,236.203,76.304,94.5],[758.343,236.203,128.72,94.5],[758.343,236.203,74.72,94.5],[758.343,236.203,51.421,94.5],[758.343,236.203,140.72,94.5],[758.343,236.203,94.32,94.5],[758.343,236.203,150.72,94.5],[758.343,236.203,150.72,94.5],[758.343,236.203,140.72,94.5],[758.343,236.203,150.72,94.5],[758.343,236.203,150.72,94.5],[758.343,236.203,41.421,94.5],[758.343,236.203,114.32,94.5],[758.343,236.203,104.32,94.5]],"b":[[800.395,493.396]],"pop":[21],"par":0,"own":"{\"compound\":2,\"timeDilation\":2}","ch":["timeDilation","variance"],"best":0}
C f9860 {"st":"playing","w":3,"sc":7200,"hp":99008.5,"p":[827.03,167.515,155.563,-155.563,2.356],"e":[[766.183,228.363,76.304,94.5],[766.183,228.362,128.72,94.5],[766.183,228.362,74.72,94.5],[766.183,228.362,51.421,94.5],[766.183,228.362,140.72,94.5],[766.183,228.362,94.32,94.5],[766.183,228.363,150.72,94.5],[766.183,228.363,150.72,94.5],[766.183,228.362,140.72,94.5],[766.183,228.362,150.72,94.5],[766.183,228.362,150.72,94.5],[766.184,228.362,41.421,94.5],[766.183,228.362,114.32,94.5],[766.183,228.363,104.32,94.5]],"b":[],"pop":[21],"par":0,"own":"{\"compound\":2,\"timeDilation\":2}","ch":["timeDilation","variance"],"best":0}
C f9880 {"st":"playing","w":3,"sc":7200,"hp":99008.5,"p":[878.885,115.661,155.563,-155.563,2.356],"e":[[785.222,209.324,51.421,94.5],[785.222,209.324,128.72,94.5],[785.222,209.324,74.72,94.5],[785.222,209.324,51.421,94.5],[785.222,209.324,140.72,94.5],[785.222,209.323,94.32,94.5],[785.222,209.324,150.72,94.5],[785.222,209.324,150.72,94.5],[785.222,209.324,140.72,94.5],[785.222,209.324,150.72,94.5],[785.222,209.324,150.72,94.5],[785.223,209.323,41.421,94.5],[785.222,209.324,114.32,94.5],[785.222,209.324,104.32,94.5]],"b":[],"pop":[21,25],"par":0,"own":"{\"compound\":2,\"timeDilation\":2}","ch":["timeDilation","variance"],"best":0}
C f9900 {"st":"playing","w":3,"sc":7200,"hp":99008.5,"p":[930.517,64.028,142.23,-142.23,2.356],"e":[[825.204,169.341,21.561,94.5],[825.204,169.341,128.72,94.5],[825.204,169.341,74.72,94.5],[825.204,169.341,51.421,94.5],[825.204,169.341,140.72,94.5],[825.205,169.341,94.32,94.5],[825.204,169.341,150.72,94.5],[825.204,169.341,150.72,94.5],[825.204,169.341,140.72,94.5],[825.204,169.341,150.72,94.5],[825.204,169.341,150.72,94.5],[825.205,169.341,41.421,94.5],[825.204,169.341,114.32,94.5],[825.204,169.342,104.32,94.5]],"b":[],"pop":[25,30],"par":0,"own":"{\"compound\":2,\"timeDilation\":2}","ch":["timeDilation","variance"],"best":0}
C f9900 draw 5fa5f8e1
C f9920 {"st":"playing","w":3,"sc":7500,"hp":99008.5,"p":[931.261,52.546,-124.437,0,2.288],"e":[[863.422,130.294,128.72,94.5],[863.422,130.294,74.72,94.5],[863.422,130.294,51.421,94.5],[863.422,130.294,140.72,94.5],[863.422,130.294,94.32,94.5],[863.422,130.294,150.72,94.5],[863.421,130.294,150.72,94.5],[863.422,130.294,140.72,94.5],[863.422,130.294,150.72,94.5],[863.422,130.294,150.72,94.5],[863.422,130.294,41.421,94.5],[863.422,130.294,114.32,94.5],[863.421,130.294,104.32,94.5]],"b":[],"pop":[30,36],"par":7,"own":"{\"compound\":2,\"timeDilation\":2}","ch":["timeDilation","variance"],"best":0}
C f9940 {"st":"playing","w":3,"sc":7500,"hp":99008.5,"p":[862.854,52.546,-220,0,1.467],"e":[[869.584,117.03,118.72,94.5],[869.584,117.03,74.72,94.5],[869.584,117.03,51.421,94.5],[869.584,117.03,140.72,94.5],[869.585,117.03,94.32,94.5],[869.584,117.03,150.72,94.5],[869.584,117.03,150.72,94.5],[869.584,117.03,140.72,94.5],[869.584,117.03,150.72,94.5],[869.584,117.03,150.72,94.5],[869.585,117.03,41.421,94.5],[869.584,117.03,114.32,94.5],[869.584,117.03,104.32,94.5]],"b":[],"pop":[30,36,10],"par":7,"own":"{\"compound\":2,\"timeDilation\":2}","ch":["timeDilation","variance"],"best":0}
C f9960 {"st":"playing","w":3,"sc":7500,"hp":99008.5,"p":[789.521,52.546,-220,0,0.642],"e":[[863.209,107.666,118.72,94.5],[863.209,107.666,74.72,94.5],[863.209,107.666,51.421,94.5],[863.209,107.666,140.72,94.5],[863.209,107.666,94.32,94.5],[863.209,107.666,150.72,94.5],[863.209,107.666,150.72,94.5],[863.209,107.666,140.72,94.5],[863.209,107.666,150.72,94.5],[863.209,107.666,150.72,94.5],[863.209,107.666,41.421,94.5],[863.209,107.666,114.32,94.5],[863.209,107.666,104.32,94.5]],"b":[],"pop":[36,10],"par":0,"own":"{\"compound\":2,\"timeDilation\":2}","ch":["timeDilation","variance"],"best":0}
C f9980 {"st":"playing","w":3,"sc":7500,"hp":99008.5,"p":[720.854,57.212,-140,80,0.327],"e":[[842.394,98.43,106.72,94.5],[842.394,98.43,74.72,94.5],[842.394,98.43,51.421,94.5],[842.395,98.43,140.72,94.5],[842.395,98.43,94.32,94.5],[842.394,98.43,150.72,94.5],[842.394,98.43,150.72,94.5],[842.395,98.43,140.72,94.5],[842.394,98.43,150.72,94.5],[842.395,98.43,150.72,94.5],[842.395,98.43,41.421,94.5],[842.394,98.43,114.32,94.5],[842.394,98.43,104.32,94.5]],"b":[],"pop":[10,12],"par":0,"own":"{\"compound\":2,\"timeDilation\":2}","ch":["timeDilation","variance"],"best":0}
C f10000 {"st":"playing","w":3,"sc":7500,"hp":99008.5,"p":[709.743,119.435,0,220,-0.2],"e":[[825.168,96.029,92.32,94.5],[825.168,96.029,74.72,94.5],[825.168,96.029,51.421,94.5],[825.168,96.029,140.72,94.5],[825.168,96.029,94.32,94.5],[825.168,96.029,150.72,94.5],[825.168,96.029,150.72,94.5],[825.168,96.029,140.72,94.5],[825.168,96.029,150.72,94.5],[825.168,96.029,150.72,94.5],[825.168,96.029,41.421,94.5],[825.168,96.029,114.32,94.5],[825.167,96.029,104.32,94.5]],"b":[],"pop":[12,14],"par":0,"own":"{\"compound\":2,\"timeDilation\":2}","ch":["timeDilation","variance"],"best":0}
C f10020 {"st":"playing","w":3,"sc":7500,"hp":99008.5,"p":[709.743,192.768,0,220,-0.72],"e":[[805.245,109.052,75.04,94.5],[805.245,109.052,74.72,94.5],[805.245,109.052,51.421,94.5],[805.245,109.052,140.72,94.5],[805.245,109.052,94.32,94.5],[805.245,109.052,150.72,94.5],[805.245,109.052,150.72,94.5],[805.245,109.052,140.72,94.5],[805.245,109.052,150.72,94.5],[805.245,109.052,150.72,94.5],[805.245,109.052,41.421,94.5],[805.245,109.052,114.32,94.5],[805.245,109.052,104.32,94.5]],"b":[],"pop":[14,17],"par":0,"own":"{\"compound\":2,\"timeDilation\":2}","ch":["timeDilation","variance"],"best":0}
C f10040 {"st":"playing","w":3,"sc":7500,"hp":99008.5,"p":[709.743,266.101,0,220,-1.067],"e":[[771.886,153.409,75.04,94.5],[771.886,153.409,74.72,94.5],[771.886,153.41,51.421,94.5],[771.886,153.409,140.72,94.5],[771.886,153.409,94.32,94.5],[771.886,153.41,150.72,94.5],[771.886,153.41,150.72,94.5],[771.886,153.409,140.72,94.5],[771.886,153.409,150.72,94.5],[771.886,153.409,150.72,94.5],[771.886,153.409,41.421,94.5],[771.886,153.409,114.32,94.5],[771.886,153.41,104.32,94.5]],"b":[[736.114,213.951]],"pop":[14,17],"par":0,"own":"{\"compound\":2,\"timeDilation\":2}","ch":["timeDilation","variance"],"best":0}
C f10050 draw a267cb09
C f10060 {"st":"playing","w":3,"sc":7500,"hp":99008.5,"p":[709.743,324.768,0,73.333,-1.245],"e":[[749.132,208.282,54.304,94.5],[749.132,208.282,74.72,94.5],[749.132,208.282,51.421,94.5],[749.132,208.282,140.72,94.5],[749.132,208.282,94.32,94.5],[749.132,208.282,150.72,94.5],[749.132,208.282,150.72,94.5],[749.132,208.282,140.72,94.5],[749.132,208.282,150.72,94.5],[749.132,208.282,150.72,94.5],[749.133,208.282,41.421,94.5],[749.132,208.282,114.32,94.5],[749.132,208.282,104.32,94.5]],"b":[],"pop":[17,21],"par":0,"own":"{\"compound\":2,\"timeDilation\":2}","ch":["timeDilation","variance"],"best":0}
C f10080 {"st":"playing","w":3,"sc":7500,"hp":99008.5,"p":[709.743,327.546,0,0,-1.252],"e":[[729.846,266.635,29.421,94.5],[729.846,266.635,74.72,94.5],[729.846,266.635,51.421,94.5],[729.846,266.635,140.72,94.5],[729.846,266.635,94.32,94.5],[729.846,266.635,150.72,94.5],[729.846,266.635,150.72,94.5],[729.846,266.635,140.72,94.5],[729.846,266.635,150.72,94.5],[729.846,266.635,150.72,94.5],[729.846,266.635,41.421,94.5],[729.846,266.635,114.32,94.5],[729.846,266.635,104.32,94.5]],"b":[],"pop":[21,25],"par":0,"own":"{\"compound\":2,\"timeDilation\":2}","ch":["timeDilation","variance"],"best":0}
C f10100 {"st":"playing","w":3,"sc":7800,"hp":98975.5,"p":[709.743,327.546,0,0,-1.252],"e":[[710.289,325.89,74.72,94.5],[710.289,325.89,51.421,94.5],[710.29,325.89,140.72,94.5],[710.29,325.89,94.32,94.5],[710.289,325.89,150.72,94.5],[710.289,325.89,150.72,94.5],[710.29,325.89,140.72,94.5],[710.289,325.89,150.72,94.5],[710.29,325.89,150.72,94.5],[710.29,325.89,41.421,94.5],[710.289,325.89,114.32,94.5],[710.289,325.89,104.32,94.5]],"b":[],"pop":[25,30],"par":9,"own":"{\"compound\":2,\"timeDilation\":2}","ch":["timeDilation","variance"],"best":0}
C f10120 {"st":"playing","w":3,"sc":7800,"hp":98975.5,"p":[709.743,327.546,0,0,-1.252],"e":[[710.294,325.875,74.72,94.5],[710.294,325.875,51.421,94.5],[710.294,325.875,140.72,94.5],[710.294,325.875,94.32,94.5],[710.294,325.875,150.72,94.5],[710.294,325.875,150.72,94.5],[710.294,325.875,140.72,94.5],[710.294,325.875,150.72,94.5],[710.294,325.875,150.72,94.5],[710.294,325.875,41.421,94.5],[710.294,325.875,114.32,94.5],[710.294,325.875,104.32,94.5]],"b":[[680.909,414.91]],"pop":[30],"par":0,"own":"{\"compound\":2,\"timeDilation\":2}","ch":["timeDilation","variance"],"best":0}
C f10140 {"st":"playing","w":3,"sc":7800,"hp":98942.5,"p":[739.965,327.546,213.333,0,3.141],"e":[[729.285,327.551,74.72,94.5],[729.285,327.551,51.421,94.5],[729.285,327.551,140.72,94.5],[729.285,327.551,94.32,94.5],[729.285,327.551,150.72,94.5],[729.285,327.551,150.72,94.5],[729.285,327.551,140.72,94.5],[729.285,327.551,150.72,94.5],[729.285,327.551,150.72,94.5],[729.285,327.551,41.421,94.5],[729.285,327.551,114.32,94.5],[729.285,327.551,104.32,94.5]],"b":[[681.076,327.604]],"pop":[],"par":0,"own":"{\"compound\":2,\"timeDilation\":2}","ch":["timeDilation","variance"],"best":0}
C f10160 {"st":"playing","w":3,"sc":7800,"hp":98942.5,"p":[813.299,327.546,220,0,3.142],"e":[[742.139,327.549,74.72,94.5],[742.139,327.549,51.421,94.5],[742.139,327.549,140.72,94.5],[742.139,327.549,94.32,94.5],[742.139,327.549,150.72,94.5],[742.139,327.549,150.72,94.5],[742.139,327.549,140.72,94.5],[742.139,327.549,150.72,94.5],[742.139,327.549,150.72,94.5],[742.139,327.549,41.421,94.5],[742.139,327.549,114.32,94.5],[742.139,327.549,104.32,94.5]],"b":[[521.076,327.783]],"pop":[],"par":0,"own":"{\"compound\":2,\"timeDilation\":2}","ch":["timeDilation","variance"],"best":0}
C f10180 {"st":"playing","w":3,"sc":7800,"hp":98942.5,"p":[886.632,327.546,220,0,3.142],"e":[[757.729,327.549,64.72,94.5],[757.729,327.549,51.421,94.5],[757.729,327.549,140.72,94.5],[757.729,327.549,94.32,94.5],[757.729,327.549,150.72,94.5],[757.729,327.549,150.72,94.5],[757.729,327.549,140.72,94.5],[757.729,327.549,150.72,94.5],[757.729,327.549,150.72,94.5],[757.729,327.549,41.421,94.5],[757.729,327.549,114.32,94.5],[757.729,327.549,104.32,94.5]],"b":[[361.077,327.963]],"pop":[10],"par":0,"own":"{\"compound\":2,\"timeDilation\":2}","ch":["timeDilation","variance"],"best":0}
C f10200 {"st":"playing","w":3,"sc":7800,"hp":98942.5,"p":[942,327.768,0,13.333,-3.14],"e":[[823.27,327.553,52.72,94.5],[823.27,327.553,51.421,94.5],[823.27,327.553,140.72,94.5],[823.27,327.553,94.32,94.5],[823.27,327.553,150.72,94.5],[823.27,327.553,150.72,94.5],[823.27,327.553,140.72,94.5],[823.27,327.553,150.72,94.5],[823.27,327.553,150.72,94.5],[823.27,327.553,41.421,94.5],[823.27,327.553,114.32,94.5],[823.27,327.553,104.32,94.5]],"b":[[201.077,328.142]],"pop":[10,12],"par":0,"own":"{\"compound\":2,\"timeDilation\":2}","ch":["timeDilation","variance"],"best":0}
C f10200 draw 8e4a8d2b
C f10220 {"st":"playing","w":3,"sc":7800,"hp":98942.5,"p":[942,376.101,0,220,-2.647],"e":[[859.239,331.507,38.32,94.5],[859.239,331.507,51.421,94.5],[859.239,331.507,140.72,94.5],[859.239,331.507,94.32,94.5],[859.239,331.507,150.72,94.5],[859.239,331.507,150.72,94.5],[859.239,331.507,140.72,94.5],[859.239,331.507,150.72,94.5],[859.239,331.507,150.72,94.5],[859.239,331.507,41.421,94.5],[859.239,331.507,114.32,94.5],[859.24,331.507,104.32,94.5]],"b":[[41.077,328.322]],"pop":[12,14],"par":0,"own":"{\"compound\":2,\"timeDilation\":2}","ch":["timeDilation","variance"],"best":0}
C f10240 {"st":"playing","w":3,"sc":7800,"hp":98942.5,"p":[942,449.435,0,220,-2.165],"e":[[870.164,343.047,38.32,94.5],[870.164,343.047,51.421,94.5],[870.164,343.047,140.72,94.5],[870.164,343.047,94.32,94.5],[870.164,343.047,150.72,94.5],[870.164,343.047,150.72,94.5],[870.164,343.047,140.72,94.5],[870.164,343.047,150.72,94.5],[870.164,343.047,150.72,94.5],[870.164,343.047,41.421,94.5],[870.164,343.047,114.32,94.5],[870.164,343.047,104.32,94.5]],"b":[[911.513,399.976]],"pop":[12,14],"par":0,"own":"{\"compound\":2,\"timeDilation\":2}","ch":["timeDilation","variance"],"best":0}
C f10260 {"st":"playing","w":3,"sc":7800,"hp":98942.5,"p":[942,522,0,0,-1.917],"e":[[898.377,401.214,21.04,94.5],[898.377,401.214,51.421,94.5],[898.377,401.214,140.72,94.5],[898.377,401.214,94.32,94.5],[898.377,401.215,150.72,94.5],[898.377,401.215,150.72,94.5],[898.377,401.214,140.72,94.5],[898.377,401.214,150.72,94.5],[898.377,401.214,150.72,94.5],[898.377,401.214,41.421,94.5],[898.377,401.214,114.32,94.5],[898.377,401.215,104.32,94.5]],"b":[],"pop":[14,17],"par":0,"own":"{\"compound\":2,\"timeDilation\":2}","ch":["timeDilation","variance"],"best":0}
C f10280 {"st":"playing","w":3,"sc":7800,"hp":98942.5,"p":[937.333,522,-80,0,-1.853],"e":[[920.759,464.743,0.304,94.5],[920.759,464.743,51.421,94.5],[920.759,464.743,140.72,94.5],[920.759,464.743,94.32,94.5],[920.76,464.743,150.72,94.5],[920.76,464.743,150.72,94.5],[920.759,464.743,140.72,94.5],[920.759,464.743,150.72,94.5],[920.759,464.743,150.72,94.5],[920.759,464.743,41.421,94.5],[920.759,464.743,114.32,94.5],[920.76,464.743,104.32,94.5]],"b":[],"pop":[17,21],"par":0,"own":"{\"compound\":2,\"timeDilation\":2}","ch":["timeDilation","variance"],"best":0}
C f10300 {"st":"playing","w":3,"sc":8100,"hp":98909.5,"p":[888.442,522,-155.563,0,-0.697],"e":[[911.764,502.493,51.421,94.5],[911.764,502.493,140.72,94.5],[911.764,502.493,94.32,94.5],[911.764,502.493,150.72,94.5],[911.764,502.493,150.72,94.5],[911.764,502.493,140.72,94.5],[911.764,502.493,150.72,94.5],[911.764,502.493,150.72,94.5],[911.764,502.493,41.421,94.5],[911.764,502.493,114.32,94.5],[911.764,502.493,104.32,94.5]],"b":[],"pop":[21,25],"par":9,"own":"{\"compound\":2,\"timeDilation\":2}","ch":["timeDilation","variance"],"best":0}
C f10320 {"st":"playing","w":3,"sc":8100,"hp":98909.5,"p":[836.588,522,-155.563,0,-0.165],"e":[[875.844,515.47,41.421,94.5],[875.844,515.47,140.72,94.5],[875.844,515.47,94.32,94.5],[875.844,515.47,150.72,94.5],[875.844,515.47,150.72,94.5],[875.844,515.47,140.72,94.5],[875.844,515.47,150.72,94.5],[875.844,515.47,150.72,94.5],[875.844,515.47,41.421,94.5],[875.844,515.47,114.32,94.5],[875.844,515.47,104.32,94.5]],"b":[],"pop":[25,10],"par":0,"own":"{\"compound\":2,\"timeDilation\":2}","ch":["timeDilation","variance"],"best":0}
C f10340 {"st":"playing","w":3,"sc":8100,"hp":98909.5,"p":[784.733,522,-155.563,0,-0.054],"e":[[837.062,519.145,29.421,94.5],[837.062,519.145,140.72,94.5],[837.062,519.145,94.32,94.5],[837.062,519.145,150.72,94.5],[837.062,519.145,150.72,94.5],[837.062,519.145,140.72,94.5],[837.062,519.145,150.72,94.5],[837.062,519.145,150.72,94.5],[837.062,519.145,41.421,94.5],[837.062,519.145,114.32,94.5],[837.062,519.145,104.32,94.5]],"b":[],"pop":[10,12],"par":0,"own":"{\"compound\":2,\"timeDilation\":2}","ch":["timeDilation","variance"],"best":0}
C f10350 draw fb0f57d5
C f10360 {"st":"playing","w":3,"sc":8100,"hp":98909.5,"p":[747.546,507.333,-8.897,-146.667,0.242],"e":[[790.64,517.955,29.421,94.5],[790.64,517.955,140.72,94.5],[790.64,517.955,94.32,94.5],[790.64,517.955,150.72,94.5],[790.64,517.955,150.72,94.5],[790.64,517.955,140.72,94.5],[790.64,517.955,150.72,94.5],[790.64,517.955,150.72,94.5],[790.64,517.955,41.421,94.5],[790.64,517.955,114.32,94.5],[790.64,517.955,104.32,94.5]],"b":[],"pop":[12],"par":0,"own":"{\"compound\":2,\"timeDilation\":2}","ch":["timeDilation","variance"],"best":0}
C f10380 {"st":"playing","w":3,"sc":8100,"hp":98909.5,"p":[747.546,436.778,0,-220,1.146],"e":[[779.441,507.37,15.021,94.5],[779.441,507.37,140.72,94.5],[779.441,507.37,94.32,94.5],[779.441,507.37,150.72,94.5],[779.441,507.37,150.72,94.5],[779.441,507.37,140.72,94.5],[779.441,507.37,150.72,94.5],[779.441,507.37,150.72,94.5],[779.441,507.37,41.421,94.5],[779.441,507.37,114.32,94.5],[779.441,507.37,104.32,94.5]],"b":[],"pop":[12,14],"par":0,"own":"{\"compound\":2,\"timeDilation\":2}","ch":["timeDilation","variance"],"best":0}
C f10400 {"st":"playing","w":3,"sc":8400,"hp":98909.5,"p":[747.546,363.444,0,-220,1.361],"e":[[774.077,487.851,140.72,94.5],[774.077,487.851,94.32,94.5],[774.077,487.851,150.72,94.5],[774.077,487.851,150.72,94.5],[774.077,487.851,140.72,94.5],[774.077,487.851,150.72,94.5],[774.077,487.851,150.72,94.5],[774.077,487.851,41.421,94.5],[774.077,487.851,114.32,94.5],[774.077,487.851,104.32,94.5]],"b":[],"pop":[14,17],"par":6,"own":"{\"compound\":2,\"timeDilation\":2}","ch":["timeDilation","variance"],"best":0}
C f10420 {"st":"playing","w":3,"sc":8400,"hp":98909.5,"p":[747.546,290.111,0,-220,1.452],"e":[[762.581,415.733,130.72,94.5],[762.581,415.733,94.32,94.5],[762.581,415.733,150.72,94.5],[762.581,415.733,150.72,94.5],[762.581,415.733,140.72,94.5],[762.581,415.733,150.72,94.5],[762.581,415.733,150.72,94.5],[762.581,415.733,41.421,94.5],[762.581,415.733,114.32,94.5],[762.581,415.733,104.32,94.5]],"b":[],"pop":[17,10],"par":6,"own":"{\"compound\":2,\"timeDilation\":2}","ch":["timeDilation","variance"],"best":0}
C f10440 {"st":"playing","w":3,"sc":8400,"hp":98909.5,"p":[747.546,247,0,-6.667,1.486],"e":[[756.443,351.43,130.72,94.5],[756.443,351.43,94.32,94.5],[756.443,351.43,150.72,94.5],[756.443,351.43,150.72,94.5],[756.443,351.43,140.72,94.5],[756.443,351.43,150.72,94.5],[756.443,351.43,150.72,94.5],[756.443,351.43,41.421,94.5],[756.443,351.43,114.32,94.5],[756.443,351.43,104.32,94.5]],"b":[[751.978,299.255]],"pop":[10],"par":0,"own":"{\"compound\":2,\"timeDilation\":2}","ch":["timeDilation","variance"],"best":0}
C f10460 {"st":"playing","w":3,"sc":8400,"hp":98876.5,"p":[747.546,247,0,0,1.486],"e":[[750.118,277.192,118.72,94.5],[750.118,277.192,94.32,94.5],[750.118,277.192,150.72,94.5],[750.118,277.192,150.72,94.5],[750.118,277.192,140.72,94.5],[750.118,277.192,150.72,94.5],[750.118,277.192,150.72,94.5],[750.118,277.192,41.421,94.5],[750.118,277.192,114.32,94.5],[750.118,277.192,104.32,94.5]],"b":[],"pop":[10,12],"par":0,"own":"{\"compound\":2,\"timeDilation\":2}","ch":["timeDilation","variance"],"best":0}
C f10480 {"st":"playing","w":3,"sc":8400,"hp":98876.5,"p":[747.546,247,0,0,1.486],"e":[[747.571,247.302,104.32,94.5],[747.571,247.302,94.32,94.5],[747.571,247.302,150.72,94.5],[747.571,247.302,150.72,94.5],[747.571,247.302,140.72,94.5],[747.571,247.302,150.72,94.5],[747.571,247.302,150.72,94.5],[747.571,247.302,41.421,94.5],[747.571,247.302,114.32,94.5],[747.571,247.302,104.32,94.5]],"b":[],"pop":[12,14],"par":0,"own":"{\"compound\":2,\"timeDilation\":2}","ch":["timeDilation","variance"],"best":0}
C f10500 {"st":"playing","w":3,"sc":8400,"hp":98843.5,"p":[747.768,246.778,13.333,-13.333,1.413],"e":[[747.846,247.268,104.32,94.5],[747.846,247.268,94.32,94.5],[747.846,247.268,150.72,94.5],[747.846,247.268,150.72,94.5],[747.846,247.268,140.72,94.5],[747.846,247.268,150.72,94.5],[747.846,247.268,150.72,94.5],[747.846,247.268,41.421,94.5],[747.846,247.268,114.32,94.5],[747.846,247.268,104.32,94.5]],"b":[[758.751,378.523]],"pop":[14],"par":0,"own":"{\"compound\":2,\"timeDilation\":2}","ch":["timeDilation","variance"],"best":0}
C f10500 draw f6785068
C f10520 {"st":"playing","w":3,"sc":8400,"hp":98843.5,"p":[788.14,206.406,155.563,-155.563,2.359],"e":[[762.085,232.331,87.04,94.5],[762.085,232.331,94.32,94.5],[762.085,232.331,150.72,94.5],[762.085,232.331,150.72,94.5],[762.085,232.331,140.72,94.5],[762.085,232.331,150.72,94.5],[762.085,232.331,150.72,94.5],[762.085,232.331,41.421,94.5],[762.085,232.331,114.32,94.5],[762.085,232.331,104.32,94.5]],"b":[[772.334,537.946]],"pop":[17],"par":0,"own":"{\"compound\":2,\"timeDilation\":2}","ch":["timeDilation","variance"],"best":0}
C f10540 {"st":"playing","w":3,"sc":8400,"hp":98843.5,"p":[839.994,154.552,155.563,-155.563,2.357],"e":[[773.06,221.384,87.04,94.5],[773.06,221.384,94.32,94.5],[773.06,221.384,150.72,94.5],[773.06,221.384,150.72,94.5],[773.06,221.384,140.72,94.5],[773.06,221.384,150.72,94.5],[773.06,221.384,150.72,94.5],[773.06,221.384,41.421,94.5],[773.06,221.384,114.32,94.5],[773.06,221.384,104.32,94.5]],"b":[[798.009,196.476]],"pop":[17],"par":0,"own":"{\"compound\":2,\"timeDilation\":2}","ch":["timeDilation","variance"],"best":0}
C f10560 {"st":"playing","w":3,"sc":8400,"hp":98843.5,"p":[891.849,102.697,155.563,-155.563,2.357],"e":[[801.905,192.567,66.304,94.5],[801.905,192.567,94.32,94.5],[801.905,192.567,150.72,94.5],[801.905,192.567,150.72,94.5],[801.905,192.567,140.72,94.5],[801.905,192.567,150.72,94.5],[801.905,192.567,150.72,94.5],[801.905,192.567,41.421,94.5],[801.905,192.567,114.32,94.5],[801.905,192.567,104.32,94.5]],"b":[],"pop":[21],"par":0,"own":"{\"compound\":2,\"timeDilation\":2}","ch":["timeDilation","variance"],"best":0}
C f10580 {"st":"playing","w":3,"sc":8400,"hp":98843.5,"p":[939.036,55.509,75.563,-75.563,2.356],"e":[[851.085,143.418,41.421,94.5],[851.085,143.418,94.32,94.5],[851.085,143.418,150.72,94.5],[851.085,143.418,150.72,94.5],[851.085,143.418,140.72,94.5],[851.085,143.418,150.72,94.5],[851.085,143.418,150.72,94.5],[851.085,143.418,41.421,94.5],[851.085,143.418,114.32,94.5],[851.085,143.418,104.32,94.5]],"b":[],"pop":[21,25],"par":0,"own":"{\"compound\":2,\"timeDilation\":2}","ch":["timeDilation","variance"],"best":0}
C f10600 {"st":"playing","w":3,"sc":8400,"hp":98843.5,"p":[917.558,52.546,-191.103,0,2.057],"e":[[894.514,96.113,11.561,94.5],[894.514,96.113,94.32,94.5],[894.514,96.113,150.72,94.5],[894.514,96.113,150.72,94.5],[894.514,96.113,140.72,94.5],[894.514,96.113,150.72,94.5],[894.514,96.113,150.72,94.5],[894.514,96.113,41.421,94.5],[894.514,96.113,114.32,94.5],[894.514,96.113,104.32,94.5]],"b":[],"pop":[25,30],"par":0,"own":"{\"compound\":2,\"timeDilation\":2}","ch":["timeDilation","variance"],"best":0}
C f10620 {"st":"playing","w":3,"sc":8700,"hp":98843.5,"p":[844.521,52.546,-220,0,0.588],"e":[[889.438,82.514,94.32,94.5],[889.438,82.514,150.72,94.5],[889.438,82.514,150.72,94.5],[889.438,82.514,140.72,94.5],[889.438,82.514,150.72,94.5],[889.438,82.514,150.72,94.5],[889.438,82.514,41.421,94.5],[889.438,82.514,114.32,94.5],[889.438,82.514,104.32,94.5]],"b":[],"pop":[30,36],"par":8,"own":"{\"compound\":2,\"timeDilation\":2}","ch":["timeDilation","variance"],"best":0}
C f10640 {"st":"playing","w":3,"sc":8700,"hp":98843.5,"p":[771.187,52.546,-220,0,0.232],"e":[[874.384,76.918,94.32,94.5],[874.384,76.918,150.72,94.5],[874.384,76.918,150.72,94.5],[874.384,76.918,140.72,94.5],[874.384,76.918,150.72,94.5],[874.384,76.918,150.72,94.5],[874.384,76.918,41.421,94.5],[874.384,76.918,114.32,94.5],[874.384,76.918,104.32,94.5]],"b":[[828.92,65.348]],"pop":[36],"par":8,"own":"{\"compound\":2,\"timeDilation\":2}","ch":["timeDilation","variance"],"best":0}
C f10650 draw 1deafaba
C f10660 {"st":"playing","w":3,"sc":8700,"hp":98843.5,"p":[712.521,67.212,-73.333,146.667,0.036],"e":[[836.865,71.629,84.32,94.5],[836.865,71.629,150.72,94.5],[836.865,71.629,150.72,94.5],[836.865,71.629,140.72,94.5],[836.865,71.629,150.72,94.5],[836.865,71.629,150.72,94.5],[836.865,71.629,41.421,94.5],[836.865,71.629,114.32,94.5],[836.865,71.629,104.32,94.5]],"b":[],"pop":[10],"par":0,"own":"{\"compound\":2,\"timeDilation\":2}","ch":["timeDilation","variance"],"best":0}
C f10680 {"st":"playing","w":3,"sc":8700,"hp":98843.5,"p":[709.743,137.768,0,220,-0.513],"e":[[820.286,75.559,72.32,94.5],[820.286,75.559,150.72,94.5],[820.286,75.559,150.72,94.5],[820.286,75.559,140.72,94.5],[820.286,75.559,150.72,94.5],[820.286,75.559,150.72,94.5],[820.286,75.559,41.421,94.5],[820.286,75.559,114.32,94.5],[820.286,75.559,104.32,94.5]],"b":[],"pop":[10,12],"par":0,"own":"{\"compound\":2,\"timeDilation\":2}","ch":["timeDilation","variance"],"best":0}
C f10700 {"st":"playing","w":3,"sc":8700,"hp":98843.5,"p":[709.743,211.101,0,220,-0.931],"e":[[785.7,108.971,57.92,94.5],[785.7,108.971,150.72,94.5],[785.7,108.971,150.72,94.5],[785.7,108.971,140.72,94.5],[785.7,108.971,150.72,94.5],[785.7,108.971,150.72,94.5],[785.7,108.971,41.421,94.5],[785.7,108.971,114.32,94.5],[785.7,108.971,104.32,94.5]],"b":[],"pop":[12,14],"par":0,"own":"{\"compound\":2,\"timeDilation\":2}","ch":["timeDilation","variance"],"best":0}
C f10720 {"st":"playing","w":3,"sc":8700,"hp":98843.5,"p":[709.743,284.435,0,220,-1.2],"e":[[755.815,165.953,40.64,94.5],[755.815,165.953,150.72,94.5],[755.815,165.953,150.72,94.5],[755.815,165.953,140.72,94.5],[755.815,165.953,150.72,94.5],[755.815,165.953,150.72,94.5],[755.815,165.953,41.421,94.5],[755.815,165.953,114.32,94.5],[755.815,165.953,104.32,94.5]],"b":[],"pop":[14,17],"par":0,"own":"{\"compound\":2,\"timeDilation\":2}","ch":["timeDilation","variance"],"best":0}
C f10740 {"st":"playing","w":3,"sc":8700,"hp":98843.5,"p":[709.743,327.546,0,6.667,-1.305],"e":[[736.103,230.674,40.64,94.5],[736.103,230.674,150.72,94.5],[736.103,230.674,150.72,94.5],[736.103,230.674,140.72,94.5],[736.103,230.674,150.72,94.5],[736.103,230.674,150.72,94.5],[736.103,230.674,41.421,94.5],[736.103,230.674,114.32,94.5],[736.103,230.674,104.32,94.5]],"b":[[723.451,276.941]],"pop":[14,17],"par":0,"own":"{\"compound\":2,\"timeDilation\":2}","ch":["timeDilation","variance"],"best":0}
C f10760 {"st":"playing","w":3,"sc":8700,"hp":98810.5,"p":[709.743,327.546,0,0,-1.305],"e":[[714.923,308.51,19.904,94.5],[714.923,308.51,150.72,94.5],[714.923,308.51,150.72,94.5],[714.923,308.51,140.72,94.5],[714.923,308.51,150.72,94.5],[714.923,308.51,150.72,94.5],[714.923,308.51,41.421,94.5],[714.923,308.51,114.32,94.5],[714.923,308.51,104.32,94.5]],"b":[],"pop":[17,21],"par":0,"own":"{\"compound\":2,\"timeDilation\":2}","ch":["timeDilation","variance"],"best":0}
C f10780 {"st":"playing","w":3,"sc":8700,"hp":98810.5,"p":[709.743,327.546,0,0,-1.305],"e":[[710.687,324.078,19.904,94.5],[710.687,324.078,150.72,94.5],[710.687,324.078,150.72,94.5],[710.687,324.078,140.72,94.5],[710.687,324.078,150.72,94.5],[710.687,324.078,150.72,94.5],[710.687,324.078,41.421,94.5],[710.687,324.078,114.32,94.5],[710.687,324.078,104.32,94.5]],"b":[[754.904,161.58]],"pop":[21],"par":0,"own":"{\"compound\":2,\"timeDilation\":2}","ch":["timeDilation","variance"],"best":0}
C f10800 {"st":"playing","w":3,"sc":8700,"hp":98777.5,"p":[709.965,327.546,13.333,0,-0.898],"e":[[712.134,324.823,19.904,94.5],[712.134,324.823,150.72,94.5],[712.134,324.823,150.72,94.5],[712.134,324.823,140.72,94.5],[712.134,324.823,150.72,94.5],[712.134,324.823,150.72,94.5],[712.134,324.823,41.421,94.5],[712.134,324.823,114.32,94.5],[712.134,324.823,104.32,94.5]],"b":[[796.914,7.194],[744.401,200.177]],"pop":[],"par":0,"own":"{\"compound\":2,\"timeDilation\":2}","ch":["timeDilation","variance"],"best":0}
C f10800 draw c2acafc2
C f10820 {"st":"playing","w":3,"sc":8700,"hp":98777.5,"p":[758.299,327.546,220,0,-3.141],"e":[[734.838,327.528,19.904,94.5],[734.838,327.528,150.72,94.5],[734.838,327.528,150.72,94.5],[734.838,327.528,140.72,94.5],[734.838,327.528,150.72,94.5],[734.838,327.528,150.72,94.5],[734.838,327.528,41.421,94.5],[734.838,327.528,114.32,94.5],[734.838,327.528,104.32,94.5]],"b":[[786.412,45.791],[641.079,326.897]],"pop":[],"par":0,"own":"{\"compound\":2,\"timeDilation\":2}","ch":["timeDilation","variance"],"best":0}
C f10840 {"st":"playing","w":3,"sc":8700,"hp":98777.5,"p":[831.632,327.546,220,0,-3.141],"e":[[750.972,327.533,19.904,94.5],[750.972,327.533,150.72,94.5],[750.972,327.533,150.72,94.5],[750.972,327.533,140.72,94.5],[750.972,327.533,150.72,94.5],[750.972,327.533,150.72,94.5],[750.972,327.533,41.421,94.5],[750.972,327.533,114.32,94.5],[750.972,327.533,104.32,94.5]],"b":[[481.083,325.77],[772.299,327.537]],"pop":[],"par":0,"own":"{\"compound\":2,\"timeDilation\":2}","ch":["timeDilation","variance"],"best":0}
C f10860 {"st":"playing","w":3,"sc":9000,"hp":98777.5,"p":[904.965,327.546,220,0,-3.142],"e":[[776.785,327.536,150.72,94.5],[776.785,327.536,150.72,94.5],[776.785,327.536,140.72,94.5],[776.785,327.536,150.72,94.5],[776.785,327.536,150.72,94.5],[776.785,327.536,41.421,94.5],[776.785,327.536,114.32,94.5],[776.785,327.536,104.32,94.5]],"b":[[321.087,324.643]],"pop":[25],"par":6,"own":"{\"compound\":2,\"timeDilation\":2}","ch":["timeDilation","variance"],"best":0}
C f10880 {"st":"playing","w":3,"sc":9000,"hp":98777.5,"p":[942,332.212,0,80,-3.094],"e":[[853.252,328.001,140.72,94.5],[853.252,328.001,150.72,94.5],[853.252,328.001,140.72,94.5],[853.252,328.001,150.72,94.5],[853.252,328.001,150.72,94.5],[853.252,328.001,41.421,94.5],[853.252,328.001,114.32,94.5],[853.252,328.001,104.32,94.5]],"b":[[161.091,323.515]],"pop":[25,10],"par":0,"own":"{\"compound\":2,\"timeDilation\":2}","ch":["timeDilation","variance"],"best":0}
C f10900 {"st":"playing","w":3,"sc":9000,"hp":98777.5,"p":[942,394.435,0,220,-2.377],"e":[[880.797,335.76,128.72,94.5],[880.797,335.76,150.72,94.5],[880.797,335.76,140.72,94.5],[880.797,335.76,150.72,94.5],[880.797,335.76,150.72,94.5],[880.797,335.76,41.421,94.5],[880.797,335.76,114.32,94.5],[880.797,335.76,104.32,94.5]],"b":[[1.094,322.388]],"pop":[10,12],"par":0,"own":"{\"compound\":2,\"timeDilation\":2}","ch":["timeDilation","variance"],"best":0}
C f10920 {"st":"playing","w":3,"sc":9000,"hp":98777.5,"p":[942,467.768,0,220,-1.988],"e":[[890.759,352.214,114.32,94.5],[890.759,352.214,150.72,94.5],[890.759,352.214,140.72,94.5],[890.759,352.214,150.72,94.5],[890.759,352.214,150.72,94.5],[890.759,352.214,41.421,94.5],[890.759,352.214,114.32,94.5],[890.759,352.214,104.32,94.5]],"b":[],"pop":[12,14],"par":0,"own":"{\"compound\":2,\"timeDilation\":2}","ch":["timeDilation","variance"],"best":0}
C f10940 {"st":"playing","w":3,"sc":9000,"hp":98777.5,"p":[942,522,0,0,-1.848],"e":[[912.911,419.591,114.32,94.5],[912.911,419.591,150.72,94.5],[912.911,419.591,140.72,94.5],[912.911,419.591,150.72,94.5],[912.911,419.591,150.72,94.5],[912.911,419.591,41.421,94.5],[912.911,419.591,114.32,94.5],[912.911,419.591,104.32,94.5]],"b":[[927.792,471.979]],"pop":[14],"par":0,"own":"{\"compound\":2,\"timeDilation\":2}","ch":["timeDilation","variance"],"best":0}
C f10950 draw f0b79650
C f10960 {"st":"playing","w":3,"sc":9000,"hp":98744.5,"p":[927.333,522,-146.667,0,-1.5],"e":[[929.442,492.198,97.04,94.5],[929.442,492.198,150.72,94.5],[929.442,492.198,140.72,94.5],[929.442,492.198,150.72,94.5],[929.442,492.198,150.72,94.5],[929.442,492.198,41.421,94.5],[929.442,492.198,114.32,94.5],[929.442,492.198,104.32,94.5]],"b":[],"pop":[14,17],"par":0,"own":"{\"compound\":2,\"timeDilation\":2}","ch":["timeDilation","variance"],"best":0}
C f10980 {"st":"playing","w":3,"sc":9000,"hp":98744.5,"p":[875.479,522,-155.563,0,-0.191],"e":[[896.828,517.866,76.304,94.5],[896.828,517.866,150.72,94.5],[896.828,517.866,140.72,94.5],[896.828,517.866,150.72,94.5],[896.828,517.866,150.72,94.5],[896.828,517.866,41.421,94.5],[896.828,517.866,114.32,94.5],[896.828,517.866,104.32,94.5]],"b":[],"pop":[17,21],"par":0,"own":"{\"compound\":2,\"timeDilation\":2}","ch":["timeDilation","variance"],"best":0}
C f11000 {"st":"playing","w":3,"sc":9000,"hp":98711.5,"p":[823.624,522,-155.563,0,-0.026],"e":[[852.232,521.249,51.421,94.5],[852.232,521.249,150.72,94.5],[852.232,521.249,140.72,94.5],[852.232,521.249,150.72,94.5],[852.232,521.249,150.72,94.5],[852.232,521.249,41.421,94.5],[852.232,521.249,114.32,94.5],[852.232,521.249,104.32,94.5]],"b":[],"pop":[21,25],"par":0,"own":"{\"compound\":2,\"timeDilation\":2}","ch":["timeDilation","variance"],"best":0}
C f11020 {"st":"playing","w":3,"sc":9000,"hp":98711.5,"p":[771.77,522,-155.563,0,-0.005],"e":[[807.47,521.804,21.561,94.5],[807.47,521.804,150.72,94.5],[807.47,521.804,140.72,94.5],[807.47,521.804,150.72,94.5],[807.47,521.804,150.72,94.5],[807.47,521.804,41.421,94.5],[807.47,521.804,114.32,94.5],[807.47,521.804,104.32,94.5]],"b":[],"pop":[25,30],"par":0,"own":"{\"compound\":2,\"timeDilation\":2}","ch":["timeDilation","variance"],"best":0}
C f11040 {"st":"playing","w":3,"sc":9300,"hp":98678.5,"p":[747.546,491.778,0,-213.333,0.97],"e":[[761.928,512.785,150.72,94.5],[761.928,512.785,140.72,94.5],[761.928,512.785,150.72,94.5],[761.928,512.785,150.72,94.5],[761.928,512.785,41.421,94.5],[761.928,512.785,114.32,94.5],[761.928,512.785,104.32,94.5]],"b":[],"pop":[30,36],"par":7,"own":"{\"compound\":2,\"timeDilation\":2}","ch":["timeDilation","variance"],"best":0}
C f11060 {"st":"playing","w":3,"sc":9300,"hp":98678.5,"p":[747.546,418.444,0,-220,1.441],"e":[[757.861,497.281,150.72,94.5],[757.861,497.281,140.72,94.5],[757.861,497.281,150.72,94.5],[757.861,497.281,150.72,94.5],[757.861,497.281,41.421,94.5],[757.861,497.281,114.32,94.5],[757.861,497.281,104.32,94.5]],"b":[],"pop":[36],"par":7,"own":"{\"compound\":2,\"timeDilation\":2}","ch":["timeDilation","variance"],"best":0}
C f11080 {"st":"playing","w":3,"sc":9300,"hp":98678.5,"p":[747.546,345.111,0,-220,1.506],"e":[[755.773,471.556,140.72,94.5],[755.773,471.556,140.72,94.5],[755.773,471.556,150.72,94.5],[755.773,471.556,150.72,94.5],[755.773,471.556,41.421,94.5],[755.773,471.556,114.32,94.5],[755.773,471.556,104.32,94.5]],"b":[],"pop":[36,10],"par":0,"own":"{\"compound\":2,\"timeDilation\":2}","ch":["timeDilation","variance"],"best":0}
C f11100 {"st":"playing","w":3,"sc":9300,"hp":98678.5,"p":[747.546,272,0,-206.667,1.534],"e":[[752.299,400.656,128.72,94.5],[752.299,400.656,140.72,94.5],[752.299,400.656,150.72,94.5],[752.299,400.656,150.72,94.5],[752.299,400.656,41.421,94.5],[752.299,400.656,114.32,94.5],[752.299,400.656,104.32,94.5]],"b":[],"pop":[10,12],"par":0,"own":"{\"compound\":2,\"timeDilation\":2}","ch":["timeDilation","variance"],"best":0}
C f11100 draw 5495384e
C f11120 {"st":"playing","w":3,"sc":9300,"hp":98678.5,"p":[747.546,247,0,0,1.541],"e":[[749.978,327.32,114.32,94.5],[749.978,327.32,140.72,94.5],[749.978,327.32,150.72,94.5],[749.978,327.32,150.72,94.5],[749.978,327.32,41.421,94.5],[749.978,327.32,114.32,94.5],[749.978,327.32,104.32,94.5]],"b":[],"pop":[12,14],"par":0,"own":"{\"compound\":2,\"timeDilation\":2}","ch":["timeDilation","variance"],"best":0}
C f11140 {"st":"playing","w":3,"sc":9300,"hp":98645.5,"p":[747.546,247,0,0,-1.601],"e":[[747.536,246.691,114.32,94.5],[747.536,246.691,140.72,94.5],[747.536,246.691,150.72,94.5],[747.536,246.691,150.72,94.5],[747.536,246.691,41.421,94.5],[747.536,246.691,114.32,94.5],[747.536,246.691,104.32,94.5]],"b":[[749.12,298.976]],"pop":[12,14],"par":0,"own":"{\"compound\":2,\"timeDilation\":2}","ch":["timeDilation","variance"],"best":0}
C f11160 {"st":"playing","w":3,"sc":9300,"hp":98645.5,"p":[747.546,247,0,0,-1.601],"e":[[747.536,246.691,114.32,94.5],[747.536,246.691,140.72,94.5],[747.536,246.691,150.72,94.5],[747.536,246.691,150.72,94.5],[747.536,246.691,41.421,94.5],[747.536,246.691,114.32,94.5],[747.536,246.691,104.32,94.5]],"b":[[753.962,458.903]],"pop":[14],"par":0,"own":"{\"compound\":2,\"timeDilation\":2}","ch":["timeDilation","variance"],"best":0}
C f11180 {"st":"playing","w":3,"sc":9300,"hp":98612.5,"p":[752.212,242.333,80,-80,-0.786],"e":[[753.151,241.393,114.32,94.5],[753.151,241.393,140.72,94.5],[753.151,241.393,150.72,94.5],[753.151,241.393,150.72,94.5],[753.151,241.393,41.421,94.5],[753.151,241.393,114.32,94.5],[753.151,241.393,104.32,94.5]],"b":[[752.752,418.921]],"pop":[],"par":0,"own":"{\"compound\":2,\"timeDilation\":2}","ch":["timeDilation","variance"],"best":0}
C f11200 {"st":"playing","w":3,"sc":9300,"hp":98612.5,"p":[801.103,193.442,155.563,-155.563,2.356],"e":[[767.753,226.794,114.32,94.5],[767.753,226.794,140.72,94.5],[767.753,226.794,150.72,94.5],[767.753,226.794,150.72,94.5],[767.753,226.794,41.421,94.5],[767.753,226.794,114.32,94.5],[767.753,226.794,104.32,94.5]],"b":[[676.668,317.909]],"pop":[],"par":0,"own":"{\"compound\":2,\"timeDilation\":2}","ch":["timeDilation","variance"],"best":0}
C f11220 {"st":"playing","w":3,"sc":9300,"hp":98612.5,"p":[852.958,141.588,155.563,-155.563,2.356],"e":[[779.161,215.386,97.04,94.5],[779.161,215.386,140.72,94.5],[779.161,215.386,150.72,94.5],[779.161,215.386,150.72,94.5],[779.161,215.386,41.421,94.5],[779.161,215.386,114.32,94.5],[779.161,215.386,104.32,94.5]],"b":[[563.55,431.065]],"pop":[17],"par":0,"own":"{\"compound\":2,\"timeDilation\":2}","ch":["timeDilation","variance"],"best":0}
C f11240 {"st":"playing","w":3,"sc":9300,"hp":98612.5,"p":[904.812,89.733,155.563,-155.563,2.356],"e":[[815.667,178.88,97.04,94.5],[815.667,178.88,140.72,94.5],[815.667,178.88,150.72,94.5],[815.667,178.88,150.72,94.5],[815.667,178.88,41.421,94.5],[815.667,178.88,114.32,94.5],[815.667,178.88,104.32,94.5]],"b":[[862.857,131.689]],"pop":[17],"par":0,"own":"{\"compound\":2,\"timeDilation\":2}","ch":["timeDilation","variance"],"best":0}
C f11250 draw 70ecd927
C f11260 {"st":"playing","w":3,"sc":9300,"hp":98612.5,"p":[942,52.546,8.897,-8.897,2.356],"e":[[865.158,129.389,76.304,94.5],[865.158,129.389,140.72,94.5],[865.158,129.389,150.72,94.5],[865.158,129.389,150.72,94.5],[865.158,129.389,41.421,94.5],[865.158,129.389,114.32,94.5],[865.158,129.389,104.32,94.5]],"b":[],"pop":[17,21],"par":0,"own":"{\"compound\":2,\"timeDilation\":2}","ch":["timeDilation","variance"],"best":0}
C f11280 {"st":"playing","w":3,"sc":9300,"hp":98612.5,"p":[899.521,52.546,-220,0,1.65],"e":[[896.456,91.211,51.421,94.5],[896.456,91.211,140.72,94.5],[896.456,91.211,150.72,94.5],[896.456,91.211,150.72,94.5],[896.456,91.211,41.421,94.5],[896.456,91.211,114.32,94.5],[896.456,91.211,104.32,94.5]],"b":[],"pop":[21,25],"par":0,"own":"{\"compound\":2,\"timeDilation\":2}","ch":["timeDilation","variance"],"best":0}
C f11300 {"st":"playing","w":3,"sc":9300,"hp":98612.5,"p":[826.187,52.546,-220,0,0.424],"e":[[886.491,79.765,21.561,94.5],[886.491,79.765,140.72,94.5],[886.491,79.765,150.72,94.5],[886.491,79.765,150.72,94.5],[886.491,79.765,41.421,94.5],[886.491,79.765,114.32,94.5],[886.491,79.765,104.32,94.5]],"b":[],"pop":[25,30],"par":0,"own":"{\"compound\":2,\"timeDilation\":2}","ch":["timeDilation","variance"],"best":0}
C f11320 {"st":"playing","w":3,"sc":9600,"hp":98612.5,"p":[752.854,52.546,-220,0,0.191],"e":[[870.997,75.385,140.72,94.5],[870.997,75.385,150.72,94.5],[870.997,75.385,150.72,94.5],[870.997,75.385,41.421,94.5],[870.997,75.385,114.32,94.5],[870.997,75.385,104.32,94.5]],"b":[],"pop":[30,36],"par":6,"own":"{\"compound\":2,\"timeDilation\":2}","ch":["timeDilation","variance"],"best":0}
C f11340 {"st":"playing","w":3,"sc":9600,"hp":98612.5,"p":[709.743,82.768,-6.667,213.333,-0.097],"e":[[830.239,71.062,140.72,94.5],[830.239,71.062,150.72,94.5],[830.239,71.062,150.72,94.5],[830.239,71.062,41.421,94.5],[830.239,71.062,114.32,94.5],[830.239,71.062,104.32,94.5]],"b":[[762.144,73.765]],"pop":[36],"par":6,"own":"{\"compound\":2,\"timeDilation\":2}","ch":["timeDilation","variance"],"best":0}
C f11360 {"st":"playing","w":3,"sc":9600,"hp":98612.5,"p":[709.743,156.101,0,220,-0.642],"e":[[812.867,79.022,130.72,94.5],[812.867,79.022,150.72,94.5],[812.867,79.022,150.72,94.5],[812.867,79.022,41.421,94.5],[812.867,79.022,114.32,94.5],[812.867,79.022,104.32,94.5]],"b":[],"pop":[36,10],"par":0,"own":"{\"compound\":2,\"timeDilation\":2}","ch":["timeDilation","variance"],"best":0}
C f11380 {"st":"playing","w":3,"sc":9600,"hp":98612.5,"p":[709.743,229.435,0,220,-1.018],"e":[[777.15,120.237,118.72,94.5],[777.15,120.237,150.72,94.5],[777.15,120.237,150.72,94.5],[777.15,120.237,41.421,94.5],[777.15,120.237,114.32,94.5],[777.15,120.237,104.32,94.5]],"b":[],"pop":[10,12],"par":0,"own":"{\"compound\":2,\"timeDilation\":2}","ch":["timeDilation","variance"],"best":0}
C f11400 {"st":"playing","w":3,"sc":9600,"hp":98612.5,"p":[709.743,302.546,0,206.667,-1.251],"e":[[749.655,182,104.32,94.5],[749.655,182,150.72,94.5],[749.655,182,150.72,94.5],[749.655,182,41.421,94.5],[749.655,182,114.32,94.5],[749.655,182,104.32,94.5]],"b":[],"pop":[12,14],"par":0,"own":"{\"compound\":2,\"timeDilation\":2}","ch":["timeDilation","variance"],"best":0}
C f11400 draw bb1050d6
C f11420 {"st":"playing","w":3,"sc":9600,"hp":98612.5,"p":[709.743,327.546,0,0,-1.308],"e":[[730.513,250.272,87.04,94.5],[730.513,250.272,150.72,94.5],[730.513,250.272,150.72,94.5],[730.513,250.272,41.421,94.5],[730.513,250.272,114.32,94.5],[730.513,250.272,104.32,94.5]],"b":[],"pop":[14,17],"par":0,"own":"{\"compound\":2,\"timeDilation\":2}","ch":["timeDilation","variance"],"best":0}
C f11440 {"st":"playing","w":3,"sc":9600,"hp":98579.5,"p":[709.743,327.546,0,0,1.833],"e":[[709.574,328.174,87.04,94.5],[709.574,328.174,150.72,94.5],[709.574,328.174,150.72,94.5],[709.574,328.174,41.421,94.5],[709.574,328.174,114.32,94.5],[709.574,328.174,104.32,94.5]],"b":[[723.24,277.328]],"pop":[14,17],"par":0,"own":"{\"compound\":2,\"timeDilation\":2}","ch":["timeDilation","variance"],"best":0}
C f11460 {"st":"playing","w":3,"sc":9600,"hp":98579.5,"p":[709.743,327.546,0,0,1.833],"e":[[709.574,328.174,87.04,94.5],[709.574,328.174,150.72,94.5],[709.574,328.174,150.72,94.5],[709.574,328.174,41.421,94.5],[709.574,328.174,114.32,94.5],[709.574,328.174,104.32,94.5]],"b":[[764.771,122.812]],"pop":[17],"par":0,"own":"{\"compound\":2,\"timeDilation\":2}","ch":["timeDilation","variance"],"best":0}
C f11480 {"st":"playing","w":3,"sc":9600,"hp":98546.5,"p":[714.41,327.546,80,0,0.943],"e":[[716.101,329.879,87.04,94.5],[716.101,329.879,150.72,94.5],[716.101,329.879,150.72,94.5],[716.101,329.879,41.421,94.5],[716.101,329.879,114.32,94.5],[716.101,329.879,104.32,94.5]],"b":[[754.388,161.441]],"pop":[],"par":0,"own":"{\"compound\":2,\"timeDilation\":2}","ch":["timeDilation","variance"],"best":0}
C f11500 {"st":"playing","w":3,"sc":9600,"hp":98546.5,"p":[776.632,327.546,220,0,-3.141],"e":[[738.759,327.537,87.04,94.5],[738.759,327.537,150.72,94.5],[738.759,327.537,150.72,94.5],[738.759,327.537,41.421,94.5],[738.759,327.537,114.32,94.5],[738.759,327.537,104.32,94.5]],"b":[[795.919,6.925],[601.077,327.05]],"pop":[],"par":0,"own":"{\"compound\":2,\"timeDilation\":2}","ch":["timeDilation","variance"],"best":0}
C f11520 {"st":"playing","w":3,"sc":9600,"hp":98546.5,"p":[849.965,327.546,220,0,-3.142],"e":[[754.893,327.539,66.304,94.5],[754.893,327.539,150.72,94.5],[754.893,327.539,150.72,94.5],[754.893,327.539,41.421,94.5],[754.893,327.539,114.32,94.5],[754.893,327.539,104.32,94.5]],"b":[[441.078,326.449]],"pop":[21],"par":0,"own":"{\"compound\":2,\"timeDilation\":2}","ch":["timeDilation","variance"],"best":0}
C f11540 {"st":"playing","w":3,"sc":9600,"hp":98546.5,"p":[923.299,327.546,220,0,-3.142],"e":[[796.839,327.541,66.304,94.5],[796.839,327.541,150.72,94.5],[796.839,327.541,150.72,94.5],[796.839,327.541,41.421,94.5],[796.839,327.541,114.32,94.5],[796.839,327.541,104.32,94.5]],"b":[[281.08,325.848],[863.965,327.544]],"pop":[21],"par":0,"own":"{\"compound\":2,\"timeDilation\":2}","ch":["timeDilation","variance"],"best":0}
C f11550 draw 764756e2
C f11560 {"st":"playing","w":3,"sc":9600,"hp":98546.5,"p":[942,342.212,0,146.667,-2.973],"e":[[868.271,329.658,41.421,94.5],[868.271,329.658,150.72,94.5],[868.271,329.658,150.72,94.5],[868.271,329.658,41.421,94.5],[868.271,329.658,114.32,94.5],[868.271,329.658,104.32,94.5]],"b":[[121.081,325.246]],"pop":[21,25],"par":0,"own":"{\"compound\":2,\"timeDilation\":2}","ch":["timeDilation","variance"],"best":0}
C f11580 {"st":"playing","w":3,"sc":9600,"hp":98546.5,"p":[942,412.768,0,220,-2.241],"e":[[883.354,338.777,11.561,94.5],[883.354,338.777,150.72,94.5],[883.354,338.777,150.72,94.5],[883.354,338.777,41.421,94.5],[883.354,338.777,114.32,94.5],[883.354,338.777,104.32,94.5]],"b":[],"pop":[25,30],"par":0,"own":"{\"compound\":2,\"timeDilation\":2}","ch":["timeDilation","variance"],"best":0}
C f11600 {"st":"playing","w":3,"sc":9900,"hp":98546.5,"p":[942,486.101,0,220,-1.935],"e":[[896.962,367.923,150.72,94.5],[896.962,367.923,150.72,94.5],[896.962,367.923,41.421,94.5],[896.962,367.923,114.32,94.5],[896.962,367.923,104.32,94.5]],"b":[],"pop":[30,36],"par":10,"own":"{\"compound\":2,\"timeDilation\":2}","ch":["timeDilation","variance"],"best":0}
C f11620 {"st":"playing","w":3,"sc":9900,"hp":98546.5,"p":[942,522,0,0,-1.848],"e":[[918.37,438.961,140.72,94.5],[918.37,438.961,150.72,94.5],[918.37,438.961,41.421,94.5],[918.37,438.961,114.32,94.5],[918.37,438.961,104.32,94.5]],"b":[],"pop":[36,10],"par":10,"own":"{\"compound\":2,\"timeDilation\":2}","ch":["timeDilation","variance"],"best":0}
C f11640 {"st":"playing","w":3,"sc":9900,"hp":98513.5,"p":[914.37,522,-155.563,0,-1.041],"e":[[925.713,502.618,128.72,94.5],[925.713,502.618,150.72,94.5],[925.713,502.618,41.421,94.5],[925.713,502.618,114.32,94.5],[925.713,502.618,104.32,94.5]],"b":[],"pop":[36,10,12],"par":0,"own":"{\"compound\":2,\"timeDilation\":2}","ch":["timeDilation","variance"],"best":0}
C f11660 {"st":"playing","w":3,"sc":9900,"hp":98513.5,"p":[862.515,522,-155.563,0,-0.111],"e":[[885.75,519.411,128.72,94.5],[885.75,519.411,150.72,94.5],[885.75,519.411,41.421,94.5],[885.75,519.411,114.32,94.5],[885.75,519.411,104.32,94.5]],"b":[],"pop":[10,12],"par":0,"own":"{\"compound\":2,\"timeDilation\":2}","ch":["timeDilation","variance"],"best":0}
C f11680 {"st":"playing","w":3,"sc":9900,"hp":98480.5,"p":[810.661,522,-155.563,0,-0.017],"e":[[841.046,521.477,114.32,94.5],[841.046,521.477,150.72,94.5],[841.046,521.477,41.421,94.5],[841.046,521.477,114.32,94.5],[841.046,521.477,104.32,94.5]],"b":[],"pop":[12,14],"par":0,"own":"{\"compound\":2,\"timeDilation\":2}","ch":["timeDilation","variance"],"best":0}
C f11700 {"st":"playing","w":3,"sc":9900,"hp":98480.5,"p":[759.028,521.778,-142.23,-13.333,0.002],"e":[[795.918,521.841,97.04,94.5],[795.918,521.841,150.72,94.5],[795.918,521.841,41.421,94.5],[795.918,521.841,114.32,94.5],[795.918,521.841,104.32,94.5]],"b":[],"pop":[14,17],"par":0,"own":"{\"compound\":2,\"timeDilation\":2}","ch":["timeDilation","variance"],"best":0}
C f11700 draw 6d0323ec
C f11720 {"st":"playing","w":3,"sc":9900,"hp":98447.5,"p":[747.546,473.444,0,-220,1.228],"e":[[760.265,509.122,76.304,94.5],[760.265,509.122,150.72,94.5],[760.265,509.122,41.421,94.5],[760.265,509.122,114.32,94.5],[760.265,509.122,104.32,94.5]],"b":[],"pop":[17,21],"par":0,"own":"{\"compound\":2,\"timeDilation\":2}","ch":["timeDilation","variance"],"best":0}
C f11740 {"st":"playing","w":3,"sc":9900,"hp":98447.5,"p":[747.546,400.111,0,-220,1.465],"e":[[757.402,493.275,76.304,94.5],[757.402,493.275,150.72,94.5],[757.402,493.275,41.421,94.5],[757.402,493.275,114.32,94.5],[757.402,493.275,104.32,94.5]],"b":[[753.471,459.106]],"pop":[21],"par":0,"own":"{\"compound\":2,\"timeDilation\":2}","ch":["timeDilation","variance"],"best":0}
C f11760 {"st":"playing","w":3,"sc":9900,"hp":98447.5,"p":[747.546,326.778,0,-220,1.514],"e":[[754.769,454.647,51.421,94.5],[754.769,454.647,150.72,94.5],[754.769,454.647,41.421,94.5],[754.769,454.647,114.32,94.5],[754.769,454.647,104.32,94.5]],"b":[],"pop":[25],"par":0,"own":"{\"compound\":2,\"timeDilation\":2}","ch":["timeDilation","variance"],"best":0}
C f11780 {"st":"playing","w":3,"sc":9900,"hp":98447.5,"p":[747.546,258.111,0,-140,1.538],"e":[[751.725,384.064,21.561,94.5],[751.725,384.064,150.72,94.5],[751.725,384.064,41.421,94.5],[751.725,384.064,114.32,94.5],[751.725,384.064,104.32,94.5]],"b":[],"pop":[25,30],"par":0,"own":"{\"compound\":2,\"timeDilation\":2}","ch":["timeDilation","variance"],"best":0}
C f11800 {"st":"playing","w":3,"sc":10200,"hp":98447.5,"p":[747.546,247,0,0,1.541],"e":[[749.368,307.164,150.72,94.5],[749.368,307.164,41.421,94.5],[749.368,307.164,114.32,94.5],[749.368,307.164,104.32,94.5]],"b":[],"pop":[30,36],"par":10,"own":"{\"compound\":2,\"timeDilation\":2}","ch":["timeDilation","variance"],"best":0}
C f11820 {"st":"playing","w":3,"sc":10200,"hp":98414.5,"p":[747.546,247,0,0,1.541],"e":[[747.658,250.723,150.72,94.5],[747.658,250.723,41.421,94.5],[747.658,250.723,114.32,94.5],[747.658,250.723,104.32,94.5]],"b":[[750.331,338.958]],"pop":[36],"par":10,"own":"{\"compound\":2,\"timeDilation\":2}","ch":["timeDilation","variance"],"best":0}
C f11840 {"st":"playing","w":3,"sc":10200,"hp":98414.5,"p":[747.546,247,0,0,1.541],"e":[[747.658,250.723,150.72,94.5],[747.658,250.723,41.421,94.5],[747.658,250.723,114.32,94.5],[747.658,250.723,104.32,94.5]],"b":[[755.175,498.884],[749.12,298.976]],"pop":[],"par":0,"own":"{\"compound\":2,\"timeDilation\":2}","ch":["timeDilation","variance"],"best":0}
C f11850 draw 2f5686fa
C f11860 {"st":"playing","w":3,"sc":10200,"hp":98381.5,"p":[762.212,232.333,146.667,-146.667,2.356],"e":[[759.197,235.351,150.72,94.5],[759.197,235.351,41.421,94.5],[759.197,235.351,114.32,94.5],[759.197,235.351,104.32,94.5]],"b":[[753.964,458.903]],"pop":[],"par":0,"own":"{\"compound\":2,\"timeDilation\":2}","ch":["timeDilation","variance"],"best":0}
C f11880 {"st":"playing","w":3,"sc":10200,"hp":98381.5,"p":[814.067,180.479,155.563,-155.563,2.356],"e":[[770.605,223.943,150.72,94.5],[770.605,223.943,41.421,94.5],[770.605,223.943,114.32,94.5],[770.605,223.943,104.32,94.5]],"b":[[648.383,346.192]],"pop":[],"par":0,"own":"{\"compound\":2,\"timeDilation\":2}","ch":["timeDilation","variance"],"best":0}
C f11900 {"st":"playing","w":3,"sc":10200,"hp":98381.5,"p":[865.921,128.624,155.563,-155.563,2.356],"e":[[782.012,212.534,140.72,94.5],[782.012,212.534,41.421,94.5],[782.012,212.534,114.32,94.5],[782.012,212.534,104.32,94.5]],"b":[[535.259,459.343]],"pop":[10],"par":0,"own":"{\"compound\":2,\"timeDilation\":2}","ch":["timeDilation","variance"],"best":0}
C f11920 {"st":"playing","w":3,"sc":10200,"hp":98381.5,"p":[917.776,76.77,155.563,-155.563,2.356],"e":[[827.644,166.902,128.72,94.5],[827.644,166.902,41.421,94.5],[827.644,166.902,114.32,94.5],[827.644,166.902,104.32,94.5]],"b":[],"pop":[10,12],"par":0,"own":"{\"compound\":2,\"timeDilation\":2}","ch":["timeDilation","variance"],"best":0}
C f11940 {"st":"playing","w":3,"sc":10200,"hp":98381.5,"p":[939.408,52.546,-57.77,0,2.337],"e":[[879.031,115.294,128.72,94.5],[879.031,115.294,41.421,94.5],[879.031,115.294,114.32,94.5],[879.031,115.294,104.32,94.5]],"b":[[904.569,89.541]],"pop":[12],"par":0,"own":"{\"compound\":2,\"timeDilation\":2}","ch":["timeDilation","variance"],"best":0}
C f11960 {"st":"playing","w":3,"sc":10200,"hp":98381.5,"p":[881.187,52.546,-220,0,1.177],"e":[[895.636,87.299,114.32,94.5],[895.636,87.299,41.421,94.5],[895.636,87.299,114.32,94.5],[895.636,87.299,104.32,94.5]],"b":[],"pop":[12,14],"par":0,"own":"{\"compound\":2,\"timeDilation\":2}","ch":["timeDilation","variance"],"best":0}
C f11980 {"st":"playing","w":3,"sc":10200,"hp":98381.5,"p":[807.854,52.546,-220,0,0.332],"e":[[882.725,78.325,97.04,94.5],[882.725,78.325,41.421,94.5],[882.725,78.325,114.32,94.5],[882.725,78.325,104.32,94.5]],"b":[],"pop":[14,17],"par":0,"own":"{\"compound\":2,\"timeDilation\":2}","ch":["timeDilation","variance"],"best":0}
D {}=>compound,timeDilation,variance | {"compound":2}=>timeDilation,variance | {"compound":2,"variance":2}=>timeDilation | {"compound":2,"variance":2,"timeDilation":2}=> | {"compound":1,"variance":2}=>compound,timeDilation
